Country,Year,GDP_current_US,life_expectancy_at_birth,population,CO2_emisions,access_to_electricity%,individuals_using_internet%,gini_index,human_capital_index,Happiness Score,GDP per Capita,Social Support,Healthy Life Expectancy,Freedom,Generosity,Perceptions of Corruption,Region
Afghanistan,2015,19134221744.5294,62.659,33753499.0,10057.59,71.5,8.26,,,3.575,0.31982,0.30285,0.30335,0.23414,0.3651,0.09719,Southern Asia
Afghanistan,2016,18116572399.1298,63.136,34636207.0,9294.93,97.7,11.0,,,3.36,0.38227,0.11037,0.17344,0.1643,0.31268,0.07112,Southern Asia
Afghanistan,2017,18753456506.5708,63.016,35643418.0,10022.78,97.7,13.5,,0.389,3.79399991035461,0.401477217674255,0.581543326377869,0.180746778845787,0.106179520487785,0.311870932579041,0.0611578300595284,
Afghanistan,2018,18053222734.8881,63.081,36686784.0,10972.38,93.4308776855469,16.8,,0.393489241600037,3.632,0.332,0.537,0.255,0.085,0.191,0.036,
Afghanistan,2019,18799444414.5998,63.565,37769499.0,11238.83,97.7,17.6,,,3.203,0.35,0.517,0.361,0.0,0.158,0.025,
Albania,2015,11386853113.0189,78.644,2880703.0,4797.0,99.98,56.9,32.8,,4.959,0.87867,0.80434,0.81325,0.35733,0.14272,0.06413,Central and Eastern Europe
Albania,2016,11861199830.8396,78.86,2876101.0,4573.2,99.89,59.6,33.7,,4.655,0.9553,0.50163,0.73007,0.31866,0.1684,0.05301,Central and Eastern Europe
Albania,2017,13019726211.7369,79.047,2873457.0,5403.7,99.89,62.4,33.1,0.621,4.64400005340576,0.996192753314972,0.803685247898102,0.731159746646881,0.381498634815216,0.201312944293022,0.0398642159998417,
Albania,2018,15156424015.1977,79.184,2866376.0,5316.1,100.0,65.4,30.1,0.628666281700134,4.586,0.916,0.817,0.79,0.419,0.149,0.032,
Albania,2019,15401826127.2539,79.282,2854191.0,4993.3,100.0,68.55039112,30.1,,4.719,0.947,0.848,0.874,0.383,0.178,0.027,
Algeria,2015,165979224866.131,75.622,39543154.0,156273.0,99.3561935424805,38.2,,,5.605,0.93929,1.07772,0.61766,0.28579,0.07822,0.17383,Middle East and Northern Africa
Algeria,2016,160034212126.018,75.732,40339329.0,154654.3,99.4336929321289,42.94552688,,,6.355,1.05266,0.83309,0.61804,0.21006,0.07044,0.16157,Middle East and Northern Africa
Algeria,2017,170096988531.906,75.743,41136546.0,157704.4,99.5300216674805,47.69105515,,0.523,5.87200021743774,1.09186446666718,1.1462174654007,0.617584645748138,0.233335807919502,0.0694366469979286,0.146096110343933,
Algeria,2018,174910684781.571,76.066,41927007.0,164534.1,99.6377410888672,49.03846808,,0.531993925571442,5.295,0.979,1.154,0.687,0.077,0.055,0.135,
Algeria,2019,171760275466.61,76.474,42705368.0,170582.4,99.5,58.97757455,,,5.211,1.002,1.16,0.785,0.086,0.073,0.114,
Angola,2015,90496420626.179,60.655,28127721.0,31648.9,42.0,22.0,,,4.033,0.75778,0.8604,0.16683,0.10384,0.12344,0.07122,Sub-Saharan Africa
Angola,2016,52761617225.9253,61.092,29154746.0,29520.7,41.7850341796875,23.2,,,3.866,0.84731,0.66366,0.04991,0.00589,0.12071,0.08434,Sub-Saharan Africa
Angola,2017,73690155046.555,61.68,30208628.0,25064.8,42.9062423706055,26.0,,0.361,3.79500007629395,0.858428180217743,1.10441195964813,0.0498686656355858,0.0,0.097926490008831,0.0697203353047371,
Angola,2018,79450688232.0011,62.144,31273533.0,23637.4,45.29,29.0,51.3,0.360190957784653,3.795,0.73,1.125,0.269,0.0,0.079,0.061,
Argentina,2015,594749285413.212,76.76,43131966.0,185550.0,99.6890335083008,68.04306411,,,6.574,1.05351,1.24823,0.78723,0.44974,0.11451,0.08484,Latin America and Caribbean
Argentina,2016,557532320662.955,76.308,43590368.0,183158.7,99.8997421264648,70.96898082,42.3,,6.65,1.15137,1.06612,0.69711,0.42284,0.10989,0.07296,Latin America and Caribbean
Argentina,2017,643628393281.364,76.833,44044811.0,179267.3,100.0,74.29490687,41.4,0.611,6.59899997711182,1.18529546260834,1.44045114517212,0.695137083530426,0.494519203901291,0.109457060694695,0.059739887714386,
Argentina,2018,524819892360.176,76.999,44494502.0,176894.6,99.9937362670898,77.7,41.7,0.61736673116684,6.388,1.073,1.468,0.744,0.57,0.062,0.054,
Argentina,2019,447754683615.225,77.284,44938712.0,168162.0,100.0,79.94695203,43.3,,6.086,1.092,1.432,0.881,0.471,0.066,0.05,
Armenia,2015,10553337518.414,74.436,2878595.0,5343.4,100.0,59.10083377,32.4,,4.35,0.76821,0.77711,0.7299,0.19847,0.07855,0.039,Central and Eastern Europe
Armenia,2016,10546136235.5219,74.664,2865835.0,5066.7,99.8,64.34602977,32.5,,4.36,0.86086,0.62477,0.64083,0.14037,0.07793,0.03616,Central and Eastern Europe
Armenia,2017,11527458709.0158,74.906,2851923.0,5371.3,99.7,64.74488433,33.6,0.572,4.37599992752075,0.900596737861633,1.00748372077942,0.637524425983429,0.198303267359734,0.0834880918264389,0.0266744215041399,
Armenia,2018,12457940694.7395,75.064,2836557.0,5712.2,99.9,68.24505226,34.4,0.58172595500946,4.321,0.816,0.99,0.666,0.26,0.077,0.028,
Armenia,2019,13619290539.2116,75.439,2820602.0,6195.6,100.0,66.54394969,30.0,,4.559,0.85,1.055,0.815,0.283,0.095,0.064,
Australia,2015,1351768945139.11,82.4,23815995.0,385782.4,100.0,84.56051491,,,7.284,1.33358,1.30923,0.93156,0.65124,0.43562,0.35637,Australia and New Zealand
Australia,2016,1207580901578.72,82.4487804878049,24190907.0,394803.6,100.0,86.54,33.7,,7.313,1.44443,1.10476,0.8512,0.56837,0.47407,0.32331,Australia and New Zealand
Australia,2017,1326882104817.0,82.5,24592588.0,397149.4,100.0,86.54504885,,0.803,7.28399991989136,1.484414935112,1.51004195213318,0.84388679265976,0.601607382297516,0.477699249982834,0.301183730363846,
Australia,2018,1429733668185.91,82.7487804878049,24963258.0,396059.9,100.0,90.0,34.3,0.780833959579468,7.272,1.34,1.573,0.91,0.647,0.361,0.302,
Australia,2019,1394671325960.57,82.9,25334826.0,395199.1,100.0,93.60991916,,,7.228,1.372,1.548,1.036,0.557,0.332,0.29,
Austria,2015,381971148530.543,81.190243902439,8642699.0,63254.7,100.0,83.94014193,30.5,,7.2,1.33723,1.29704,0.89042,0.62433,0.33088,0.18676,Western Europe
Austria,2016,395837353031.499,81.6414634146342,8736668.0,63697.1,100.0,84.32374257,30.8,,7.119,1.45038,1.08383,0.80565,0.54355,0.32865,0.21348,Western Europe
Austria,2017,417261151844.977,81.6439024390244,8797566.0,65867.7,100.0,87.93558659,29.7,0.793,7.00600004196167,1.48709726333618,1.4599449634552,0.815328419208527,0.567766189575195,0.316472321748734,0.221060365438461,
Austria,2018,454991174096.102,81.6926829268293,8840521.0,63131.4,100.0,87.47913723,30.8,0.768673121929169,7.139,1.341,1.504,0.891,0.617,0.242,0.224,
Austria,2019,444596155845.254,81.8951219512195,8879920.0,64497.8,100.0,87.75220479,30.2,,7.246,1.376,1.475,1.016,0.532,0.244,0.226,
Azerbaijan,2015,53076235354.746,71.451,9649341.0,31773.3,100.0,77.0,,,5.212,1.02389,0.93793,0.64045,0.3703,0.07799,0.16065,Central and Eastern Europe
Azerbaijan,2016,37866996882.9157,72.004,9757812.0,32239.4,100.0,78.2,,,5.291,1.12373,0.76042,0.54504,0.35327,0.0564,0.17914,Central and Eastern Europe
Azerbaijan,2017,40866627351.9817,72.248,9854033.0,31957.0,100.0,79.0,,0.597,5.23400020599365,1.15360176563263,1.15240025520325,0.540775775909424,0.398155838251114,0.0452693402767181,0.180987507104874,
Azerbaijan,2018,47112470051.7701,72.76,9939771.0,32728.1,100.0,79.79999549,,0.62931215763092,5.201,1.024,1.161,0.603,0.43,0.031,0.176,
Azerbaijan,2019,48174235294.1176,73.102,10024283.0,35521.0,100.0,81.09999907,,,5.208,1.043,1.147,0.769,0.351,0.035,0.182,
Bahrain,2015,31050638297.8723,79.405,1362142.0,30492.4,100.0,93.4783008,,,5.96,1.32376,1.21624,0.74716,0.45492,0.17362,0.306,Middle East and Northern Africa
Bahrain,2016,32234973404.2553,79.557,1409661.0,30301.1,100.0,97.9999807,,,6.218,1.44024,0.94397,0.65696,0.47375,0.17147,0.25772,Middle East and Northern Africa
Bahrain,2017,35473776595.7447,79.689,1456834.0,30514.9,100.0,95.87813575,,0.668,6.08699989318848,1.48841226100922,1.32311046123505,0.653133034706116,0.536746919155121,0.172668486833572,0.257042169570923,
Bahrain,2018,37802005319.1489,79.857,1487340.0,30844.4,100.0,98.64467258,,0.663898766040802,6.105,1.338,1.366,0.698,0.594,0.243,0.123,
Bahrain,2019,38653318085.1064,80.019,1494188.0,32966.8,100.0,99.70150438,,,6.199,1.362,1.368,0.871,0.536,0.255,0.11,
Bangladesh,2015,195078573252.202,70.491,157830000.0,73156.9,74.0024719238281,12.9,,,4.694,0.39753,0.43106,0.60164,0.4082,0.21222,0.12569,Southern Asia
Bangladesh,2016,265236390328.627,71.09,159784568.0,81128.9,75.92,18.1,32.4,,4.643,0.54177,0.24749,0.52989,0.39778,0.19132,0.12583,Southern Asia
Bangladesh,2017,293754781336.0,71.788,161793964.0,87658.0,88.0,19.8,,0.479,4.60799980163574,0.586682975292206,0.735131740570068,0.533241033554077,0.478356659412384,0.172255352139473,0.123717859387398,
Bangladesh,2018,321379127909.353,72.567,163683958.0,95944.6,86.915283203125,23.44,,0.458553284406662,4.5,0.532,0.85,0.579,0.58,0.153,0.144,
Bangladesh,2019,351238399005.451,72.806,165516222.0,92645.0,92.2,27.76,,,4.456,0.562,0.928,0.723,0.527,0.166,0.143,
Belarus,2015,56454889146.6088,73.6243902439025,9461076.0,54871.3,97.3732833862305,62.23036091,25.6,,5.813,1.03192,1.23289,0.73608,0.37938,0.11046,0.1909,Central and Eastern Europe
Belarus,2016,47723545321.259,73.8268292682927,9469379.0,55201.4,98.0430068969727,71.11304576,25.3,,5.802,1.13062,1.04993,0.63104,0.29091,0.13942,0.17457,Central and Eastern Europe
Belarus,2017,54725302249.8088,74.1292682926829,9458989.0,56247.0,98.7420120239258,74.43644541,25.4,,5.56899976730347,1.15655755996704,1.44494521617889,0.637714266777039,0.295400261878967,0.15513750910759,0.156313821673393,
Belarus,2018,60031173807.7196,74.1756097560976,9438785.0,59271.6,99.348762512207,79.12988669,25.2,,5.483,1.039,1.498,0.7,0.307,0.101,0.154,
Belarus,2019,64410122847.3508,74.2268292682927,9419758.0,57681.2,100.0,82.78915209,25.3,,5.323,1.067,1.465,0.789,0.235,0.094,0.142,
Belgium,2015,462335574841.484,80.9926829268293,11274196.0,95096.0,100.0,85.05294175,27.7,,6.937,1.30782,1.28566,0.89667,0.5845,0.2225,0.2254,Western Europe
Belgium,2016,476062757356.927,81.4390243902439,11331422.0,94171.6,100.0,86.51647666,27.6,,6.929,1.42539,1.05249,0.81959,0.51354,0.2424,0.26248,Western Europe
Belgium,2017,502764720556.354,81.4926829268293,11375158.0,92587.4,100.0,87.67968082,27.4,0.757,6.89099979400635,1.46378076076508,1.46231269836426,0.818091869354248,0.539770722389221,0.231503337621689,0.251343131065369,
Belgium,2018,543299066998.902,81.5951219512195,11427054.0,93523.2,100.0,88.647343,27.2,0.762759745121002,6.927,1.324,1.483,0.894,0.583,0.188,0.24,
Belgium,2019,535865804349.803,81.9951219512195,11488980.0,92989.4,100.0,90.27542801,27.2,,6.923,1.356,1.504,0.986,0.473,0.16,0.21,
Belize,2016,2240593542.9757,73.399,367313.0,651.3,93.2606887817383,44.57574032,,,5.956,0.87616,0.68655,0.45569,0.51231,0.23684,0.10771,Latin America and Caribbean
Belize,2017,2266664817.08822,73.562,374693.0,643.1,94.1503295898438,47.0826258,,,5.95599985122681,0.907975316047668,1.08141779899597,0.450191766023636,0.547509372234344,0.240015640854836,0.0965810716152191,
Belize,2018,2292787335.62452,73.703,382066.0,630.0,91.72,49.8,,,5.956,0.807,1.101,0.474,0.593,0.183,0.089,
Benin,2015,11388160997.1089,59.377,10932783.0,5505.6,29.62,11.25498791,47.8,,3.34,0.28665,0.35386,0.3191,0.4845,0.1826,0.0801,Sub-Saharan Africa
Benin,2016,11821065852.1271,59.539,11260085.0,6739.0,37.0262756347656,14.5,,,3.484,0.39499,0.10419,0.21028,0.39747,0.2018,0.06681,Sub-Saharan Africa
Benin,2017,12701655845.9612,59.856,11596779.0,6876.2,34.5,18.7,,0.406,3.65700006484985,0.431085407733917,0.435299843549728,0.209930211305618,0.425962775945663,0.207948461174965,0.0609290152788162,
Benin,2018,14262408079.7014,60.14,11940683.0,7604.0,39.0094223022461,19.0,37.9,0.396950334310532,4.141,0.378,0.372,0.24,0.44,0.163,0.067,
Benin,2019,14390708756.988,60.454,12290444.0,7475.5,39.9980926513672,22.41593843,,,4.883,0.393,0.437,0.397,0.349,0.175,0.082,
Bhutan,2015,2003596838.78013,70.343,743274.0,1042.1,95.3597640991211,39.8,,,5.253,0.77042,1.10395,0.57407,0.53206,0.47998,0.15445,Southern Asia
Bhutan,2016,2158971711.31564,70.602,749761.0,1228.4,99.3227767944336,46.5,,,5.196,0.8527,0.90836,0.49759,0.46074,0.48546,0.1616,Southern Asia
Bhutan,2017,2591358114.48376,70.847,756121.0,1309.5,97.7,54.3,37.4,,5.01100015640259,0.885416388511658,1.34012651443481,0.495879292488098,0.501537680625916,0.474054545164108,0.173380389809608,
Bhutan,2018,2583335723.83252,71.129,762096.0,1454.3,99.9576721191406,63.5,,,5.082,0.796,1.335,0.527,0.541,0.364,0.171,
Bhutan,2019,2735683408.71698,71.391,767459.0,1433.0,100.0,74.17944255,,,5.082,0.813,1.321,0.604,0.457,0.37,0.167,
Bolivia,2015,33000198248.9146,67.318,11090085.0,20002.9,91.522822,37.49,46.7,,5.89,0.68133,0.97841,0.5392,0.57414,0.20536,0.088,Latin America and Caribbean
Bolivia,2016,33941126193.9219,67.628,11263015.0,21328.7,91.8,39.6975146,45.2,,5.822,0.79422,0.83779,0.4697,0.50961,0.21698,0.07746,Latin America and Caribbean
Bolivia,2017,37508642170.767,67.701,11435533.0,21628.2,91.8,43.83227607,44.6,,5.82299995422363,0.833756566047668,1.22761905193329,0.473630249500275,0.558732926845551,0.22556072473526,0.0604777261614799,
Bolivia,2018,40287647930.5355,67.748,11606905.0,21881.2,92.8,44.2861422,42.6,,5.752,0.751,1.223,0.508,0.606,0.141,0.054,
Bolivia,2019,40895322850.9407,67.841,11777315.0,21828.8,95.08,47.47481911,41.6,,5.779,0.776,1.209,0.706,0.511,0.137,0.064,
Bosnia and Herzegovina,2015,16404348871.4437,76.182,3524324.0,19629.0,99.7,52.6,,,4.949,0.83223,0.91916,0.79081,0.09245,0.24808,0.00227,Central and Eastern Europe
Bosnia and Herzegovina,2016,17116926327.6247,76.808,3480986.0,22356.6,99.996711730957,60.25653543,,,5.163,0.93383,0.64367,0.70766,0.09511,0.29889,0.0,Central and Eastern Europe
Bosnia and Herzegovina,2017,18326373366.1105,76.935,3440027.0,22692.7,100.0,64.89202051,,0.618,5.18200016021729,0.982409417629242,1.0693359375,0.705186307430267,0.204403176903725,0.328867495059967,0.0,
Bosnia and Herzegovina,2018,20484053868.9246,77.093,3400129.0,22615.8,100.0,70.12013504,,0.619265019893646,5.129,0.915,1.078,0.758,0.28,0.216,0.0,
Bosnia and Herzegovina,2019,20482608755.379,77.241,3360711.0,21124.3,100.0,69.94634763,,,5.386,0.945,1.212,0.845,0.212,0.263,0.006,
Botswana,2015,13530748844.505,63.818,2305171.0,6949.712,62.13,37.31205037,53.3,,4.332,0.99355,1.10464,0.04776,0.49495,0.10461,0.12474,Sub-Saharan Africa
Botswana,2016,15082636722.902,65.464,2352416.0,6629.312,64.2029647827148,39.36299738,,,3.974,1.09426,0.89186,0.34752,0.44089,0.12425,0.10769,Sub-Saharan Africa
Botswana,2017,16105156375.533,66.753,2401840.0,7337.512,67.4,41.41379464,,0.424,3.76600003242493,1.12209415435791,1.22155499458313,0.341755509376526,0.505196332931519,0.0993484482169151,0.0985831990838051,
Botswana,2018,17031943186.1353,65.422,2451409.0,8061.3875,68.2547378540039,58.0,,0.412516504526138,3.59,1.017,1.174,0.417,0.557,0.042,0.092,
Botswana,2019,16725908666.8462,65.464,2499702.0,7198.3,70.095085144043,64.82632542,,,3.488,1.041,1.145,0.538,0.455,0.025,0.1,
Brazil,2015,1802212206904.68,74.332,205188205.0,485344.1,99.710902,58.32795173,51.9,,6.983,0.98124,1.23287,0.69702,0.49049,0.14574,0.17521,Latin America and Caribbean
Brazil,2016,1795693482652.52,74.442,206859578.0,447077.3,99.7,60.87254007,53.4,,6.952,1.08754,1.03938,0.61415,0.40425,0.15776,0.14166,Latin America and Caribbean
Brazil,2017,2063514977334.32,74.827,208504960.0,455684.8,99.8,67.47128452,53.3,0.56,6.63500022888184,1.10735321044922,1.43130600452423,0.616552352905273,0.437453746795654,0.16234989464283,0.111092761158943,
Brazil,2018,1916933898038.36,75.109,210166592.0,433838.8,99.7,70.43428254,53.9,0.545723736286163,6.419,0.986,1.474,0.675,0.493,0.11,0.088,
Brazil,2019,1873288205186.45,75.338,211782878.0,434318.0,99.8,73.91243991,53.5,,6.3,1.004,1.439,0.802,0.39,0.099,0.086,
Bulgaria,2015,50811995688.6771,74.6146341463415,7177991.0,44556.5,96.5846862792969,56.65625161,38.6,,4.218,1.01216,1.10614,0.76649,0.30587,0.11921,0.00872,Central and Eastern Europe
Bulgaria,2016,53964253211.84,74.8121951219512,7127822.0,41586.7,97.3378295898438,59.82554766,40.6,,4.217,1.11306,0.92542,0.67806,0.21219,0.12793,0.00615,Central and Eastern Europe
Bulgaria,2017,59309748166.1179,74.8146341463415,7075947.0,43885.1,98.0648651123047,63.41010138,40.4,0.676,4.71400022506714,1.1614590883255,1.43437945842743,0.708217680454254,0.289231717586517,0.113177694380283,0.0110515309497714,
Bulgaria,2018,66370132238.3914,74.9634146341464,7025037.0,40898.2,98.6996383666992,64.78201069,41.3,0.670277237892151,4.933,1.054,1.515,0.712,0.359,0.064,0.009,
Bulgaria,2019,68881010245.5498,75.1121951219512,6975761.0,39159.9,99.1950073242188,67.94698094,40.3,,5.011,1.092,1.513,0.815,0.311,0.081,0.004,
Burkina Faso,2015,11832159315.6298,58.845,18718019.0,3801.8,16.1532001495361,6.55,,,3.587,0.25812,0.85188,0.27125,0.39493,0.21747,0.12832,Sub-Saharan Africa
Burkina Faso,2016,12833363045.3367,59.326,19275498.0,3997.8,16.5673961639404,7.14,,,3.739,0.31995,0.63054,0.21297,0.3337,0.24353,0.12533,Sub-Saharan Africa
Burkina Faso,2017,14106955615.3442,59.536,19835858.0,4625.2,17.0133209228516,7.79,,0.369,4.03200006484985,0.3502277135849,1.04328000545502,0.215844258666039,0.324367851018906,0.250864684581757,0.120328105986118,
Burkina Faso,2018,15890066221.2882,60.047,20392723.0,5147.7,14.4,8.5,43.0,0.378283977508545,4.424,0.314,1.097,0.254,0.312,0.175,0.128,
Burkina Faso,2019,16032813501.6639,60.039,20951639.0,5646.5,17.6,9.27180601,,,4.587,0.331,1.056,0.38,0.255,0.177,0.113,
Burundi,2015,3104003546.26497,60.217,10727148.0,366.8,7.89011478424072,2.0,,,2.905,0.0153,0.41587,0.22396,0.1185,0.19727,0.10062,Sub-Saharan Africa
Burundi,2016,2644487776.50077,60.793,10903327.0,442.0,8.47799873352051,2.2,,,2.905,0.06831,0.23442,0.15747,0.0432,0.2029,0.09419,Sub-Saharan Africa
Burundi,2017,2723586962.84034,61.553,11155593.0,529.1,9.3,2.660748535,,0.38,2.90499997138977,0.091622568666935,0.629793584346771,0.151610791683197,0.0599007532000542,0.204435184597969,0.0841479450464249,
Burundi,2018,2667182199.51333,61.688,11493472.0,664.9,9.50929260253906,2.7,,0.38957479596138,2.905,0.091,0.627,0.145,0.065,0.149,0.076,
Burundi,2019,2576518879.82353,62.351,11874838.0,707.4,9.83940029144287,2.731443388,,,3.775,0.046,0.447,0.38,0.22,0.176,0.18,
Cambodia,2015,18049954289.4721,69.873,15417523.0,8432.6,62.720645904541,18.0,,,3.819,0.46038,0.62736,0.61114,0.66246,0.40359,0.07247,Southeastern Asia
Cambodia,2016,20016747857.6367,70.224,15624584.0,11066.4,68.7621994018555,32.39845171,,,3.907,0.55604,0.5375,0.42494,0.58852,0.40339,0.08092,Southeastern Asia
Cambodia,2017,22177200588.1826,70.515,15830689.0,12660.5,89.07,32.90027854,,0.493,4.16800022125244,0.601765096187592,1.00623834133148,0.429783403873444,0.633375823497772,0.385922968387604,0.0681059509515762,
Cambodia,2018,24571753583.3935,70.561,16025238.0,13555.7,80.7008285522461,,,0.490684866905212,4.433,0.549,1.088,0.457,0.696,0.256,0.065,
Cambodia,2019,27089390032.798,70.692,16207746.0,18093.2,84.0,52.30587822,,,4.7,0.574,1.122,0.637,0.609,0.232,0.062,
Cameroon,2015,32210233020.4569,59.658,23012646.0,8500.2,58.6203880310059,18.3,,,4.252,0.4225,0.88767,0.23402,0.49309,0.20618,0.05786,Sub-Saharan Africa
Cameroon,2016,33814337044.3765,60.233,23711630.0,8974.7,59.7636642456055,20.6,,,4.513,0.52497,0.62542,0.12698,0.42736,0.2268,0.06126,Sub-Saharan Africa
Cameroon,2017,36098547033.1655,60.81,24393181.0,9076.0,60.903621673584,23.20297197,,0.394,4.69500017166138,0.564305365085602,0.946018218994141,0.132892116904259,0.430388748645782,0.236298456788063,0.0513066314160824,
Cameroon,2018,39973842087.2242,61.18,25076747.0,9749.7,62.2,29.7,,0.393320679664612,4.975,0.535,0.891,0.182,0.454,0.183,0.043,
Cameroon,2019,39670976452.5283,61.584,25782341.0,9557.3,63.1768951416016,36.5391824,,,5.044,0.549,0.91,0.331,0.381,0.187,0.037,
Canada,2015,1556508816217.14,81.8156097560976,35702908.0,558747.2,100.0,90.0,33.7,,7.427,1.32629,1.32261,0.90563,0.63297,0.45811,0.32957,North America
Canada,2016,1527994741907.43,81.9248780487805,36109487.0,556874.1,100.0,91.16,32.7,,7.404,1.44015,1.0961,0.8276,0.5737,0.44834,0.31329,North America
Canada,2017,1649265644244.09,81.8329268292683,36545236.0,568175.9,100.0,92.70137191,33.3,0.799,7.31599998474121,1.47920441627502,1.48134899139404,0.83455765247345,0.611100912094116,0.435539722442627,0.287371516227722,
Canada,2018,1725329192783.02,81.8439024390244,37065084.0,579573.9,100.0,94.64,32.5,0.800089955329895,7.328,1.33,1.532,0.896,0.653,0.321,0.291,
Canada,2019,1743725183672.52,82.2287804878049,37601230.0,566001.8,100.0,91.91289669,31.7,,7.278,1.365,1.505,1.039,0.584,0.285,0.308,
Central African Republic,2015,1695825714.19282,52.793,4819333.0,184.4,12.7129907608032,2.9,,,3.678,0.0785,0.0,0.06699,0.48879,0.23835,0.08289,Sub-Saharan Africa
Central African Republic,2017,2072349972.6818,53.721,4996741.0,222.4,14.0705080032349,4.0,,,2.69300007820129,0.0,0.0,0.0187726859003305,0.270842045545578,0.280876487493515,0.0565650761127472,
Central African Republic,2018,2220979146.11241,54.369,5094780.0,229.1,14.6439552307129,5.1,,,3.083,0.024,0.0,0.01,0.305,0.218,0.038,
Central African Republic,2019,2221301351.43918,55.025,5209324.0,235.4,14.3,7.509161449,,,3.083,0.026,0.0,0.105,0.225,0.235,0.035,
Chad,2015,10950392256.9543,51.589,14140274.0,1478.55,7.7,3.5,,,3.667,0.34193,0.76062,0.1501,0.23501,0.18386,0.05269,Sub-Saharan Africa
Chad,2016,10097778098.1707,52.083,14592585.0,1469.87,9.24529838562012,5.8,,,3.763,0.42214,0.63178,0.03824,0.12807,0.18667,0.04952,Sub-Saharan Africa
Chad,2017,10000394381.0177,52.308,15085884.0,1488.2,10.9,7.4,,0.293,3.93600010871887,0.438012987375259,0.953855872154236,0.0411347150802612,0.16234202682972,0.216113850474358,0.0535818822681904,
Chad,2018,11239167898.3395,52.825,15604210.0,1557.4,10.0588064193726,8.0,37.5,0.299028992652893,4.301,0.358,0.907,0.053,0.189,0.181,0.06,
Chad,2019,11314951091.7283,53.259,16126866.0,1583.6,8.4,8.364171285,,,4.35,0.35,0.766,0.192,0.174,0.198,0.078,
Chile,2015,242450355827.827,79.746,17870124.0,82260.4,99.714844,76.62959195,45.3,,6.67,1.10715,1.12447,0.85857,0.44132,0.33363,0.12869,Latin America and Caribbean
Chile,2016,249344864067.964,80.079,18083879.0,86504.7,100.0,83.55858602,,,6.705,1.2167,0.90587,0.81883,0.37789,0.31595,0.11451,Latin America and Caribbean
Chile,2017,276154259806.312,80.35,18368577.0,87136.9,99.7,82.32748693,45.3,0.674,6.65199995040894,1.25278460979462,1.28402495384216,0.819479703903198,0.376895278692245,0.326662421226501,0.0822879821062088,
Chile,2018,295857562826.427,80.133,18701450.0,86581.3,100.0,84.9,,0.665265142917633,6.476,1.131,1.331,0.808,0.431,0.197,0.061,
Chile,2019,278598887622.96,80.326,19039485.0,91915.4,100.0,85.01758384,,,6.444,1.159,1.369,0.92,0.357,0.187,0.056,
China,2015,11061572618594.8,76.977,1379860000.0,9859281.2,100.0,50.3,38.6,,5.14,0.89012,0.94675,0.81658,0.51697,0.08185,0.02781,Eastern Asia
China,2016,11233313730288.5,77.218,1387790000.0,9860914.0,100.0,53.2,38.5,,5.245,1.0278,0.79381,0.73561,0.44012,0.04959,0.02745,Eastern Asia
China,2017,12310491333980.9,77.248,1396215000.0,10089273.2,100.0,54.3,39.1,0.673,5.27299976348877,1.08116579055786,1.16083741188049,0.741415500640869,0.472787708044052,0.0288068410009146,0.0227942746132612,
China,2018,13894907857925.9,77.744,1402760000.0,10567262.0,100.0,59.2,38.5,0.64709883928299,5.246,0.989,1.142,0.799,0.597,0.029,0.103,
China,2019,14279968506242.8,77.968,1407745000.0,10762824.0,100.0,64.0808813,38.2,,5.191,1.029,1.125,0.893,0.521,0.058,0.1,
Colombia,2015,293492370228.844,76.257,47119728.0,81017.2,98.186898,55.90497251,51.0,,6.477,0.91861,1.24018,0.69077,0.53466,0.18401,0.0512,Latin America and Caribbean
Colombia,2016,282720100286.228,76.471,47625955.0,83526.2,98.4,58.13649357,50.6,,6.481,1.03032,1.02169,0.59659,0.44735,0.15626,0.05399,Latin America and Caribbean
Colombia,2017,311866875135.578,76.646,48351671.0,75674.0,98.5,62.25988032,49.7,0.593,6.35699987411499,1.07062232494354,1.4021829366684,0.595027923583984,0.477487415075302,0.149014472961426,0.0466687418520451,
Colombia,2018,334198218100.719,76.748,49276961.0,79355.2,98.5,64.12637682,50.4,0.598653852939606,6.26,0.96,1.439,0.635,0.531,0.099,0.039,
Colombia,2019,323031701210.765,76.752,50187406.0,79186.7,99.4442596435547,65.00690072,51.3,,6.125,0.985,1.41,0.841,0.47,0.099,0.034,
Comoros,2015,966029599.801228,62.896,730216.0,185.9,74.0817642211914,7.459161386,,,3.956,0.23906,0.79273,0.36315,0.22917,0.17441,0.199,Sub-Saharan Africa
Comoros,2016,1012835492.51575,63.237,746232.0,217.9,76.3974609375,7.938322771,,,3.956,0.27509,0.60323,0.29981,0.15412,0.1827,0.18437,Sub-Saharan Africa
Comoros,2019,1195019531.03664,64.068,790986.0,326.2,83.3279495239258,16.38375122,,,3.973,0.274,0.757,0.505,0.142,0.275,0.078,
"Congo, Dem. Rep.",2015,37917706497.1793,58.49,78656904.0,3231.4,16.5844593048096,3.799999507,,,4.517,0.0,1.0012,0.09806,0.22605,0.24834,0.07625,Sub-Saharan Africa
"Congo, Dem. Rep.",2016,37134801555.3322,59.066,81430977.0,2421.14,17.2873020172119,6.20997406,,,4.272,0.05661,0.80676,0.188,0.15602,0.25458,0.06075,Sub-Saharan Africa
"Congo, Dem. Rep.",2017,38019264794.8263,59.411,84283273.0,2845.0,17.9868259429932,8.619904916,,0.369,4.28000020980835,0.0921023488044739,1.22902345657349,0.191407024860382,0.235961347818375,0.246455833315849,0.0602413564920425,
"Congo, Dem. Rep.",2018,47568210009.8172,59.942,87087355.0,2813.9,18.68385887146,11.7,,0.364528745412826,4.245,0.069,1.136,0.204,0.312,0.197,0.052,
"Congo, Dem. Rep.",2019,51775829877.2088,60.276,89906890.0,3031.2,19.1,16.48118911,,,4.418,0.094,1.125,0.357,0.269,0.212,0.053,
"Congo, Rep.",2015,12434829581.0287,63.233,5064386.0,5655.0,44.3346099853516,7.615974662,,,3.989,0.67866,0.6629,0.31051,0.41466,0.12388,0.11686,Sub-Saharan Africa
"Congo, Rep.",2016,10931247264.8116,63.577,5186824.0,5497.6,45.2837257385254,8.121949323,,,4.236,0.77109,0.47799,0.28212,0.37938,0.12077,0.09753,Sub-Saharan Africa
"Congo, Rep.",2017,11834406800.8818,63.76,5312340.0,5406.7,46.2067337036133,8.65,,0.42,4.29099988937378,0.808964252471924,0.832044363021851,0.28995743393898,0.435025870800018,0.120852127671242,0.0796181336045265,
"Congo, Rep.",2018,14773806078.1348,64.053,5441062.0,6216.9,47.037483215332,,,0.417835533618927,4.559,0.682,0.811,0.343,0.514,0.091,0.077,
"Congo, Rep.",2019,13976661497.841,62.747,5570733.0,7006.1,47.7288208007813,,,,4.812,0.673,0.799,0.508,0.372,0.105,0.093,
Costa Rica,2015,56441920821.0806,79.086,4895242.0,7537.9,99.409804,59.76295014,48.4,,7.226,0.95578,1.23788,0.86027,0.63376,0.25497,0.10583,Latin America and Caribbean
Costa Rica,2016,58847019609.6549,79.459,4945205.0,8008.9,99.5,65.88044919,48.7,,7.087,1.06879,1.02152,0.76146,0.55225,0.22553,0.10547,Latin America and Caribbean
Costa Rica,2017,60516044657.2254,79.377,4993842.0,8173.5,99.6,71.58166462,48.3,0.619,7.0789999961853,1.10970628261566,1.41640365123749,0.759509265422821,0.580131649971008,0.214613229036331,0.100106589496136,
Costa Rica,2018,62420164991.5374,79.484,5040734.0,8166.6,99.7,73.47972844,48.0,0.603258788585663,7.072,1.01,1.459,0.817,0.632,0.143,0.101,
Costa Rica,2019,64417670521.1842,79.427,5084532.0,7956.4,99.71,81.20259644,48.2,,7.167,1.034,1.441,0.963,0.558,0.144,0.093,
Cote d'Ivoire,2015,45815005170.815,57.762,23596741.0,9805.7,62.6,16.7,41.5,,3.655,0.46534,0.77115,0.15185,0.46866,0.20165,0.17922,Sub-Saharan Africa
Cote d'Ivoire,2016,48407761031.9226,58.06,24213622.0,9593.5,64.3,41.20781493,,,3.916,0.55507,0.57576,0.04476,0.40663,0.20338,0.1553,Sub-Saharan Africa
Cote d'Ivoire,2017,52512344033.7688,58.48,24848016.0,10563.8,65.6,43.83992085,,0.353,4.17999982833862,0.603048920631409,0.904780030250549,0.0486421696841717,0.447706192731857,0.201237469911575,0.130061775445938,
Cote d'Ivoire,2018,58522477744.5444,58.849,25493988.0,10194.8,67.1486587524414,37.54653613,37.2,0.369968354701996,4.671,0.541,0.872,0.08,0.467,0.146,0.103,
Cote d'Ivoire,2019,59898479821.2323,59.319,26147551.0,10838.9,68.566650390625,36.28895457,,,4.944,0.569,0.808,0.232,0.352,0.154,0.09,
Croatia,2015,50857353544.2847,77.2756097560976,4203604.0,16602.3,100.0,69.84503592,31.1,,5.759,1.08254,0.79624,0.78805,0.25883,0.05444,0.0243,Central and Eastern Europe
Croatia,2016,52512987755.9635,78.0219512195122,4174349.0,16876.8,100.0,72.69726967,30.9,,5.488,1.18649,0.60809,0.70524,0.23907,0.18434,0.04002,Central and Eastern Europe
Croatia,2017,56061675144.3829,77.8268292682927,4124531.0,17407.9,100.0,67.09619204,30.4,0.723,5.29300022125244,1.22255623340607,0.96798300743103,0.701288521289825,0.255772292613983,0.248002976179123,0.0431031100451946,
Croatia,2018,61481309636.1289,78.0707317073171,4087843.0,16433.4,100.0,75.29462599,29.7,0.729365646839142,5.321,1.115,1.161,0.737,0.38,0.12,0.039,
Croatia,2019,61470295887.8384,78.4243902439025,4065253.0,16523.3,100.0,79.07978368,28.9,,5.432,1.155,1.266,0.914,0.296,0.119,0.022,
Cyprus,2015,19842492366.5477,80.966,1187280.0,6851.9,100.0,71.71574092,34.0,,5.689,1.20813,0.89318,0.92356,0.40672,0.30638,0.06146,Western Europe
Cyprus,2016,20952955488.0836,81.056,1197881.0,7219.2,100.0,75.9002054,32.9,,5.546,1.31857,0.70697,0.8488,0.29507,0.27906,0.05228,Western Europe
Cyprus,2017,22870678689.4802,81.328,1208523.0,7361.2,100.0,80.74318897,31.4,0.751,5.62099981307983,1.35593807697296,1.13136327266693,0.84471470117569,0.355111539363861,0.271254301071167,0.0412379764020443,
Cyprus,2018,25523485042.6265,81.382,1218831.0,7198.6,100.0,84.43358252,32.7,0.754617035388947,5.762,1.229,1.191,0.909,0.423,0.202,0.035,
Cyprus,2019,25947027570.4262,81.397,1228836.0,7191.0,100.0,86.06362996,31.2,,6.046,1.263,1.223,1.042,0.406,0.19,0.041,
Czech Republic,2015,,,,,,,,,6.505,1.17898,1.20643,0.84483,0.46364,0.10686,0.02652,Central and Eastern Europe
Czech Republic,2016,,,,,,,,,6.596,1.30915,1.00793,0.76376,0.41418,0.09929,0.03986,Central and Eastern Europe
Czech Republic,2017,,,,,,,,0.782,6.60900020599365,1.35268235206604,1.43388521671295,0.754444003105164,0.490946173667908,0.0881067588925362,0.0368729270994663,
Czech Republic,2018,,,,,,,,0.764516711235046,6.711,1.233,1.489,0.854,0.543,0.064,0.034,
Czech Republic,2019,,,,,,,,,6.852,1.269,1.487,0.92,0.457,0.046,0.036,
Denmark,2015,302673070846.857,80.7024390243902,5683483.0,33704.9,100.0,96.33050162,28.2,,7.527,1.32548,1.36058,0.87464,0.64938,0.34139,0.48357,Western Europe
Denmark,2016,313115929314.339,80.8536585365854,5728010.0,35340.3,100.0,96.96778525,28.2,,7.526,1.44178,1.16374,0.79504,0.57941,0.36171,0.44453,Western Europe
Denmark,2017,332121063806.391,81.1024390243903,5764980.0,33184.0,100.0,97.09936216,28.7,0.774,7.52199983596802,1.48238301277161,1.55112159252167,0.792565524578094,0.626006722450256,0.355280488729477,0.40077006816864,
Denmark,2018,356841216410.068,80.9536585365854,5793636.0,33133.3,100.0,97.31920437,28.2,0.770831823348999,7.555,1.351,1.59,0.868,0.683,0.284,0.408,
Denmark,2019,346498737961.635,81.4512195121951,5814422.0,29696.5,100.0,98.04643475,27.7,,7.6,1.383,1.573,0.996,0.592,0.252,0.41,
Djibouti,2015,2424391785.43897,61.957,1006259.0,446.55,59.1333770751953,22.9,,,4.369,0.44025,0.59207,0.36291,0.46074,0.18093,0.28105,Sub-Saharan Africa
Dominican Republic,2015,71164826836.5281,72.953,10405832.0,23590.5,98.560364,54.21576634,45.2,,4.885,0.89537,1.17202,0.66825,0.57672,0.21684,0.14234,Latin America and Caribbean
Dominican Republic,2016,75704647877.6559,72.987,10527592.0,24593.5,98.9,63.87086474,45.7,,5.155,1.02787,0.99496,0.57669,0.52259,0.21286,0.12372,Latin America and Caribbean
Dominican Republic,2017,79998046305.79,73.063,10647244.0,23551.3,100.0,67.57124533,42.2,0.492,5.23000001907349,1.07937383651733,1.40241670608521,0.574873745441437,0.55258983373642,0.186967849731445,0.113945253193378,
Dominican Republic,2018,85555390139.118,73.232,10765531.0,25366.0,98.9,74.82204836,43.7,0.506880283355713,5.302,0.982,1.441,0.614,0.578,0.12,0.106,
Dominican Republic,2019,88941372558.2397,73.577,10881882.0,25775.2,99.0,79.71545398,41.9,,5.425,1.015,1.401,0.779,0.497,0.113,0.101,
Ecuador,2015,99290381000.0,76.789,16195902.0,41390.3,98.825883,48.94043379,46.0,,5.975,0.86402,0.99903,0.79075,0.48574,0.11541,0.1809,Latin America and Caribbean
Ecuador,2016,99937696000.0,76.763,16439585.0,39791.7,98.7,54.06292473,45.0,,5.976,0.97306,0.85974,0.68613,0.4027,0.10074,0.18037,Latin America and Caribbean
Ecuador,2017,104295862000.0,76.972,16696944.0,38549.3,99.2,55.8,44.7,0.602,6.00799989700317,1.00082039833069,1.28616881370544,0.685636222362518,0.4551981985569,0.150112465023994,0.140134647488594,
Ecuador,2018,107562008000.0,77.094,17015672.0,40273.2,98.7,57.5,45.4,0.596219539642334,5.973,0.889,1.33,0.736,0.556,0.114,0.12,
Ecuador,2019,108108009000.0,77.297,17343740.0,39631.4,99.09,59.2,45.7,,6.028,0.912,1.312,0.868,0.498,0.126,0.087,
"Egypt, Arab Rep.",2015,329366576819.407,70.483,97723799.0,226283.6,99.3,37.81938343,31.8,,4.194,0.8818,0.747,0.61712,0.17288,0.11291,0.06324,Middle East and Northern Africa
"Egypt, Arab Rep.",2016,332441717791.411,70.844,99784030.0,235425.8,100.0,41.24806709,,,4.362,0.95395,0.49813,0.52116,0.18847,0.12706,0.10393,Middle East and Northern Africa
"Egypt, Arab Rep.",2017,248362771739.13,71.302,101789386.0,244540.5,100.0,44.95020425,31.5,0.486,4.7350001335144,0.989701807498932,0.997471392154694,0.520187258720398,0.282110154628754,0.128631442785263,0.114381365478039,
"Egypt, Arab Rep.",2018,262588632526.73,71.367,103740765.0,237983.0,100.0,46.92433677,,0.492512345314026,4.419,0.885,1.025,0.553,0.312,0.092,0.107,
"Egypt, Arab Rep.",2019,318678815489.749,71.358,105618671.0,217908.3,100.0,57.2828664,31.9,,4.166,0.913,1.039,0.644,0.241,0.076,0.067,
El Salvador,2015,23438240000.0,71.814,6231066.0,6997.6,95.4,26.80260496,40.6,,6.13,0.76454,1.02507,0.67737,0.4035,0.10692,0.11776,Latin America and Caribbean
El Salvador,2016,24191430000.0,72.025,6250510.0,7125.1,96.0,28.99707305,40.0,,6.068,0.8737,0.80975,0.596,0.37269,0.08877,0.10613,Latin America and Caribbean
El Salvador,2017,24979190000.0,72.311,6266654.0,6344.9,96.8,33.8207289,38.0,0.501,6.00299978256226,0.909784495830536,1.18212509155273,0.596018552780151,0.432452529668808,0.0782579854130745,0.0899809598922729,
El Salvador,2018,26020850000.0,72.555,6276342.0,6844.9,97.0,43.8,38.6,0.544985711574554,6.167,0.806,1.231,0.639,0.461,0.065,0.082,
El Salvador,2019,26881140000.0,72.559,6280217.0,7912.7,97.36,50.49119407,38.8,,6.253,0.794,1.242,0.789,0.43,0.093,0.074,
Estonia,2015,22890762090.1508,77.590243902439,1315407.0,14377.1,100.0,88.4097035,32.7,,5.429,1.15174,1.22791,0.77361,0.44888,0.0868,0.15184,Central and Eastern Europe
Estonia,2016,24072829276.7744,77.6414634146342,1315790.0,15907.2,100.0,87.24023275,31.2,,5.517,1.27964,1.05163,0.68098,0.41511,0.08423,0.18519,Central and Eastern Europe
Estonia,2017,26924385103.0659,78.0926829268293,1317384.0,16773.5,100.0,88.10245687,30.4,0.747,5.61100006103516,1.32087934017181,1.47667109966278,0.695168316364288,0.479131430387497,0.0988908112049103,0.183248922228813,
Estonia,2018,30624720196.229,78.2439024390244,1321977.0,15716.9,100.0,89.35700777,30.3,0.774125277996063,5.739,1.2,1.532,0.737,0.553,0.086,0.174,
Estonia,2019,31081901909.2156,78.6463414634147,1326898.0,10060.7,100.0,90.2289282,30.8,,5.893,1.237,1.528,0.874,0.495,0.103,0.161,
Ethiopia,2015,64589328550.5953,63.649,102471895.0,13046.3,29.0,13.85517556,35.0,,4.512,0.19073,0.60406,0.44055,0.4345,0.24325,0.15048,Sub-Saharan Africa
Ethiopia,2016,74296745207.8721,64.392,105293228.0,15247.2,42.9,15.36692386,,,4.508,0.29283,0.37932,0.34578,0.36703,0.29522,0.1717,Sub-Saharan Africa
Ethiopia,2017,81770886825.6048,64.838,108197950.0,15882.4,44.3,15.6,,0.385,4.46000003814697,0.339233845472336,0.86466920375824,0.353409707546234,0.408842742443085,0.312650740146637,0.165455713868141,
Ethiopia,2018,84269196625.8784,65.412,111129438.0,17028.4,44.8443260192871,15.9,,0.384100586175919,4.35,0.308,0.95,0.391,0.452,0.22,0.146,
Ethiopia,2019,95912607722.3032,65.838,114120594.0,17708.0,48.0476188659668,16.15232553,,,4.286,0.336,1.033,0.532,0.344,0.209,0.1,
Finland,2015,234534382384.766,81.4804878048781,5479531.0,42815.4,100.0,86.42213333,27.1,,7.406,1.29025,1.31826,0.88911,0.64169,0.23351,0.41372,Western Europe
Finland,2016,240771351298.833,81.4292682926829,5495303.0,45700.3,100.0,87.70364996,27.1,,7.413,1.40598,1.13464,0.81091,0.57104,0.25492,0.41004,Western Europe
Finland,2017,255647979916.471,81.6317073170732,5508214.0,43015.4,100.0,87.46892907,27.4,0.814,7.4689998626709,1.44357192516327,1.5402467250824,0.80915766954422,0.617950856685638,0.24548277258873,0.38261154294014,
Finland,2018,275708001767.843,81.7341463414634,5515525.0,44395.5,100.0,88.88996,27.3,0.814484000205994,7.632,1.305,1.592,0.874,0.681,0.202,0.393,
Finland,2019,268514916972.549,81.9829268292683,5521606.0,40987.1,100.0,89.60738511,27.7,,7.769,1.34,1.587,0.986,0.596,0.153,0.393,
France,2015,2439188643162.5,82.3219512195122,66548272.0,311175.4,100.0,78.00603771,32.7,,6.575,1.27778,1.26038,0.94579,0.55011,0.12332,0.20646,Western Europe
France,2016,2472964344587.17,82.5731707317073,66724104.0,313835.2,100.0,79.26981132,31.9,,6.478,1.39488,1.00508,0.83795,0.46562,0.1216,0.17808,Western Europe
France,2017,2595151045197.65,82.5756097560976,66918020.0,317721.2,100.0,80.50245972,31.6,0.765,6.44199991226196,1.43092346191406,1.38777685165405,0.844465851783752,0.470222115516663,0.129762306809425,0.172502428293228,
France,2018,2790956878746.66,82.6756097560976,67158348.0,306948.4,100.0,82.04318678,32.4,0.755960285663605,6.489,1.293,1.466,0.908,0.52,0.098,0.176,
France,2019,2728870246705.88,82.8268292682927,67388001.0,300561.6,100.0,83.33974409,31.2,,6.592,1.324,1.472,1.045,0.436,0.111,0.183,
Gabon,2015,14383107762.6952,65.46,2028517.0,6115.8,87.3277359008789,45.78453653,,,3.896,1.06024,0.90528,0.43372,0.31914,0.06822,0.11091,Sub-Saharan Africa
Gabon,2016,14023890265.3665,65.802,2086206.0,6383.7,88.0797348022461,48.05227375,,,4.121,1.15851,0.72368,0.3494,0.28098,0.06244,0.09314,Sub-Saharan Africa
Gabon,2017,14929487485.1623,66.189,2140215.0,5344.7,86.27,50.32012015,38.0,0.453,4.46500015258789,1.1982102394104,1.1556202173233,0.356578588485718,0.312328577041626,0.0437853783369064,0.0760467872023582,
Gabon,2018,16867326401.9626,66.306,2192012.0,5120.4,89.5746078491211,59.6,,0.456387877464294,4.758,1.036,1.164,0.404,0.356,0.032,0.052,
Gabon,2019,16874405465.391,66.603,2242785.0,5274.5,90.3191452026367,68.68550299,,,4.799,1.057,1.183,0.571,0.295,0.043,0.055,
Georgia,2015,14953673796.1929,73.297,3725276.0,9399.4,100.0,47.56975964,36.5,,4.297,0.7419,0.38562,0.72926,0.40577,0.05547,0.38331,Central and Eastern Europe
Georgia,2016,15141598622.5692,73.569,3727505.0,9813.6,100.0,58.45928961,36.6,,4.252,0.83792,0.19249,0.64035,0.32461,0.06786,0.3188,Central and Eastern Europe
Georgia,2017,16242645072.2881,73.57,3728004.0,9907.1,100.0,59.7055046,37.9,0.614,4.28599977493286,0.950612664222717,0.57061493396759,0.649546980857849,0.309410035610199,0.0540088154375553,0.251666635274887,
Georgia,2018,17596922469.9152,73.341,3726549.0,9725.2,99.9,62.7179082,36.4,0.609057724475861,4.34,0.853,0.592,0.643,0.375,0.038,0.215,
Georgia,2019,17470436258.5131,73.47,3720161.0,10549.6,100.0,68.84671356,35.9,,4.519,0.886,0.666,0.752,0.346,0.043,0.164,
Germany,2015,3357585719351.56,80.6414634146341,81686611.0,742314.4,100.0,87.58979935,31.4,,6.75,1.32792,1.29937,0.89186,0.61477,0.28214,0.21843,Western Europe
Germany,2016,3469853463945.53,80.990243902439,82348669.0,747147.2,100.0,84.16520664,31.4,,6.994,1.44787,1.09774,0.81487,0.53466,0.30452,0.28551,Western Europe
Germany,2017,3690849152517.65,80.9926829268293,82657002.0,732204.2,100.0,84.3941537,31.9,0.795,6.95100021362305,1.48792338371277,1.47252035140991,0.798950731754303,0.562511384487152,0.336269170045853,0.276731938123703,
Germany,2018,3974443355019.6,80.8926829268293,82905782.0,707770.2,100.0,87.03711209,31.8,0.763772785663605,6.965,1.34,1.474,0.861,0.586,0.273,0.28,
Germany,2019,3889177589254.9,81.2926829268293,83092962.0,658693.5,100.0,88.13451691,31.7,,6.985,1.373,1.454,0.987,0.495,0.261,0.265,
Ghana,2015,49406009811.9819,63.175,28870939.0,14320.7,74.0002670288086,23.0,,,4.633,0.54558,0.67954,0.40132,0.42342,0.23087,0.04355,Sub-Saharan Africa
Ghana,2016,56164928691.0359,63.89,29554303.0,14545.3,79.3,28.0,43.5,,4.276,0.63107,0.49353,0.29681,0.40973,0.21203,0.0326,Sub-Saharan Africa
Ghana,2017,60405920071.5652,64.013,30222262.0,15135.0,79.0,37.88415262,,0.439,4.11999988555908,0.667224824428558,0.873664736747742,0.295637726783752,0.423026293516159,0.256923943758011,0.0253363698720932,
Ghana,2018,67298913752.0241,64.122,30870641.0,16774.9,80.4,43.0,,0.443490087985992,4.657,0.592,0.896,0.337,0.499,0.212,0.029,
Ghana,2019,68337974418.3315,64.74,31522290.0,18039.1,83.5,45.00963073,,,4.996,0.611,0.868,0.486,0.381,0.245,0.04,
Greece,2015,195683527003.375,81.0365853658537,10820883.0,68010.2,100.0,66.83495949,36.0,,4.857,1.15406,0.92933,0.88213,0.07699,0.0,0.01397,Western Europe
Greece,2016,193148146586.933,81.3878048780488,10775971.0,66848.6,100.0,69.08791547,35.0,,5.033,1.24886,0.75473,0.80029,0.05822,0.0,0.04127,Western Europe
Greece,2017,199844406013.531,81.2878048780488,10754679.0,66795.5,100.0,69.89297065,34.4,0.681,5.22700023651123,1.28948748111725,1.23941457271576,0.810198903083801,0.0957312509417534,0.0,0.04328977689147,
Greece,2018,212049447242.111,81.7878048780488,10732882.0,65021.2,100.0,72.23837339,32.9,0.694805860519409,5.358,1.154,1.202,0.879,0.131,0.0,0.044,
Greece,2019,205252760889.364,81.6390243902439,10721582.0,59990.3,100.0,75.67120669,33.1,,5.287,1.181,1.156,0.999,0.067,0.0,0.034,
Guatemala,2015,62186064718.7424,72.103,15567419.0,16455.9,90.5392456054688,28.80594156,,,6.123,0.74553,1.04356,0.64425,0.57733,0.27489,0.09472,Latin America and Caribbean
Guatemala,2016,66053403469.0024,72.355,15827690.0,17451.9,91.765869140625,34.50932609,,,6.324,0.83454,0.87119,0.54039,0.50379,0.28808,0.08701,Latin America and Caribbean
Guatemala,2017,71653754066.2763,72.551,16087418.0,16530.1,93.3,37.9,,0.46,6.4539999961853,0.872001945972443,1.25558519363403,0.540239989757538,0.531310617923737,0.283488392829895,0.0772232785820961,
Guatemala,2018,73328365862.4329,72.726,16346950.0,18075.7,94.2099914550781,41.5,,0.456771224737167,6.382,0.781,1.268,0.608,0.604,0.179,0.071,
Guatemala,2019,77172317258.6478,73.129,16604026.0,19017.8,95.4291458129883,44.40104984,,,6.436,0.8,1.269,0.746,0.535,0.175,0.078,
Guinea,2015,8794202394.29076,58.134,11625998.0,2522.3,34.8813819885254,9.2,,,3.656,0.17417,0.46475,0.24009,0.37725,0.28657,0.12139,Sub-Saharan Africa
Guinea,2016,8595955600.36601,58.763,11930985.0,2806.5,33.5,13.1,,,3.607,0.22415,0.3109,0.18829,0.30953,0.29914,0.1192,Sub-Saharan Africa
Guinea,2017,10324668271.1032,59.109,12240789.0,3321.6,35.4,18.7,,0.374,3.50699996948242,0.244549930095673,0.791244685649872,0.194129139184952,0.348587512969971,0.264815092086792,0.110937617719173,
Guinea,2018,11857030367.2441,59.349,12554864.0,3735.0,45.0,21.83002304,29.6,0.369082599878311,3.964,0.344,0.792,0.211,0.394,0.185,0.094,
Guinea,2019,13442861496.4128,59.72,12877539.0,4517.0,42.2,23.36626025,,,4.534,0.38,0.829,0.375,0.332,0.207,0.086,
Haiti,2015,14849629407.8872,63.237,10563757.0,3280.44,40.7975120544434,14.2,,,4.518,0.26673,0.74302,0.38847,0.24425,0.46187,0.17175,Latin America and Caribbean
Haiti,2016,14069277532.5199,63.392,10713849.0,3364.54,40.4,22.8,,,4.028,0.34097,0.29561,0.27494,0.12072,0.47958,0.14476,Latin America and Caribbean
Haiti,2017,15093357143.2889,63.854,10863543.0,3326.24,43.2935409545898,27.2,,0.446,3.6029999256134,0.368610262870789,0.640449821949005,0.277321130037308,0.0303698573261499,0.489203780889511,0.0998721495270729,
Haiti,2018,16403864522.0538,64.019,11012421.0,3289.74,44.4362411499023,32.47362713,,0.444787979125977,3.582,0.315,0.714,0.289,0.025,0.392,0.104,
Haiti,2019,15016090929.5125,64.255,11160438.0,3317.34,45.4395332336426,32.47362713,,,3.597,0.323,0.688,0.449,0.026,0.419,0.11,
Honduras,2015,20979791685.416,72.487,9294505.0,10538.2,89.98171,27.1,49.2,,4.788,0.59532,0.95348,0.6951,0.40148,0.23027,0.06825,Latin America and Caribbean
Honduras,2016,21717604952.1835,72.588,9460798.0,10394.7,91.6,29.52821808,49.8,,4.871,0.69429,0.75596,0.58383,0.26755,0.2044,0.06906,Latin America and Caribbean
Honduras,2017,23136247990.5977,72.692,9626842.0,9377.0,86.5,31.73579247,49.4,0.49,5.18100023269653,0.730573117733002,1.14394497871399,0.582569479942322,0.348079860210419,0.236188873648643,0.0733454525470734,
Honduras,2018,24067750760.499,72.814,9792850.0,9031.3,91.6,36.04006082,48.9,0.480305939912796,5.504,0.62,1.205,0.622,0.459,0.197,0.074,
Honduras,2019,25089937021.5418,72.881,9958829.0,10196.4,91.1,39.38835219,48.2,,5.86,0.642,1.236,0.828,0.507,0.246,0.078,
"Hong Kong SAR, China",2017,341273289534.466,84.6804878048781,7393200.0,,100.0,89.41594465,,0.822,5.47200012207031,1.55167484283447,1.26279091835022,0.943062424659729,0.490968644618988,0.374465793371201,0.293933749198914,
Hungary,2015,125174166987.372,75.5682926829269,9843028.0,43384.1,100.0,72.83473703,30.4,,4.8,1.12094,1.20215,0.75905,0.32112,0.128,0.02758,Central and Eastern Europe
Hungary,2016,128609822750.039,76.0634146341464,9814023.0,44248.4,100.0,79.25941213,30.3,,5.145,1.24142,0.93164,0.67608,0.1977,0.099,0.04472,Central and Eastern Europe
Hungary,2017,143112196040.326,75.8170731707317,9787966.0,49449.8,100.0,76.75054712,30.6,0.703,5.32399988174438,1.2860119342804,1.34313309192657,0.687763452529907,0.175863519310951,0.0784016624093056,0.0366369374096394,
Hungary,2018,160565642983.587,76.0658536585366,9775564.0,49202.9,100.0,76.07436064,29.6,0.705064594745636,5.62,1.171,1.401,0.732,0.259,0.061,0.022,
Hungary,2019,164020460331.659,76.3195121951219,9771141.0,47261.8,100.0,80.37169361,30.0,,5.758,1.201,1.41,0.828,0.199,0.081,0.02,
Iceland,2015,17517210519.0912,82.4682926829268,330815.0,2057.5,100.0,98.2,26.8,,7.561,1.30232,1.40223,0.94784,0.62877,0.4363,0.14145,Western Europe
Iceland,2016,20793168030.9524,82.2048780487805,335439.0,1633.0,100.0,98.2400163,27.2,,7.501,1.42666,1.18326,0.86733,0.56624,0.47678,0.14975,Western Europe
Iceland,2017,24728285177.4603,82.6609756097561,343400.0,1671.0,100.0,98.25520119,26.1,0.74,7.50400018692017,1.480633020401,1.6105740070343,0.833552122116089,0.627162635326385,0.475540220737457,0.153526559472084,
Iceland,2018,26260850582.0687,82.8609756097561,352721.0,1699.3,100.0,99.01095399,,0.743431091308594,7.495,1.343,1.644,0.914,0.677,0.353,0.138,
Iceland,2019,24681343649.2952,83.1634146341463,360563.0,1638.2,100.0,99.50494117,,,7.494,1.38,1.624,1.026,0.591,0.354,0.118,
India,2015,2103588360066.32,69.636,1322866505.0,2158023.2,88.0,14.9,34.7,,4.565,0.64499,0.38174,0.51529,0.39786,0.26475,0.08492,Southern Asia
India,2016,2294796885682.55,70.117,1338636340.0,2195248.5,89.5863037109375,16.5,34.7,,4.404,0.74036,0.29247,0.45091,0.40285,0.25028,0.08722,Southern Asia
India,2017,2651474262735.28,70.467,1354195680.0,2308804.4,91.7941589355469,18.2,35.9,0.44,4.31500005722046,0.792221248149872,0.754372596740723,0.455427616834641,0.469987004995346,0.231538489460945,0.0922268852591515,
India,2018,2702929641707.38,70.71,1369003306.0,2458175.9,95.7,20.08130004,34.5,0.484795808792114,4.19,0.721,0.747,0.485,0.539,0.172,0.093,
India,2019,2835606256616.03,70.91,1383112050.0,2423951.4,95.8859405517578,29.52351142,33.8,,4.015,0.755,0.765,0.588,0.498,0.2,0.085,
Indonesia,2015,860854232686.214,69.699,259091970.0,489052.8,97.5373674369822,22.0627426,40.4,,5.399,0.82827,1.08708,0.63793,0.46611,0.51535,0.0,Southeastern Asia
Indonesia,2016,931877364037.698,69.798,261850182.0,483978.7,97.62,25.4473537,39.3,,5.314,0.95104,0.87625,0.49374,0.39237,0.56521,0.00322,Southeastern Asia
Indonesia,2017,1015618744159.73,69.936,264498852.0,515395.7,98.14,32.33580625,38.8,0.535,5.26200008392334,0.995538592338562,1.27444469928741,0.492345720529556,0.443323463201523,0.611704587936401,0.0153171354904771,
Indonesia,2018,1042271532988.63,70.338,267066843.0,568007.6,98.51,39.90463864,38.4,0.53795725107193,5.093,0.899,1.215,0.522,0.538,0.484,0.018,
Indonesia,2019,1119099871350.2,70.518,269582878.0,605290.6,98.85,47.69064898,37.6,,5.192,0.931,1.203,0.66,0.491,0.498,0.028,
"Iran, Islamic Rep.",2015,408212917874.964,75.124,81790841.0,599182.7,99.96,45.33497615,35.3,,4.686,1.0088,0.54447,0.69805,0.30033,0.38086,0.05863,Middle East and Northern Africa
"Iran, Islamic Rep.",2016,457954614593.746,75.6,83306231.0,607216.3,99.95,53.22677167,35.9,,4.813,1.11758,0.38857,0.64232,0.22544,0.38538,0.0557,Middle East and Northern Africa
"Iran, Islamic Rep.",2017,486630147094.486,75.971,84505076.0,626427.9,99.94,64.04397362,36.7,0.591,4.69199991226196,1.15687310695648,0.711551249027252,0.639333188533783,0.249322608113289,0.387242913246155,0.048761073499918,
"Iran, Islamic Rep.",2018,329691934144.504,76.195,85617562.0,637433.7,100.0,70.200565,37.4,0.592209100723267,4.707,1.059,0.771,0.691,0.459,0.282,0.129,
"Iran, Islamic Rep.",2019,283649531542.631,76.103,86564202.0,625251.5,100.0,72.45090477,36.5,,4.548,1.1,0.842,0.785,0.305,0.27,0.125,
Iraq,2015,166774104959.102,69.44,37757813.0,133169.7,99.4483795166016,15.2,,,4.677,0.98549,0.81889,0.60237,0.0,0.17922,0.13788,Middle East and Northern Africa
Iraq,2016,166602488747.885,68.988,38697943.0,143281.1,99.6540985107422,19.9,,,4.575,1.07474,0.59205,0.51076,0.24856,0.19589,0.13636,Middle East and Northern Africa
Iraq,2017,187217660050.676,70.413,39621162.0,156456.4,99.8843765258789,26.0,,0.398,4.49700021743774,1.10271048545837,0.978613197803497,0.501180469989777,0.288555532693863,0.19963726401329,0.107215754687786,
Iraq,2018,227367469034.031,71.514,40590700.0,168154.3,99.9,33.9,,0.399482280015945,4.456,1.01,0.971,0.536,0.304,0.148,0.095,
Iraq,2019,233636097800.338,71.576,41563520.0,180687.6,99.9910278320313,44.32634655,,,4.437,1.043,0.98,0.574,0.241,0.148,0.089,
Ireland,2015,292364226871.756,81.4536585365854,4701957.0,37087.2,100.0,83.49479167,31.8,,6.94,1.33596,1.36948,0.89533,0.61777,0.45901,0.28703,Western Europe
Ireland,2016,298559265006.398,81.6536585365854,4755335.0,39009.8,100.0,83.5,32.8,,6.907,1.48341,1.16157,0.81455,0.54008,0.44963,0.29754,Western Europe
Ireland,2017,337241811320.896,82.1560975609756,4807388.0,37729.1,100.0,84.11400706,31.4,0.806,6.97700023651123,1.53570663928986,1.55823111534119,0.80978262424469,0.573110342025757,0.42785832285881,0.29838815331459,
Ireland,2018,386693357874.056,82.2048780487805,4867316.0,37473.6,100.0,87.00014011,30.6,0.813675343990326,6.977,1.448,1.583,0.876,0.614,0.307,0.306,
Ireland,2019,398933010007.356,82.7024390243903,4934340.0,35812.2,100.0,87.00005524,30.8,,7.021,1.499,1.553,0.999,0.516,0.298,0.31,
Israel,2015,303414276832.04,82.0512195121951,8380100.0,66314.7,100.0,77.35208966,39.7,,7.278,1.22857,1.22393,0.91387,0.41319,0.33172,0.07785,Middle East and Northern Africa
Israel,2016,322102790386.835,82.4073170731707,8546000.0,65233.0,100.0,79.65312418,39.0,,7.267,1.33766,0.99537,0.84917,0.36432,0.32288,0.08728,Middle East and Northern Africa
Israel,2017,358245427458.541,82.5512195121951,8713300.0,65906.3,100.0,81.58118359,38.2,0.763,7.21299982070923,1.37538242340088,1.37628996372223,0.83840399980545,0.405988603830338,0.330082654953003,0.0852421000599861,
Israel,2018,376691526553.276,82.8024390243903,8882800.0,61424.5,100.0,83.73315696,38.6,0.763064444065094,6.814,1.301,1.559,0.883,0.533,0.354,0.272,
Israel,2019,402470513619.148,82.8048780487805,9054000.0,62796.3,100.0,86.78787762,38.3,,7.139,1.276,1.455,1.029,0.371,0.261,0.082,
Italy,2015,1836637711060.55,82.5439024390244,60730582.0,337862.1,100.0,58.14173496,35.4,,5.948,1.25114,1.19777,0.95446,0.26236,0.22823,0.02901,Western Europe
Italy,2016,1877071687633.78,83.2439024390244,60627498.0,333344.8,100.0,61.32425277,35.2,,5.977,1.35495,1.04167,0.85102,0.18827,0.16684,0.02556,Western Europe
Italy,2017,1961796197354.36,82.9463414634147,60536709.0,329193.3,100.0,63.077347,35.9,0.769,5.96400022506714,1.39506661891937,1.44492328166962,0.853144347667694,0.256450712680817,0.17278964817524,0.0280280914157629,
Italy,2018,2091932426266.98,83.3463414634146,60421760.0,324884.2,100.0,74.38718292,35.2,0.752880394458771,6.0,1.264,1.501,0.946,0.281,0.137,0.028,
Italy,2019,2011302198827.45,83.4975609756098,59729081.0,317223.0,100.0,67.85071029,34.6,,6.223,1.294,1.488,1.039,0.231,0.158,0.03,
Jamaica,2015,14188936958.4343,72.394,2794445.0,7088.7,94.9,42.22122119,,,5.709,0.81038,1.15102,0.68741,0.50442,0.2123,0.02299,Latin America and Caribbean
Jamaica,2016,14077096714.1279,72.02,2802695.0,7549.5,96.584846496582,44.36685637,,,5.51,0.89333,0.96372,0.59469,0.43597,0.22245,0.04294,Latin America and Caribbean
Jamaica,2017,14808985171.3441,71.911,2808376.0,7225.0,97.3688812255859,55.07206705,,0.544,5.31099987030029,0.925579309463501,1.36821806430817,0.641022384166718,0.474307239055634,0.233818337321281,0.0552677810192108,
Jamaica,2018,15730792835.5811,71.793,2811835.0,8589.0,98.1504211425781,68.21451709,35.6,0.539271950721741,5.89,0.819,1.493,0.693,0.575,0.096,0.031,
Jamaica,2019,15830766570.7266,71.767,2813773.0,8394.3,98.930305480957,70.84101697,,,5.89,0.831,1.478,0.831,0.49,0.107,0.028,
Japan,2015,4444930651964.18,83.7939024390244,127141000.0,1178349.1,100.0,91.05802839,,,5.987,1.27074,1.25712,0.99111,0.49615,0.10705,0.1806,Eastern Asia
Japan,2016,5003677627544.24,83.9848780487805,127076000.0,1164869.4,100.0,93.18272128,,,5.921,1.38007,1.06054,0.91491,0.46761,0.10224,0.18985,Eastern Asia
Japan,2017,4930837369151.42,84.099756097561,126972000.0,1150835.0,100.0,91.72654724,,0.844,5.92000007629395,1.41691517829895,1.43633782863617,0.913475871086121,0.505625545978546,0.12057276815176,0.163760736584663,
Japan,2018,5040880939324.86,84.2109756097561,126811000.0,1111115.3,100.0,88.74635089,,0.840709209442139,5.915,1.294,1.462,0.988,0.553,0.079,0.15,
Japan,2019,5117993853016.51,84.3563414634146,126633000.0,1073645.3,100.0,92.73039781,,,5.886,1.327,1.419,1.088,0.445,0.069,0.14,
Jordan,2015,38587017887.3239,75.011,9494246.0,25309.1,99.8927612304688,54.22,,,5.192,0.90198,1.05392,0.69639,0.40661,0.11053,0.14293,Middle East and Northern Africa
Jordan,2016,39892551126.7606,75.215,9964656.0,24730.0,99.9518280029297,56.15,,,5.303,0.99673,0.86216,0.60712,0.36023,0.14262,0.13297,Middle East and Northern Africa
Jordan,2017,41608435915.493,75.502,10215381.0,26021.8,100.0,64.5,,0.562,5.33599996566772,0.991012394428253,1.23908889293671,0.604590058326721,0.418421149253845,0.172170460224152,0.11980327218771,
Jordan,2018,43370860704.2254,75.774,10459865.0,24710.0,99.9,65.2,,0.546930193901062,5.161,0.822,1.265,0.645,0.468,0.13,0.134,
Jordan,2019,44502816901.4085,76.044,10698683.0,23147.9,99.9,70.08467395,,,4.906,0.837,1.225,0.815,0.383,0.11,0.13,
Kazakhstan,2015,184388404706.042,71.97,17542806.0,191059.6,100.0,70.8299336,26.8,,5.855,1.12254,1.12241,0.64368,0.51649,0.11827,0.08454,Central and Eastern Europe
Kazakhstan,2016,137278320084.171,72.41,17794055.0,202475.7,100.0,74.58772647,27.2,,5.919,1.22943,0.95544,0.57386,0.4052,0.15011,0.11132,Central and Eastern Europe
Kazakhstan,2017,166805788827.233,72.95,18037776.0,214897.7,100.0,76.42674823,27.5,0.746,5.81899976730347,1.28455626964569,1.38436901569366,0.606041550636292,0.437454283237457,0.201964423060417,0.119282886385918,
Kazakhstan,2018,179339977690.485,73.15,18276452.0,216896.7,100.0,78.90391906,27.8,0.777060389518738,5.79,1.143,1.516,0.631,0.454,0.148,0.121,
Kazakhstan,2019,181667184854.501,73.18,18513673.0,204592.2,100.0,81.87762047,28.0,,5.809,1.173,1.508,0.729,0.41,0.146,0.096,
Kenya,2015,70120446896.8359,61.892,46851488.0,18090.3,41.6,16.58785485,40.8,,4.419,0.36471,0.99876,0.41435,0.42215,0.37542,0.05839,Sub-Saharan Africa
Kenya,2016,74815144163.8931,62.163,47894670.0,19310.1,53.1,16.6,,,4.356,0.52267,0.7624,0.30147,0.40576,0.41328,0.06686,Sub-Saharan Africa
Kenya,2017,82036510877.2599,62.481,48948137.0,20097.2,55.8319931030273,17.82710021,,0.518,4.55299997329712,0.560479462146759,1.06795072555542,0.309988349676132,0.452763766050339,0.444860309362411,0.0646413192152977,
Kenya,2018,92202979985.2863,62.676,49953304.0,19253.9,61.1806144714355,19.5,,0.542186081409454,4.41,0.493,1.048,0.454,0.504,0.352,0.055,
Kenya,2019,100378436207.371,62.943,50951450.0,19481.9,69.7,22.66877336,,,4.509,0.512,0.983,0.581,0.431,0.372,0.053,
"Korea, Rep.",2015,1466038936206.43,82.0243902439024,51014947.0,607827.1,100.0,89.8962558,,,5.984,1.24461,0.95774,0.96538,0.33208,0.18557,0.07857,Eastern Asia
"Korea, Rep.",2016,1499679823909.61,82.2756097560976,51217803.0,615443.6,100.0,92.84302568,31.4,,5.835,1.35948,0.72194,0.88645,0.25168,0.18824,0.07716,Eastern Asia
"Korea, Rep.",2017,1623074183501.9,82.6268292682927,51361911.0,626178.4,100.0,95.06942188,,0.845,5.83799982070923,1.40167844295502,1.12827444076538,0.900214076042175,0.257921665906906,0.206674367189407,0.0632826685905457,
"Korea, Rep.",2018,1725373496825.43,82.6268292682927,51585058.0,630186.6,100.0,96.02285958,,0.834545075893402,5.875,1.266,1.204,0.955,0.244,0.175,0.051,
"Korea, Rep.",2019,1651422932447.77,83.2268292682927,51764822.0,612133.7,100.0,96.15757918,,,5.895,1.301,1.219,1.036,0.159,0.175,0.056,
Kosovo,2015,6295848422.71573,78.922,1788196.0,,,,26.5,,5.589,0.80148,0.81198,0.63132,0.24749,0.2831,0.04741,Central and Eastern Europe
Kosovo,2016,6682677289.98994,78.981,1777557.0,,,,26.7,,5.401,0.90145,0.66062,0.54,0.14396,0.27992,0.06547,Central and Eastern Europe
Kosovo,2017,7180764703.35718,78.783,1791003.0,,,83.89359681,29.0,0.56,5.27899980545044,0.951484382152557,1.13785350322723,0.541452050209045,0.260287940502167,0.319931447505951,0.0574716180562973,
Kosovo,2018,7878759714.82322,78.696,1797085.0,,,89.44303197,,0.569061994552612,5.662,0.855,1.23,0.578,0.448,0.274,0.023,
Kosovo,2019,7899737577.47286,79.022,1788878.0,,,,,,6.1,0.882,1.232,0.758,0.489,0.262,0.006,
Kuwait,2015,114585576961.43,79.562,3908743.0,89021.7,100.0,82.0,,,6.295,1.55422,1.16594,0.72492,0.55499,0.16228,0.25609,Middle East and Northern Africa
Kuwait,2016,109406328917.014,79.701,4048085.0,91376.2,100.0,85.6,,,6.239,1.61714,0.87758,0.63569,0.43166,0.15965,0.23669,Middle East and Northern Africa
Kuwait,2017,120687539805.505,79.781,4124904.0,90378.3,100.0,97.99998933,,0.576,6.10500001907349,1.63295245170593,1.25969874858856,0.632105708122253,0.496337592601776,0.228289797902107,0.215159550309181,
Kuwait,2018,138202535799.918,79.722,4317185.0,92652.1,100.0,99.59884959,,0.564260244369507,6.083,1.474,1.301,0.675,0.554,0.167,0.106,
Kuwait,2019,136191825724.364,79.685,4441100.0,93863.6,100.0,99.54267645,,,6.021,1.5,1.319,0.808,0.493,0.142,0.097,
Lao PDR,2015,14426381187.0894,66.67,6787419.0,8875.9,89.7,18.2,,,4.876,0.59066,0.73803,0.54909,0.59591,0.42192,0.24249,Southeastern Asia
Lao PDR,2016,15912495368.8717,67.167,6891363.0,15702.2,89.0115585327148,21.87,,,4.876,0.68042,0.5497,0.38291,0.52168,0.43079,0.22423,Southeastern Asia
Lao PDR,2018,18141651381.3884,67.634,7105006.0,19663.8,92.9,36.3,38.8,0.456815421581268,4.623,0.72,1.034,0.441,0.626,0.23,0.174,
Lao PDR,2019,18740559554.1632,68.138,7212053.0,19170.9,98.397346496582,47.03225806,,,4.796,0.764,1.03,0.551,0.547,0.266,0.164,
Latvia,2015,27263090547.0617,74.4804878048781,1977527.0,7315.9,100.0,79.20058292,34.2,,5.098,1.11312,1.09562,0.72437,0.29671,0.18226,0.06332,Central and Eastern Europe
Latvia,2016,28083597512.4841,74.580487804878,1959537.0,7145.3,100.0,79.84209778,34.3,,5.56,1.21788,0.95025,0.63952,0.27996,0.17445,0.0889,Central and Eastern Europe
Latvia,2017,30483806017.8318,74.6292682926829,1942248.0,7116.7,100.0,80.114077,35.6,0.724,5.84999990463257,1.26074862480164,1.40471494197845,0.638566970825195,0.325707912445068,0.153074786067009,0.0738427266478539,
Latvia,2018,34429023435.0211,74.7829268292683,1927174.0,7785.2,100.0,83.57717486,35.1,0.738353431224823,5.933,1.148,1.454,0.671,0.363,0.092,0.066,
Latvia,2019,34225547537.0745,75.3878048780488,1913822.0,7569.1,100.0,86.13545644,34.5,,5.94,1.187,1.465,0.812,0.264,0.075,0.064,
Lebanon,2015,49929337836.8159,79.229,6398940.0,27016.8,99.7377777099609,74.0,,,4.839,1.02564,0.80001,0.83947,0.33916,0.21854,0.04582,Middle East and Northern Africa
Lebanon,2016,51147308774.1294,79.505,6258619.0,27755.1,99.796501159668,76.11,,,5.129,1.12268,0.64184,0.76171,0.26228,0.23693,0.03061,Middle East and Northern Africa
Lebanon,2017,53027680685.9038,79.654,6109252.0,29170.9,99.8519134521484,78.18077489,,0.538,5.22499990463257,1.07498753070831,1.12962424755096,0.735081076622009,0.288515985012054,0.264450758695602,0.037513829767704,
Lebanon,2018,54901519155.5556,79.729,5950839.0,27401.3,99.7,80.9,,0.524635970592499,5.358,0.965,1.179,0.785,0.503,0.214,0.136,
Lebanon,2019,51605959131.2741,79.236,5781907.0,26916.5,99.9504852294922,79.7588832,,,5.197,0.987,1.224,0.815,0.216,0.166,0.027,
Lesotho,2015,2359686724.53829,51.101,2118521.0,2144.2,31.774808883667,25.0,,,4.898,0.37545,1.04103,0.07612,0.31767,0.16388,0.12504,Sub-Saharan Africa
Lesotho,2017,2306185472.14868,53.064,2170617.0,2402.3,33.7,39.0,44.9,0.371,3.80800008773804,0.521021246910095,1.19009518623352,0.0,0.390661299228668,0.157497271895409,0.119094640016556,
Lesotho,2018,2556247291.99785,53.733,2198017.0,2276.6,47.0,40.8,,0.398492515087128,3.808,0.472,1.215,0.079,0.423,0.116,0.112,
Lesotho,2019,2361966946.29803,54.173,2225702.0,2300.1,44.5633964538574,42.30173357,,,3.802,0.489,1.169,0.168,0.359,0.107,0.093,
Liberia,2015,3227075700.0,59.148,4612329.0,1247.8,15.2267560958862,10.0,,,4.571,0.0712,0.78968,0.34201,0.28531,0.24362,0.06232,Sub-Saharan Africa
Liberia,2016,3398419600.0,60.416,4706097.0,1397.89,17.7,15.7,35.3,,3.622,0.10706,0.50353,0.23165,0.25748,0.24063,0.04852,Sub-Saharan Africa
Liberia,2017,3390703400.0,60.553,4796631.0,1268.4,24.2,16.3,,0.319,3.53299999237061,0.119041793048382,0.872117936611176,0.229918196797371,0.332881182432175,0.26654988527298,0.0389482490718365,
Liberia,2018,3422754800.0,60.853,4889391.0,1126.6,22.7701358795166,18.9,,0.317570239305496,3.495,0.076,0.858,0.267,0.419,0.206,0.03,
Liberia,2019,3319596500.0,61.104,4985289.0,1146.2,23.1,23.48259047,,,3.975,0.073,0.922,0.443,0.37,0.233,0.033,
Libya,2015,48717506273.4399,71.698,6192235.0,51331.2,73.8310775756836,,,,5.754,1.13145,1.11862,0.7038,0.41668,0.18295,0.11023,Middle East and Northern Africa
Libya,2016,49912085228.2887,71.756,6282196.0,48694.8,72.2062683105469,,,,5.615,1.06688,0.95076,0.52304,0.40672,0.17087,0.10339,Middle East and Northern Africa
Libya,2017,67157451661.405,72.482,6378261.0,52095.1,70.5781478881836,,,,5.52500009536743,1.10180306434631,1.35756433010101,0.520169019699097,0.465733230113983,0.152073666453362,0.0926102101802826,
Libya,2018,76686048497.4801,72.794,6477793.0,54100.1,67.0,,,,5.566,0.985,1.35,0.553,0.496,0.116,0.148,
Libya,2019,69254143966.8182,72.463,6569088.0,54692.7,68.4728927612305,,,,5.525,1.044,1.303,0.673,0.416,0.133,0.152,
Lithuania,2015,41435533340.3883,74.3219512195122,2904910.0,11067.4,100.0,71.37805901,37.4,,5.833,1.14723,1.25745,0.73128,0.21342,0.02641,0.01031,Central and Eastern Europe
Lithuania,2016,43047309305.7363,74.6707317073171,2868231.0,11203.1,100.0,74.37664556,38.4,,5.813,1.2692,1.06411,0.64674,0.18929,0.02025,0.0182,Central and Eastern Europe
Lithuania,2017,47758736931.7801,75.4804878048781,2828403.0,11222.2,100.0,77.61525651,37.3,0.712,5.90199995040894,1.31458234786987,1.47351610660553,0.62894994020462,0.234231784939766,0.010164656676352,0.0118656428530812,
Lithuania,2018,53751411409.4447,75.6804878048781,2801543.0,11652.5,100.0,79.72258277,35.7,0.726695239543915,5.952,1.197,1.527,0.716,0.35,0.026,0.006,
Lithuania,2019,54808531641.4117,76.2829268292683,2794137.0,11735.8,100.0,81.58186838,35.3,,6.149,1.238,1.515,0.818,0.291,0.043,0.042,
Luxembourg,2015,60071584216.1375,82.2926829268293,569604.0,9133.4,100.0,96.37671417,32.9,,6.946,1.56391,1.21963,0.91894,0.61583,0.28034,0.37798,Western Europe
Luxembourg,2016,62216885435.9488,82.6853658536585,582014.0,8845.9,100.0,98.13669867,31.7,,6.871,1.69752,1.03999,0.84542,0.5487,0.27571,0.35329,Western Europe
Luxembourg,2017,65712180342.9836,82.0951219512195,596336.0,9006.5,100.0,97.36296032,34.5,0.692,6.86299991607666,1.74194359779358,1.45758366584778,0.845089495182037,0.59662789106369,0.283180981874466,0.31883442401886,
Luxembourg,2018,71000359760.4611,82.2951219512195,607950.0,9320.8,100.0,97.06129871,35.4,0.692368566989899,6.91,1.576,1.52,0.896,0.632,0.196,0.321,
Luxembourg,2019,69890505323.5842,82.6390243902439,620001.0,9500.3,100.0,97.12063569,34.2,,7.09,1.609,1.479,1.012,0.526,0.194,0.316,
Madagascar,2015,11323020701.3017,64.339,24850912.0,3284.62,23.7550201416016,4.17397219,,,3.681,0.20824,0.66801,0.46721,0.19184,0.21333,0.08124,Sub-Saharan Africa
Madagascar,2016,11848613858.442,64.997,25501941.0,3181.72,22.9,4.713662899,,,3.695,0.27954,0.46115,0.37109,0.13684,0.2204,0.07506,Sub-Saharan Africa
Madagascar,2017,13176313593.5509,65.094,26169542.0,3481.0,24.1,6.4,,0.374,3.64400005340576,0.305808693170547,0.913020372390747,0.375223308801651,0.189196765422821,0.208732530474663,0.0672319754958153,
Madagascar,2018,13760033282.2925,65.27,26846541.0,3304.87,36.5,8.7,,0.38549268245697,3.774,0.262,0.908,0.402,0.221,0.155,0.049,
Madagascar,2019,14104664678.5063,65.882,27533134.0,3927.7,31.04,11.83136182,,,3.933,0.274,0.916,0.555,0.148,0.169,0.041,
Malawi,2015,9219474379.31534,61.378,16938942.0,1089.52,10.8,6.0,,,4.292,0.01604,0.41134,0.22562,0.43054,0.33128,0.06977,Sub-Saharan Africa
Malawi,2016,7909868618.46366,62.209,17405624.0,1223.57,11.0,6.3,44.7,,4.156,0.08709,0.147,0.29364,0.4143,0.30968,0.07564,Sub-Saharan Africa
Malawi,2017,8943543677.18899,62.977,17881167.0,1394.6,12.7,7.0,,0.407,3.97000002861023,0.233442038297653,0.512568831443787,0.315089583396912,0.466914653778076,0.287170469760895,0.0727116540074348,
Malawi,2018,9880675785.93057,63.276,18367883.0,1609.4,18.02,8.0,,0.411061704158783,3.587,0.186,0.541,0.306,0.531,0.21,0.08,
Malawi,2019,11025371147.1876,64.119,18867337.0,1643.7,11.2,13.43919985,38.5,,3.41,0.191,0.56,0.495,0.443,0.218,0.089,
Malaysia,2015,301355266964.947,75.094,31068833.0,236229.4,99.8620300292969,71.06406781,41.1,,5.77,1.12486,1.07023,0.72394,0.53024,0.33075,0.10501,Southeastern Asia
Malaysia,2016,301256033870.334,75.289,31526418.0,231669.4,99.9,78.78830993,,,6.005,1.25142,0.88025,0.62366,0.39031,0.41474,0.09081,Southeastern Asia
Malaysia,2017,319109094160.343,75.476,31975806.0,225104.1,99.9786987304688,80.14047901,,0.622,6.08400011062622,1.29121541976929,1.28464603424072,0.618784427642822,0.402264982461929,0.416608929634094,0.0656007081270218,
Malaysia,2018,358788845712.53,75.644,32399271.0,241451.4,99.9971542358398,81.20104862,41.2,0.632578670978546,6.322,1.161,1.258,0.669,0.356,0.311,0.059,
Malaysia,2019,365177721021.516,75.76,32804020.0,244882.0,100.0,84.18714501,,,5.339,1.221,1.171,0.828,0.508,0.26,0.024,
Mali,2015,13104764378.326,58.363,18112907.0,3343.8,37.6,10.33,,,3.995,0.26074,1.03526,0.20583,0.38857,0.18798,0.12352,Sub-Saharan Africa
Mali,2016,14026048335.7047,58.731,18700106.0,3408.6,38.7969284057617,14.0,,,4.073,0.31292,0.86333,0.16347,0.27544,0.21064,0.13647,Sub-Saharan Africa
Mali,2017,15365713048.1993,59.132,19311355.0,3629.8,34.78,18.9,,0.317,4.19000005722046,0.476180493831635,1.28147339820862,0.169365674257278,0.306613743305206,0.183354198932648,0.104970246553421,
Mali,2018,17070867589.9055,59.393,19934298.0,3867.9,50.9,21.4,36.0,0.321505188941956,4.447,0.37,1.233,0.152,0.367,0.139,0.056,
Mali,2019,17280250810.0321,59.664,20567424.0,3937.4,47.8547897338867,22.31109004,,,4.39,0.385,1.105,0.308,0.327,0.153,0.052,
Malta,2015,11091483659.6156,81.8975609756097,445053.0,1657.1,100.0,75.96001898,29.4,,6.302,1.2074,1.30203,0.88721,0.60365,0.51752,0.13586,Western Europe
Malta,2016,11668015565.8082,82.4536585365854,455356.0,1352.3,100.0,78.0751488,29.1,,6.488,1.30782,1.09879,0.80315,0.54994,0.56237,0.17554,Western Europe
Malta,2017,13484541925.7714,82.3463414634146,467999.0,1521.2,100.0,81.01191108,29.2,0.701,6.52699995040894,1.34327983856201,1.48841166496277,0.821944236755371,0.588767051696777,0.574730575084686,0.153066068887711,
Malta,2018,15404393365.2073,82.4487804878049,484630.0,1552.5,100.0,81.65804429,28.7,0.708490550518036,6.627,1.27,1.525,0.884,0.645,0.376,0.142,
Malta,2019,15992378640.0553,82.8585365853659,504062.0,1658.6,100.0,85.77859638,31.0,,6.726,1.3,1.52,0.999,0.564,0.375,0.151,
Mauritania,2015,6166863896.68677,64.485,3946220.0,2966.5,39.5,17.6,,,4.436,0.45407,0.86908,0.35874,0.24232,0.219,0.17461,Sub-Saharan Africa
Mauritania,2016,6398747592.13185,64.768,4051890.0,2584.2,41.2455101013184,24.1,,,4.201,0.61391,0.84142,0.28639,0.1268,0.22686,0.17955,Sub-Saharan Africa
Mauritania,2017,6800135898.28827,65.083,4160015.0,3408.3,42.9,24.2,,0.353,4.29199981689453,0.648457288742065,1.2720308303833,0.285349279642105,0.0960980430245399,0.201870024204254,0.136957004666328,
Mauritania,2018,7473550557.07378,65.31,4270712.0,3716.1,43.5892791748047,35.1,,0.3705914914608,4.356,0.557,1.245,0.292,0.129,0.134,0.093,
Mauritania,2019,7894764885.82312,65.687,4383849.0,3824.8,44.9479293823242,42.32068274,32.0,,4.49,0.57,1.167,0.489,0.066,0.106,0.088,
Mauritius,2015,12007291045.6489,74.3531707317073,1262879.0,3960.9,99.5736541748047,50.13931848,,,5.477,1.00761,0.98521,0.7095,0.56066,0.37744,0.07521,Sub-Saharan Africa
Mauritius,2016,12594155464.4136,74.3948780487805,1263747.0,4035.5,99.6927947998047,52.19132594,,,5.648,1.14372,0.75695,0.66189,0.46145,0.36951,0.05203,Sub-Saharan Africa
Mauritius,2017,13713506130.6081,74.5146341463415,1264887.0,4174.4,99.61,55.4032403,36.8,0.626,5.62900018692017,1.18939554691315,1.20956099033356,0.638007462024689,0.491247326135635,0.360933750867844,0.0421815551817417,
Mauritius,2018,14735695930.9727,74.4163414634146,1265577.0,4133.9,99.7866134643555,58.5961697,,0.62326991558075,5.891,1.09,1.387,0.684,0.584,0.245,0.05,
Mauritius,2019,14436346979.6355,74.2358536585366,1265985.0,4173.7,100.0,61.72995515,,,5.888,1.12,1.402,0.798,0.498,0.215,0.06,
Mexico,2015,1213294467527.59,74.682,120149897.0,471632.6,99.0,57.43104299,,,7.187,1.02054,0.91451,0.81444,0.48181,0.14074,0.21312,Latin America and Caribbean
Mexico,2016,1112233497399.12,74.412,121519221.0,476394.6,99.5,59.540446,46.9,,6.778,1.11508,0.7146,0.71143,0.37709,0.11735,0.18355,Latin America and Caribbean
Mexico,2017,1190721475958.84,74.138,122839258.0,474498.5,100.0,53.03178861,,0.607,6.57800006866455,1.15318381786346,1.210862159729,0.709978997707367,0.412730008363724,0.120990432798862,0.132774114608765,
Mexico,2018,1256300182983.65,74.015,124013861.0,444898.4,99.5,56.6595668,46.0,0.611657083034515,6.488,1.038,1.252,0.761,0.479,0.069,0.095,
Mexico,2019,1305212479961.59,74.202,125085311.0,451828.8,99.6,69.63210927,,,6.595,1.07,1.323,0.861,0.433,0.074,0.073,
Moldova,2015,7798692878.40136,69.24,2835978.0,8020.6,99.8614807128906,43.1,27.0,,5.889,0.59448,1.01528,0.61826,0.32818,0.20951,0.01615,Central and Eastern Europe
Moldova,2016,7982450758.03213,69.917,2803186.0,8143.0,99.9373474121094,46.7,26.3,,5.897,0.69177,0.83132,0.52309,0.25202,0.19997,0.01903,Central and Eastern Europe
Moldova,2017,9519053158.46404,70.516,2755189.0,8064.0,99.98,49.9,25.9,0.58,5.83799982070923,0.728870630264282,1.25182557106018,0.589465200901031,0.240729048848152,0.208779126405716,0.0100912861526012,
Moldova,2018,11253727815.4762,70.492,2707203.0,8555.9,99.99,50.3,25.7,0.581760942935944,5.64,0.657,1.301,0.62,0.232,0.171,0.0,
Moldova,2019,11735774634.4239,70.935,2664224.0,8921.6,100.0,57.76048611,26.0,,5.529,0.685,1.328,0.739,0.245,0.181,0.0,
Mongolia,2015,11619892590.6941,69.498,2964749.0,17300.6,87.9682312011719,22.50000413,,,4.874,0.82819,1.3006,0.60268,0.43626,0.3323,0.02666,Eastern Asia
Mongolia,2016,11181350649.3573,69.865,3029555.0,18172.8,90.8075485229492,22.2657705,32.3,,4.907,0.98853,1.08983,0.55469,0.35972,0.34539,0.03285,Eastern Asia
Mongolia,2017,11480847740.736,70.237,3096030.0,19575.5,93.6207580566406,23.71426517,,0.626,4.95499992370605,1.02723586559296,1.4930112361908,0.557783484458923,0.394143968820572,0.338464230298996,0.0329022891819477,
Mongolia,2018,13178094720.4986,71.199,3163991.0,21545.7,98.1,47.13000188,32.7,0.617309272289276,5.125,0.914,1.517,0.575,0.395,0.253,0.032,
Mongolia,2019,14206359017.5143,71.822,3232430.0,23146.9,98.9232559204102,51.07999408,,,5.285,0.948,1.531,0.667,0.317,0.235,0.038,
Montenegro,2015,4054730077.57718,76.4487804878049,622159.0,2359.1,99.4931488037109,68.11978601,39.0,,5.192,0.97438,0.90557,0.72521,0.1826,0.1614,0.14296,Central and Eastern Europe
Montenegro,2016,4376930578.32395,76.4414634146341,622303.0,2150.7,99.5997543334961,69.88164684,38.5,,5.161,1.07838,0.74173,0.63533,0.15111,0.17191,0.12721,Central and Eastern Europe
Montenegro,2017,4856599480.79882,76.4853658536585,622373.0,2267.0,100.0,71.27233254,36.9,0.615,5.23699998855591,1.12112903594971,1.23837649822235,0.667464673519135,0.194989055395126,0.197911024093628,0.0881741940975189,
Montenegro,2018,5506942238.35668,76.8414634146342,622227.0,2500.3,100.0,71.51710049,36.8,0.622822225093842,5.347,1.017,1.279,0.729,0.259,0.111,0.081,
Montenegro,2019,5542054181.12616,76.6829268292683,622028.0,2601.1,99.9622802734375,73.47666575,35.7,,5.523,1.051,1.361,0.871,0.197,0.142,0.08,
Morocco,2015,110413823841.592,72.92,34680458.0,60362.5,97.3,57.07999935,,,5.013,0.73479,0.64095,0.60954,0.41691,0.07172,0.08546,Middle East and Northern Africa
Morocco,2016,111572947004.917,73.284,35107264.0,60289.9,97.8,58.27123642,,,5.151,0.84058,0.38595,0.59471,0.25646,0.04053,0.08404,Middle East and Northern Africa
Morocco,2017,118540573367.844,73.66,35528115.0,63014.9,100.0,61.76221201,,0.5,5.2350001335144,0.878114581108093,0.774864435195923,0.59771066904068,0.408158332109451,0.0322099551558495,0.0877631828188896,
Morocco,2018,127341147581.818,73.986,35927511.0,64286.1,98.1,64.80386519,,0.492540985345841,5.254,0.779,0.797,0.669,0.46,0.026,0.074,
Morocco,2019,128920266409.458,74.27,36304408.0,70986.3,99.6,84.12036305,,,5.208,0.801,0.782,0.782,0.418,0.036,0.076,
Mozambique,2015,16208985769.615,58.151,26843246.0,5478.3,24.0,6.5,,,4.971,0.08308,1.02626,0.09131,0.34037,0.22269,0.15603,Sub-Saharan Africa
Mozambique,2017,13264640645.7768,59.771,28569441.0,7162.3,24.3,7.796326608,,0.361,4.55000019073486,0.234305649995804,0.870701014995575,0.106654435396194,0.480791091918945,0.322228103876114,0.179436385631561,
Mozambique,2018,15017358750.6113,60.526,29423878.0,6875.1,31.1,10.9,,0.355467021465302,4.417,0.198,0.902,0.173,0.531,0.206,0.158,
Mozambique,2019,15512759174.573,61.166,30285595.0,7530.2,29.6864433288574,14.63855268,50.5,,4.466,0.204,0.986,0.39,0.494,0.197,0.138,
Myanmar,2015,59687411768.8224,65.561,51483949.0,19034.0,60.5,10.9,38.1,,4.307,0.27108,0.70905,0.48246,0.44017,0.79588,0.19034,Southeastern Asia
Myanmar,2016,63216143490.1423,65.685,51892349.0,21860.8,55.6,16.0,,,4.395,0.34112,0.69981,0.3988,0.42692,0.81971,0.20243,Southeastern Asia
Myanmar,2017,66055090634.4518,65.843,52288341.0,32497.0,69.8148365975088,23.62108195,30.7,0.473,4.54500007629395,0.367110550403595,1.12323594093323,0.397522568702698,0.514492034912109,0.838075160980225,0.188816204667091,
Myanmar,2018,67855845007.3168,66.465,52666014.0,32784.5,66.1009368896484,28.7,,0.471832513809204,4.308,0.682,1.174,0.429,0.58,0.598,0.178,
Myanmar,2019,75072038085.8542,66.61,53040212.0,33995.0,68.3115005493164,30.63536537,,,4.36,0.71,1.181,0.555,0.525,0.566,0.172,
Namibia,2016,10722018732.0936,61.682,2323352.0,4152.0,49.7,31.03334594,,,4.574,0.93287,0.70362,0.34745,0.48614,0.07795,0.10398,Sub-Saharan Africa
Namibia,2017,12895153160.466,62.293,2364534.0,4224.0,52.5,36.83740647,,0.435,4.57399988174438,0.964434325695038,1.0984708070755,0.33861181139946,0.520303547382355,0.0771337449550629,0.0931469723582268,
Namibia,2018,13682018827.0434,62.586,2405680.0,4279.3,52.3216552734375,40.0,,0.445078074932098,4.441,0.874,1.281,0.365,0.519,0.051,0.064,
Namibia,2019,12541928102.7657,63.075,2446644.0,4316.3,53.2785835266113,44.8268148,,,4.639,0.879,1.313,0.477,0.401,0.07,0.056,
Nepal,2015,24360801337.6944,67.456,27610325.0,7186.2,82.0142288208008,17.58161801,,,4.514,0.35997,0.86449,0.56874,0.38282,0.32296,0.05907,Southern Asia
Nepal,2016,24524109483.5293,68.776,27861186.0,10735.7,90.7,20.7,,,4.793,0.44626,0.69699,0.50073,0.37012,0.3816,0.07008,Southern Asia
Nepal,2017,28971588880.3546,68.91,28183426.0,13265.3,86.6246566772461,24.3,,0.49,4.96199989318848,0.479820191860199,1.17928326129913,0.504130780696869,0.440305948257446,0.394096165895462,0.0729755461215973,
Nepal,2018,33111525183.2178,68.979,28506712.0,15139.4,93.92,28.6,,0.498192399740219,4.88,0.425,1.228,0.539,0.526,0.302,0.078,
Nepal,2019,34186180695.9969,69.558,28832496.0,13860.5,89.9,34.80551799,,,4.913,0.446,1.226,0.677,0.439,0.285,0.089,
Netherlands,2015,765572770634.375,81.509756097561,16939923.0,157376.0,100.0,91.72413793,28.2,,7.378,1.32944,1.28017,0.89284,0.61576,0.4761,0.31814,Western Europe
Netherlands,2016,784060430240.08,81.5609756097561,17030314.0,158499.3,100.0,90.4109589,28.2,,7.339,1.46468,1.02912,0.81231,0.55211,0.47416,0.29927,Western Europe
Netherlands,2017,833869641687.06,81.7609756097561,17131296.0,155710.9,100.0,93.19727891,28.5,0.8,7.3769998550415,1.50394463539124,1.42893922328949,0.810696125030518,0.585384488105774,0.470489829778671,0.282661825418472,
Netherlands,2018,914043438179.607,81.8121951219512,17231624.0,151382.3,100.0,91.89189189,28.1,0.803038597106934,7.441,1.361,1.488,0.878,0.638,0.333,0.295,
Netherlands,2019,910194347568.626,82.1121951219512,17344874.0,145939.237,100.0,93.2885906,29.2,,7.488,1.396,1.522,0.999,0.557,0.322,0.298,
New Zealand,2015,178064471137.921,81.6124390243903,4609400.0,32281.2,100.0,85.2,,,7.286,1.25018,1.31967,0.90837,0.63938,0.47501,0.42922,Australia and New Zealand
New Zealand,2016,188838342527.975,81.6585365853659,4714100.0,31185.7,100.0,86.5,,,7.334,1.36066,1.17278,0.83096,0.58147,0.49401,0.41904,Australia and New Zealand
New Zealand,2017,206556258844.567,81.8585365853659,4813600.0,32927.4,100.0,87.7,,0.767,7.31400012969971,1.40570604801178,1.54819512367249,0.816759705543518,0.614062130451202,0.500005125999451,0.382816702127457,
New Zealand,2018,211886686924.483,81.7073170731707,4900600.0,32409.0,100.0,89.0,,0.771214008331299,7.324,1.268,1.601,0.876,0.669,0.365,0.389,
New Zealand,2019,213091987153.092,82.0560975609756,4979200.0,34008.2,100.0,89.86372003,,,7.307,1.303,1.557,1.026,0.585,0.33,0.38,
Nicaragua,2015,12756685522.4807,72.983,6298598.0,5286.7,83.2425537109375,19.7042915,,,5.828,0.59325,1.14184,0.74314,0.55475,0.27815,0.19317,Latin America and Caribbean
Nicaragua,2016,13286101284.7856,73.256,6389235.0,5410.7,83.9479675292969,24.57183396,,,5.992,0.69384,0.89521,0.65213,0.46582,0.29773,0.16292,Latin America and Caribbean
Nicaragua,2017,13785924374.2151,73.554,6480532.0,5428.9,84.6272811889648,30.4,,0.531,6.07100009918213,0.737299203872681,1.28721570968628,0.653095960617065,0.447551846504211,0.301674216985703,0.130687981843948,
Nicaragua,2018,13025234958.647,73.85,6572233.0,5024.8,85.2143325805664,37.6,,0.507381021976471,6.141,0.668,1.319,0.7,0.527,0.208,0.128,
Nicaragua,2019,12699028991.3771,74.054,6663924.0,5131.9,85.661979675293,44.91635601,,,6.105,0.694,1.325,0.835,0.435,0.2,0.127,
Niger,2015,9683867926.44282,61.083,20128124.0,2111.59,16.6,2.476219975,,,3.845,0.0694,0.77265,0.29707,0.47692,0.19387,0.15639,Sub-Saharan Africa
Niger,2016,10398861981.7583,61.629,20921743.0,2096.26,16.9739780426025,4.32275803,,,3.856,0.1327,0.6053,0.26162,0.38041,0.2097,0.17176,Sub-Saharan Africa
Niger,2017,11185104251.6785,62.16,21737922.0,1901.0,17.5764389038086,10.22431156,,0.316,4.02799987792969,0.161925330758095,0.993025004863739,0.26850500702858,0.36365869641304,0.228673845529556,0.138572946190834,
Niger,2018,12837307496.8797,62.454,22577058.0,1956.29,17.6,,37.3,0.318029463291168,4.166,0.131,0.867,0.221,0.39,0.175,0.099,
Niger,2019,12889555561.304,62.897,23443393.0,2159.15,18.4574337005615,16.61190218,,,4.628,0.138,0.774,0.366,0.318,0.188,0.102,
Nigeria,2015,493026682800.63,51.841,183995785.0,107746.4,52.5,24.5,35.9,,5.268,0.65435,0.90432,0.16007,0.34334,0.27233,0.0403,Sub-Saharan Africa
Nigeria,2016,404649125252.16,52.043,188666931.0,110817.5,59.3,28.5,,,4.875,0.75216,0.64498,0.05108,0.27854,0.23219,0.0305,Sub-Saharan Africa
Nigeria,2017,375745731053.427,52.305,193495907.0,108481.2,54.4,33.2,,0.342,5.07399988174438,0.783756256103516,1.21577048301697,0.0569157302379608,0.394952565431595,0.230947196483612,0.0261215660721064,
Nigeria,2018,421739251509.08,52.554,198387623.0,113633.1,56.5,38.7,35.1,0.354753166437149,5.155,0.689,1.172,0.048,0.462,0.201,0.032,
Nigeria,2019,474517491092.913,52.91,203304492.0,119544.1,55.4,45.03137342,,,5.265,0.696,1.111,0.245,0.426,0.215,0.041,
North Macedonia,2015,10064519962.5655,75.4024390243902,2070226.0,7142.1,99.9032745361328,70.38020308,35.6,,5.007,0.91851,1.00232,0.73545,0.33457,0.22359,0.05327,Central and Eastern Europe
North Macedonia,2016,10672467073.2873,75.4,2072490.0,6962.7,99.9661178588867,72.15681447,34.5,,5.121,1.0193,0.78236,0.64738,0.27668,0.23507,0.07047,Central and Eastern Europe
North Macedonia,2017,11307067069.6658,75.9536585365854,2074502.0,7436.2,99.9943161010742,74.51682418,34.2,0.534,5.17500019073486,1.06457793712616,1.20789301395416,0.644948184490204,0.325905978679657,0.25376096367836,0.0602777935564518,
North Macedonia,2018,12683068114.2388,76.6487804878049,2076217.0,6950.6,99.8,79.16775519,33.0,0.535392045974731,5.185,0.959,1.239,0.691,0.394,0.173,0.052,
North Macedonia,2019,12606338448.547,76.6024390243903,2076694.0,7956.1,100.0,81.41288276,33.5,,5.274,0.983,1.294,0.838,0.345,0.185,0.034,
Norway,2015,388159512245.53,82.3048780487805,5188607.0,40288.8,100.0,96.81032569,27.5,,7.522,1.459,1.33095,0.88521,0.66973,0.34699,0.36503,Western Europe
Norway,2016,370956547619.048,82.4073170731707,5234519.0,39578.4,100.0,97.29820367,28.5,,7.498,1.57744,1.1269,0.79579,0.59609,0.37895,0.35776,Western Europe
Norway,2017,401745275035.261,82.609756097561,5276968.0,39174.9,100.0,96.3576013,27.0,0.771,7.53700017929077,1.61646318435669,1.53352355957031,0.796666502952576,0.635422587394714,0.36201223731041,0.315963834524155,
Norway,2018,439788625883.8,82.7585365853659,5311916.0,38571.5,100.0,96.49165799,27.6,0.76853483915329,7.594,1.456,1.582,0.861,0.686,0.286,0.34,
Norway,2019,408742840909.091,82.9585365853659,5347896.0,37661.6,100.0,98.00000439,27.7,,7.554,1.488,1.582,1.028,0.603,0.271,0.341,
Oman,2015,78710793237.9714,77.687,4191776.0,70131.7,100.0,73.53,,,6.853,1.36011,1.08182,0.76276,0.63274,0.21542,0.32524,Middle East and Northern Africa
Pakistan,2015,299963590534.773,65.697,210969298.0,164152.3,90.9774703979492,11.0,31.3,,5.194,0.59543,0.41411,0.51466,0.12102,0.33671,0.10464,Southern Asia
Pakistan,2016,313630000130.435,65.88,213524840.0,181113.3,91.8323059082031,12.38544676,,,5.132,0.68816,0.26135,0.40306,0.14622,0.31185,0.1388,Southern Asia
Pakistan,2017,339205534861.1,66.297,216379655.0,198738.8,92.6610260009766,13.78,,0.389,5.26900005340576,0.72688353061676,0.672690689563751,0.402047783136368,0.23521526157856,0.315446019172668,0.124348066747189,
Pakistan,2018,356128166704.921,66.482,219731479.0,186865.6,93.3974914550781,15.34,29.6,0.399303585290909,5.472,0.652,0.81,0.424,0.334,0.216,0.113,
Pakistan,2019,320909472770.669,66.756,223293280.0,184096.3,93.9,17.07090172,,,5.653,0.677,0.886,0.535,0.313,0.22,0.098,
Panama,2015,54091800000.0,77.468,3957099.0,10609.9,91.6038589477539,51.20542499,50.8,,6.786,1.06353,1.1985,0.79661,0.5421,0.24434,0.0927,Latin America and Caribbean
Panama,2016,57907700000.0,77.653,4026336.0,10652.4,92.3552703857422,54.0,50.4,,6.701,1.18306,0.98912,0.70835,0.48927,0.2418,0.08423,Latin America and Caribbean
Panama,2017,62202700000.0,77.795,4096063.0,10136.4,93.7,59.9506309,49.9,0.532,6.4520001411438,1.23374843597412,1.37319254875183,0.706156134605408,0.550026834011078,0.21055693924427,0.070983923971653,
Panama,2018,67294169200.0,77.863,4165255.0,9918.8,93.8,61.80553132,49.2,0.513944387435913,6.43,1.112,1.438,0.759,0.597,0.125,0.063,
Panama,2019,69721787500.0,77.81,4232532.0,13099.9,93.9,63.62841477,49.8,,6.321,1.149,1.442,0.91,0.516,0.109,0.054,
Paraguay,2015,36211447840.0971,73.191,6177950.0,6367.5,99.331532,49.71630466,47.6,,5.878,0.75985,1.30477,0.66098,0.53899,0.3424,0.08242,Latin America and Caribbean
Paraguay,2016,36089700222.9461,73.534,6266615.0,7192.6,98.4,53.40412748,47.9,,5.538,0.89373,1.11111,0.58295,0.46235,0.25296,0.07396,Latin America and Caribbean
Paraguay,2017,38997129473.5558,73.644,6355404.0,7920.9,99.3,61.07575622,48.5,0.533,5.49300003051758,0.932537317276001,1.50728487968445,0.579250693321228,0.473507791757584,0.224150657653809,0.091065913438797,
Paraguay,2018,40225448340.6322,73.568,6443328.0,8360.1,99.6,64.99354302,46.0,0.527505993843079,5.681,0.835,1.522,0.615,0.541,0.162,0.074,
Paraguay,2019,37925338329.1494,73.621,6530026.0,8101.6,99.7,68.51762842,45.7,,5.743,0.855,1.475,0.777,0.514,0.184,0.08,
Peru,2015,189802976285.619,75.621,30711863.0,54553.5,93.852179,40.85260091,43.4,,5.824,0.90019,0.97459,0.73017,0.41496,0.14982,0.05989,Latin America and Caribbean
Peru,2016,191898104390.379,75.789,31132779.0,56860.3,94.2,45.46174069,43.6,,5.743,0.99602,0.81255,0.62994,0.37502,0.14527,0.05292,Latin America and Caribbean
Peru,2017,211007984080.911,75.879,31605486.0,54274.3,94.8,50.45041218,43.3,0.586,5.71500015258789,1.03522527217865,1.21877038478851,0.630166113376617,0.450002878904343,0.126819714903831,0.0470490865409374,
Peru,2018,222597009739.235,76.009,32203944.0,54589.9,95.2,55.05433424,42.4,0.594615280628204,5.663,0.934,1.249,0.674,0.53,0.092,0.034,
Peru,2019,228325821196.153,76.156,32824861.0,56972.2,95.551360223182,59.9505036,41.5,,5.697,0.96,1.274,0.854,0.455,0.083,0.027,
Philippines,2015,306445871246.718,71.268,103031365.0,110990.9,89.08,36.9,44.6,,5.073,0.70532,1.03516,0.58114,0.62545,0.24991,0.12279,Southeastern Asia
Philippines,2016,318627003012.52,71.387,104875266.0,120895.1,91.9827194213867,39.2,,,5.279,0.81217,0.87877,0.47036,0.54854,0.21674,0.11757,Southeastern Asia
Philippines,2017,328480736798.792,71.516,106738501.0,133456.7,93.0,41.6,,0.548,5.42999982833862,0.85769921541214,1.25391757488251,0.468009054660797,0.585214674472809,0.193513423204422,0.0993318930268288,
Philippines,2018,346841896583.515,71.689,108568836.0,139119.1,94.189826965332,44.1,42.3,0.549015581607819,5.524,0.775,1.312,0.513,0.643,0.12,0.105,
Philippines,2019,376823402244.928,71.865,110380804.0,145871.3,95.2904739379883,43.02661187,,,5.631,0.807,1.293,0.657,0.558,0.117,0.107,
Poland,2015,477111287969.227,77.4512195121951,37986412.0,289077.4,100.0,67.99698716,31.8,,5.791,1.12555,1.27948,0.77903,0.53122,0.16759,0.04212,Central and Eastern Europe
Poland,2016,470024559642.469,77.8512195121951,37970087.0,299802.4,100.0,73.3007041,31.2,,5.835,1.24585,1.04685,0.69058,0.4519,0.14443,0.055,Central and Eastern Europe
Poland,2017,524641206566.631,77.7536585365854,37974826.0,312769.9,100.0,75.98536595,29.7,0.747,5.97300004959106,1.29178786277771,1.44571197032928,0.699475347995758,0.520342111587524,0.158465966582298,0.0593078061938286,
Poland,2018,588779850758.053,77.6024390243903,37974750.0,311754.9,100.0,77.54173454,30.2,0.760222196578979,6.123,1.176,1.448,0.781,0.546,0.108,0.064,
Poland,2019,596058473058.766,77.9048780487805,37965475.0,294948.3,100.0,80.43590688,28.8,,6.182,1.206,1.438,0.884,0.483,0.117,0.05,
Portugal,2015,199394066525.44,81.1243902439025,10358076.0,49851.9,100.0,68.63286148,35.5,,5.102,1.15991,1.13935,0.87519,0.51469,0.13719,0.01078,Western Europe
Portugal,2016,206426152308.931,81.1243902439025,10325452.0,48695.2,100.0,70.42356709,35.2,,5.123,1.27607,0.94367,0.79363,0.44727,0.11691,0.01521,Western Europe
Portugal,2017,221357874718.93,81.4243902439025,10300300.0,53272.7,100.0,73.79121395,33.8,0.776,5.19500017166138,1.3151752948761,1.36704301834106,0.795843541622162,0.498465299606323,0.0951027125120163,0.0158694516867399,
Portugal,2018,242313116577.967,81.3243902439024,10283822.0,49461.2,100.0,74.66096815,33.5,0.783440172672272,5.41,1.188,1.429,0.884,0.562,0.055,0.017,
Portugal,2019,239986922638.902,81.6756097560976,10286263.0,44564.7,100.0,75.34637794,32.8,,5.693,1.221,1.431,0.999,0.508,0.047,0.025,
Puerto Rico,2016,104336700000.0,80.27,3406672.0,,100.0,68.6438072,,,7.039,1.35943,1.08113,0.77758,0.46823,0.22202,0.12275,Latin America and Caribbean
Qatar,2015,161739955576.923,80.064,2414573.0,85211.3,100.0,92.88482645,,,6.611,1.69042,1.0786,0.79733,0.6404,0.32573,0.52208,Middle East and Northern Africa
Qatar,2016,151732181868.132,80.433,2595166.0,87066.7,100.0,95.12466217,,,6.375,1.82427,0.87964,0.71723,0.56679,0.32388,0.48049,Middle East and Northern Africa
Qatar,2017,161099122225.275,80.717,2711755.0,87472.1,100.0,97.38884917,,0.615,6.375,1.87076568603516,1.27429687976837,0.710098087787628,0.604130983352661,0.330473870038986,0.439299255609512,
Qatar,2018,183334953818.681,80.898,2766732.0,87099.4,100.0,99.65284913,,0.634825527667999,6.374,1.649,1.303,0.748,0.654,0.256,0.171,
Qatar,2019,176371267689.082,80.99,2807235.0,89486.8,100.0,99.65280421,,,6.374,1.684,1.313,0.871,0.555,0.22,0.167,
Romania,2015,177883883008.747,74.9121951219512,19815616.0,73314.4,98.761360168457,55.76315563,35.9,,5.124,1.04345,0.88588,0.7689,0.35068,0.13748,0.00649,Central and Eastern Europe
Romania,2016,185287630540.431,75.209756097561,19702267.0,71585.2,99.1,59.50395129,34.4,,5.528,1.1697,0.72803,0.67602,0.36712,0.12889,0.00679,Central and Eastern Europe
Romania,2017,210147163769.848,75.309756097561,19588715.0,74208.1,100.0,63.74728218,36.0,0.601,5.82499980926514,1.21768391132355,1.15009129047394,0.685158312320709,0.457003742456436,0.133519917726517,0.00438790069893,
Romania,2018,243316029944.056,75.3585365853659,19473970.0,75190.2,99.8226547241211,70.68127793,35.8,0.594410121440887,5.945,1.116,1.219,0.726,0.528,0.088,0.001,
Romania,2019,251017797625.017,75.6073170731707,19371648.0,73942.8,100.0,73.65747575,34.8,,6.07,1.162,1.232,0.825,0.462,0.083,0.005,
Russian Federation,2015,1363482182197.71,71.1834146341463,144096870.0,1592559.4,95.5,70.09924123,37.7,,5.716,1.13764,1.23617,0.66926,0.36679,0.00199,0.03005,Central and Eastern Europe
Russian Federation,2016,1276786350881.14,71.6512195121951,144342397.0,1571517.3,99.4102249145508,73.09143462,36.8,,5.856,1.23228,1.05261,0.58991,0.32682,0.02736,0.03586,Central and Eastern Europe
Russian Federation,2017,1574199360089.0,72.4514634146342,144496739.0,1594550.3,100.0,76.00813853,37.2,0.729,5.96299982070923,1.28177809715271,1.46928238868713,0.547349333763123,0.373783111572266,0.0522638224065304,0.0329628810286522,
Russian Federation,2018,1657328773461.31,72.6621951219512,144477859.0,1661000.0,100.0,80.86472187,37.5,0.728950440883636,5.81,1.151,1.479,0.599,0.399,0.065,0.025,
Russian Federation,2019,1693115002708.32,73.0839024390244,144406261.0,1703588.7,99.7779693603516,82.64216187,37.7,,5.648,1.183,1.452,0.726,0.334,0.082,0.031,
Rwanda,2015,8544621756.79813,65.298,11642959.0,1080.44,22.8,12.5,,,3.465,0.22208,0.7737,0.42864,0.59201,0.22628,0.55191,Sub-Saharan Africa
Rwanda,2016,8696069807.42495,65.737,11930899.0,1148.0,29.37,14.6,43.7,,3.515,0.32846,0.61586,0.31865,0.5432,0.23552,0.50521,Sub-Saharan Africa
Rwanda,2017,9252834120.39358,65.941,12230339.0,1255.5,34.1,17.2,,0.374,3.47099995613098,0.368745893239975,0.945707023143768,0.326424807310104,0.581843852996826,0.252756029367447,0.455220013856888,
Rwanda,2018,9636254325.02444,66.251,12531808.0,1403.4,37.9568328857422,19.2,,0.376912027597427,3.408,0.332,0.896,0.4,0.636,0.2,0.444,
Rwanda,2019,10346326599.029,66.437,12835028.0,1451.1,46.6,21.35801007,,,3.334,0.359,0.711,0.614,0.555,0.217,0.411,
Saudi Arabia,2015,669484381328.891,76.918,32749848.0,565190.1,100.0,69.6162358,,,6.411,1.39541,1.08393,0.72025,0.31048,0.13706,0.32524,Middle East and Northern Africa
Saudi Arabia,2016,665999879694.192,77.064,33416270.0,561229.7,99.9,74.87927469,,,6.379,1.48953,0.84829,0.59267,0.37904,0.15457,0.30008,Middle East and Northern Africa
Saudi Arabia,2017,714994694991.651,77.16,34193122.0,549749.9,99.97,94.17559961,,0.585,6.3439998626709,1.53062355518341,1.28667759895325,0.590148329734802,0.449750572443008,0.147616013884544,0.27343225479126,
Saudi Arabia,2018,846583791842.629,77.212,35018133.0,527565.7,99.89,93.31000185,,0.580753028392792,6.371,1.379,1.331,0.633,0.509,0.098,0.127,
Saudi Arabia,2019,838564705295.139,77.304,35827362.0,526770.3,99.99,95.7247356,,,6.375,1.403,1.357,0.795,0.439,0.08,0.132,
Senegal,2015,17774766696.1759,66.879,14356181.0,9285.5,60.5,21.7,,,3.904,0.36498,0.97619,0.4354,0.36772,0.20843,0.10713,Sub-Saharan Africa
Senegal,2016,19040312333.1864,67.497,14751356.0,10132.8,64.5,25.66476804,,,4.219,0.44314,0.77416,0.40457,0.31056,0.19103,0.11681,Sub-Saharan Africa
Senegal,2017,20996562943.5979,67.75,15157793.0,9800.8,61.7,29.64312367,,0.418,4.53499984741211,0.479309022426605,1.17969191074371,0.409362852573395,0.377922266721725,0.183468893170357,0.115460447967052,
Senegal,2018,23116701556.1381,68.097,15574909.0,10176.6,66.0,35.3,38.3,0.421063333749771,4.631,0.429,1.117,0.433,0.406,0.138,0.082,
Senegal,2019,23403995992.1354,68.526,16000781.0,12297.8,70.4,36.23662727,,,4.681,0.45,1.134,0.571,0.292,0.153,0.072,
Serbia,2015,39655949731.3816,75.2878048780488,7095383.0,45410.1,99.9,65.3170254,40.5,,5.123,0.92053,1.00964,0.74836,0.20107,0.19231,0.02617,Central and Eastern Europe
Serbia,2016,40692661657.284,75.6878048780488,7058322.0,46635.0,99.947395324707,67.05684137,38.8,,5.177,1.03437,0.81329,0.6458,0.15718,0.20737,0.04339,Central and Eastern Europe
Serbia,2017,44179075778.9267,75.5390243902439,7020858.0,47342.6,100.0,70.33083553,36.2,0.755,5.39499998092651,1.06931757926941,1.25818979740143,0.65078467130661,0.208715528249741,0.220125883817673,0.0409037806093693,
Serbia,2018,50640662859.4987,75.890243902439,6982604.0,46192.4,99.9919052124023,73.36070915,35.0,0.759485483169556,5.398,0.975,1.369,0.685,0.288,0.134,0.043,
Serbia,2019,51514242938.6734,75.9365853658537,6945235.0,46030.1,99.8,77.41677362,34.5,,5.603,1.004,1.383,0.854,0.282,0.137,0.039,
Sierra Leone,2015,4252029353.82191,57.189,7314773.0,1084.5,19.6586170196533,6.344421603,,,4.507,0.33024,0.95571,0.0,0.4084,0.21488,0.08786,Sub-Saharan Africa
Sierra Leone,2016,3862721266.02162,58.404,7493913.0,1170.8,20.3,11.77318438,,,4.635,0.36485,0.628,0.0,0.30685,0.23897,0.08196,Sub-Saharan Africa
Sierra Leone,2017,3719443418.26155,58.652,7677565.0,1120.0,23.4,13.23693043,,0.351,4.70900011062622,0.36842092871666,0.984136044979095,0.0055647538974881,0.318697690963745,0.293040901422501,0.0710951760411263,
Sierra Leone,2018,4085114387.55605,59.796,7861281.0,1043.7,26.1,15.8,35.7,0.35328620672226,4.571,0.256,0.813,0.0,0.355,0.238,0.053,
Sierra Leone,2019,4076578698.79107,60.255,8046828.0,1038.8,22.7,16.8,,,4.374,0.268,0.841,0.242,0.309,0.252,0.045,
Singapore,2015,307998545269.398,82.7439024390244,5535002.0,45431.9,100.0,83.2,,,6.798,1.52186,1.02,1.02525,0.54252,0.31105,0.4921,Southeastern Asia
Singapore,2016,319030057631.089,82.8463414634146,5607283.0,44969.8,100.0,84.45226789,,,6.739,1.64555,0.86758,0.94719,0.4877,0.32706,0.46987,Southeastern Asia
Singapore,2017,343272878686.388,83.0951219512195,5612253.0,47324.2,100.0,84.45226789,,0.884,6.57200002670288,1.69227766990662,1.35381436347961,0.949492394924164,0.549840569496155,0.345965981483459,0.46430778503418,
Singapore,2018,376869492498.009,83.2975609756098,5638676.0,45212.1,100.0,88.16563603,,0.887083649635315,6.343,1.529,1.451,1.008,0.631,0.261,0.457,
Singapore,2019,376837580397.579,83.5951219512195,5703569.0,45163.2,100.0,88.94925269,,,6.262,1.572,1.463,1.141,0.556,0.271,0.453,
Slovak Republic,2015,88900883130.8374,76.5634146341463,5423801.0,30753.7,100.0,77.63468203,26.5,,5.995,1.16891,1.26999,0.78902,0.31751,0.16893,0.03431,Central and Eastern Europe
Slovak Republic,2016,89952699524.894,77.1658536585366,5430798.0,31497.8,100.0,80.47585728,25.2,,6.078,1.27973,1.08268,0.70367,0.23391,0.13837,0.02947,Central and Eastern Europe
Slovak Republic,2017,95649966260.9802,77.1658536585366,5439232.0,33576.5,100.0,81.62566752,23.2,0.694,6.09800004959106,1.32539355754852,1.50505924224854,0.712732911109924,0.295817464590073,0.136544480919838,0.0242108516395092,
Slovak Republic,2018,106137924015.593,77.2658536585366,5446771.0,33005.1,100.0,80.44892248,25.0,0.680050134658813,6.173,1.21,1.537,0.776,0.354,0.118,0.014,
Slovak Republic,2019,105711680180.565,77.6658536585366,5454147.0,31032.5,100.0,82.8536605,23.2,,6.198,1.246,1.504,0.881,0.334,0.121,0.014,
Slovenia,2015,43107506024.3254,80.7756097560976,2063531.0,13139.7,100.0,73.09865997,25.4,,5.848,1.18498,1.27385,0.87337,0.60855,0.25328,0.03787,Central and Eastern Europe
Slovenia,2016,44766722790.5826,81.1756097560976,2065042.0,13903.0,100.0,75.49850426,24.8,,5.768,1.29947,1.05613,0.79151,0.53164,0.25738,0.03635,Central and Eastern Europe
Slovenia,2017,48589100043.0954,81.0292682926829,2066388.0,14123.7,100.0,78.88542636,24.2,0.788,5.75799989700317,1.3412059545517,1.45251882076263,0.790828227996826,0.572575807571411,0.242649093270302,0.0451289787888527,
Slovenia,2018,54177882425.8431,81.3780487804878,2073894.0,14072.9,100.0,79.7499766,24.6,0.7886883020401,5.948,1.219,1.506,0.856,0.633,0.16,0.051,
Slovenia,2019,54386654313.9685,81.5292682926829,2088385.0,13665.0,100.0,83.1083578,24.4,,6.118,1.258,1.523,0.953,0.564,0.144,0.057,
Somalia,2016,7390796616.53029,55.044,14292847.0,654.4,51.1190757751465,1.88,,,5.44,0.0,0.33613,0.11466,0.56778,0.27225,0.3118,Sub-Saharan Africa
Somalia,2017,8252394373.29875,55.654,14864221.0,654.9,52.1,2.004048698,,,5.15100002288818,0.0226431842893362,0.721151351928711,0.113989137113094,0.602126955986023,0.291631311178207,0.282410323619843,
Somalia,2018,8278212314.40591,56.375,15411094.0,656.1,50.7300186157227,,,,4.982,0.0,0.712,0.115,0.674,0.238,0.282,
Somalia,2019,9420431258.24667,57.078,15981300.0,655.7,49.2,,,,4.668,0.0,0.698,0.268,0.559,0.243,0.27,
South Africa,2015,346709790458.563,63.95,55876504.0,425063.1,85.3,51.91911572,,,4.642,0.92049,1.18468,0.27688,0.33207,0.11973,0.08884,Sub-Saharan Africa
South Africa,2016,323585509674.481,64.747,56422274.0,425682.9,83.9,54.0,,,4.459,1.02416,0.96053,0.18611,0.42483,0.13656,0.08415,Sub-Saharan Africa
South Africa,2017,381448814654.62,65.402,56641209.0,435214.5,84.4,56.16739447,,0.406,4.8289999961853,1.05469870567322,1.38478863239288,0.187080070376396,0.479246735572815,0.139362379908562,0.0725094974040985,
South Africa,2018,405260723892.868,65.674,57339635.0,439644.6,84.7,62.4,,0.422549337148666,4.724,0.94,1.41,0.33,0.516,0.103,0.056,
South Africa,2019,389330032221.07,66.175,58087055.0,446626.0,85.0,69.69687508,,,4.722,0.96,1.351,0.469,0.389,0.13,0.055,
South Sudan,2016,,55.544,11066105.0,1730.2,5.3047661781311,3.5,44.1,,3.832,0.39394,0.18519,0.15781,0.19662,0.25899,0.13015,Sub-Saharan Africa
South Sudan,2017,,55.309,10658226.0,1512.1,4.2,4.1,,0.302,3.59100008010864,0.39724862575531,0.601323127746582,0.163486003875732,0.147062435746193,0.285670816898346,0.116793513298035,
South Sudan,2018,,55.95,10395329.0,1768.9,6.28616857528687,4.8,,0.305912971496582,3.254,0.337,0.608,0.177,0.112,0.224,0.106,
South Sudan,2019,,55.912,10447666.0,1824.6,6.77396583557129,5.6,,,2.853,0.306,0.575,0.295,0.01,0.202,0.091,
Spain,2015,1196156971279.69,82.8317073170732,46444832.0,257251.2,100.0,78.68963187,36.2,,6.329,1.23011,1.31379,0.95562,0.45951,0.18227,0.06398,Western Europe
Spain,2016,1233554967011.68,83.3292682926829,46484062.0,248252.1,100.0,80.56133294,35.8,,6.361,1.34253,1.12945,0.87896,0.37545,0.17665,0.06137,Western Europe
Spain,2017,1313245330197.65,83.2829268292683,46593236.0,264723.7,100.0,84.6022457,34.7,0.743,6.40299987792969,1.38439786434174,1.53209090232849,0.888960599899292,0.408781230449677,0.190133571624756,0.0709140971302986,
Spain,2018,1421702715218.04,83.4317073170732,46797754.0,258373.2,100.0,86.10723553,34.7,0.736156404018402,6.31,1.251,1.538,0.965,0.449,0.142,0.074,
Spain,2019,1394320055129.41,83.8317073170732,47134837.0,241886.5,100.0,90.71866533,34.3,,6.354,1.286,1.484,1.062,0.362,0.153,0.079,
Sri Lanka,2015,85140955388.8509,74.927,21336697.0,19240.9,94.3307495117188,15.26,,,4.271,0.83524,1.01905,0.70806,0.53726,0.40828,0.09179,Southern Asia
Sri Lanka,2016,88012282205.8357,75.331,21425494.0,23167.6,97.5,22.19,39.3,,4.415,0.97318,0.84783,0.62007,0.50817,0.46978,0.07964,Southern Asia
Sri Lanka,2017,94376237797.2367,75.403,21506813.0,23140.5,97.5,32.25,,0.584,4.44000005722046,1.00985014438629,1.25997638702393,0.625130832195282,0.561213254928589,0.490863561630249,0.0736539661884308,
Sri Lanka,2018,94493871200.7869,75.748,21670000.0,21690.3,99.585578918457,46.9,,0.59337055683136,4.471,0.918,1.314,0.672,0.585,0.307,0.05,
Sri Lanka,2019,89014978344.1404,76.008,21803000.0,23427.9,99.7613525390625,50.68732735,37.7,,4.366,0.949,1.265,0.831,0.47,0.244,0.047,
Sudan,2015,84984666745.108,64.659,38171178.0,19259.2,48.0156898498535,,,,4.55,0.52107,1.01404,0.36878,0.10081,0.19062,0.1466,Sub-Saharan Africa
Sudan,2016,102943509633.573,64.78,39377169.0,21503.1,50.5049591064453,14.09999994,,,4.139,0.63069,0.81928,0.29759,0.0,0.18077,0.10039,Sub-Saharan Africa
Sudan,2017,129718581297.431,65.445,40679828.0,21579.5,52.9681205749512,18.6,,0.379,4.13899993896484,0.65951669216156,1.21400856971741,0.290920823812485,0.0149958552792668,0.182317450642586,0.089847519993782,
Sudan,2018,32333780383.2924,65.681,41999059.0,21670.3,55.3390274047852,24.6,,0.376040458679199,4.139,0.605,1.24,0.312,0.016,0.134,0.082,
Suriname,2015,5126237646.22072,70.8,575475.0,2724.1,94.983528137207,42.76382778,,,6.269,0.99534,0.972,0.6082,0.59657,0.16991,0.13633,Latin America and Caribbean
Suriname,2016,3317421648.09918,71.592,581453.0,2954.886,95.8207473754883,45.4,,,6.269,1.09686,0.77866,0.50933,0.52234,0.16665,0.12692,Latin America and Caribbean
Sweden,2015,505103781349.757,82.2048780487805,9799186.0,39120.1,100.0,90.61019664,29.2,,7.364,1.33171,1.28907,0.91087,0.6598,0.36262,0.43844,Western Europe
Sweden,2016,515654671469.547,82.3073170731707,9923085.0,38691.2,100.0,89.65094761,29.6,,7.291,1.45181,1.08764,0.83121,0.58218,0.38254,0.40867,Western Europe
Sweden,2017,541018749769.097,82.409756097561,10057698.0,38168.2,100.0,93.00626697,28.8,0.8,7.28399991989136,1.49438726902008,1.47816216945648,0.830875158309937,0.612924098968506,0.385399252176285,0.384398728609085,
Sweden,2018,555455371487.089,82.5585365853659,10175214.0,35915.9,100.0,89.24696316,30.0,0.802509963512421,7.314,1.355,1.501,0.913,0.659,0.285,0.383,
Sweden,2019,533879529188.454,83.109756097561,10278887.0,34964.6,100.0,94.49344341,29.3,,7.343,1.387,1.487,1.009,0.574,0.267,0.373,
Switzerland,2015,694118186379.628,82.8975609756098,8282396.0,39090.8,100.0,87.4790556,32.3,,7.587,1.39651,1.34951,0.94143,0.66557,0.29678,0.41978,Western Europe
Switzerland,2016,687895460902.713,83.6024390243903,8373338.0,39666.5,100.0,89.13468774,33.0,,7.509,1.52733,1.14524,0.86303,0.58557,0.28083,0.41203,Western Europe
Switzerland,2017,695200833086.499,83.5512195121951,8451840.0,38699.0,100.0,89.68614767,32.7,0.767,7.49399995803833,1.56497955322266,1.51691174507141,0.858131289482117,0.620070576667786,0.290549278259277,0.367007285356522,
Switzerland,2018,725568717468.001,83.7536585365854,8514329.0,37481.3,100.0,91.8,33.1,0.766107618808746,7.487,1.42,1.549,0.927,0.66,0.256,0.357,
Switzerland,2019,721369112726.724,83.9048780487805,8575280.0,37376.3,100.0,93.14608695,34.0,,7.48,1.452,1.526,1.052,0.572,0.263,0.343,
Syrian Arab Republic,2015,16468399173.0006,65.124,19205178.0,25260.7,90.0257568359375,29.97979724,,,3.006,0.6632,0.47489,0.72193,0.15684,0.47179,0.18906,Middle East and Northern Africa
Syrian Arab Republic,2016,12598742889.2732,65.993,18964252.0,24479.1,89.8311080932617,31.86962727,,,3.069,0.74719,0.14866,0.62994,0.06912,0.48397,0.17233,Middle East and Northern Africa
Syrian Arab Republic,2017,16369724424.2585,68.481,18983373.0,25794.4,89.6331405639648,32.7,,,3.46199989318848,0.777153134346008,0.396102607250214,0.50053334236145,0.0815394446253777,0.493663728237152,0.151347130537033,
Syrian Arab Republic,2018,21496337948.9175,70.145,19333463.0,28303.1,86.0,33.77,,,3.462,0.689,0.382,0.539,0.088,0.376,0.144,
Syrian Arab Republic,2019,22600896342.9399,71.822,20098251.0,26840.4,89.2305679321289,34.65,,,3.462,0.619,0.378,0.44,0.013,0.331,0.141,
Tajikistan,2015,8271431932.39205,69.306,8524063.0,4904.8,98.0,18.98,34.0,,4.786,0.39047,0.85563,0.57379,0.47216,0.22974,0.15072,Central and Eastern Europe
Tajikistan,2016,6992416096.89018,69.549,8725318.0,5496.7,99.2580032348633,20.47,,,4.996,0.48835,0.75602,0.53119,0.43408,0.25998,0.13509,Central and Eastern Europe
Tajikistan,2017,7536403146.65439,69.905,8925525.0,6757.7,99.3,21.96,,0.533,5.04099988937378,0.524713635444641,1.27146327495575,0.529235124588013,0.471566706895828,0.248997643589973,0.146377146244049,
Tajikistan,2018,7765000282.26569,70.353,9128132.0,8097.3,99.3,,,0.542126297950745,5.199,0.474,1.166,0.598,0.292,0.187,0.034,
Tajikistan,2019,8300813889.60795,70.867,9337003.0,8965.7,99.4458847045898,,,,5.467,0.493,1.098,0.718,0.389,0.23,0.144,
Tanzania,2015,47413919817.124,64.651,52542823.0,10765.9,26.2212181091309,10.0,,,3.781,0.2852,1.00268,0.38215,0.32878,0.34377,0.05747,Sub-Saharan Africa
Tanzania,2016,49774409374.4538,65.386,54401802.0,10646.9,32.8,13.50423285,,,3.666,0.47155,0.77623,0.357,0.3176,0.31472,0.05099,Sub-Saharan Africa
Tanzania,2017,53274884532.7886,65.999,56267032.0,11659.3,32.0970230102539,15.99999943,,0.4,3.34899997711182,0.511135876178741,1.04198980331421,0.364509284496307,0.390017777681351,0.354256361722946,0.0660351067781448,
Tanzania,2018,57003712892.0858,66.535,58090443.0,12018.9,34.9296112060547,17.1,40.5,0.386261075735092,3.303,0.455,0.991,0.381,0.481,0.27,0.097,
Tanzania,2019,61026731925.9213,66.989,59872579.0,14960.8,37.7,18.27725712,,,3.231,0.476,0.885,0.499,0.417,0.276,0.147,
Thailand,2015,401296238228.084,77.717,70294397.0,268853.3,99.6,39.31612674,36.0,,6.455,0.9669,1.26504,0.7385,0.55664,0.5763,0.03187,Southeastern Asia
Thailand,2016,413366349747.508,78.049,70607037.0,267916.3,99.8852081298828,47.50496562,36.9,,6.474,1.0893,1.04477,0.64915,0.49553,0.58696,0.02833,Southeastern Asia
Thailand,2017,456356813536.764,78.394,70898202.0,267137.1,99.9,52.89192934,36.4,0.604,6.42399978637695,1.12786877155304,1.42579245567322,0.647239029407501,0.580200731754303,0.572123110294342,0.0316127352416515,
Thailand,2018,506754208404.485,78.662,71127802.0,264483.6,99.82,56.81748093,36.4,0.616861402988434,6.072,1.016,1.417,0.707,0.637,0.364,0.029,
Thailand,2019,543976691793.886,78.975,71307763.0,274466.7,99.9,66.65241946,34.9,,6.008,1.05,1.409,0.828,0.557,0.359,0.028,
Togo,2015,5755457836.01866,59.396,7473229.0,1825.6,44.7450904846191,7.12,43.1,,2.839,0.20868,0.13995,0.28443,0.36453,0.16681,0.10731,Sub-Saharan Africa
Togo,2016,6071167584.1951,59.55,7661354.0,2305.6,46.7748603820801,11.31,,,3.303,0.28123,0.0,0.24811,0.34678,0.17517,0.11587,Sub-Saharan Africa
Togo,2017,6387424239.8801,60.154,7852795.0,2018.7,48.0,12.36022497,,0.413,3.49499988555908,0.305444717407227,0.431882530450821,0.247105568647385,0.38042613863945,0.196896150708199,0.0956650152802467,
Togo,2018,7029215766.46367,60.244,8046679.0,2189.9,50.0,15.5,42.5,0.420792758464813,3.999,0.259,0.474,0.253,0.434,0.158,0.101,
Togo,2019,6992654019.28876,60.901,8243094.0,2442.3,52.4619178771973,20.72732716,,,4.085,0.275,0.572,0.41,0.293,0.177,0.085,
Trinidad and Tobago,2015,27026080986.578,74.503,1460177.0,21310.6,100.0,65.1,,,6.168,1.21183,1.18354,0.61483,0.55884,0.31844,0.0114,Latin America and Caribbean
Trinidad and Tobago,2016,23713671528.1421,74.281,1469330.0,18291.6,100.0,67.8,,,6.168,1.32572,0.98569,0.52608,0.48453,0.31935,0.01241,Latin America and Caribbean
Trinidad and Tobago,2017,24040299977.8745,74.23,1478607.0,18224.7,100.0,70.6,,0.613,6.16800022125244,1.36135590076447,1.3802285194397,0.519983291625977,0.518630743026733,0.325296461582184,0.0089648161083459,
Tunisia,2015,45779494041.9295,75.692,11557779.0,31627.4,99.9,46.49999434,32.8,,4.739,0.88113,0.60429,0.73793,0.26268,0.06431,0.06358,Middle East and Northern Africa
Tunisia,2016,44360072680.4476,75.786,11685667.0,30317.8,100.0,49.59999484,,,5.045,0.97724,0.43165,0.59577,0.23553,0.03936,0.0817,Middle East and Northern Africa
Tunisia,2017,42163530590.9462,75.845,11811443.0,30742.6,100.0,55.50015506,,0.508,4.80499982833862,1.00726580619812,0.868351459503174,0.613212049007416,0.289680689573288,0.0496933571994305,0.0867231488227844,
Tunisia,2018,42686580020.8322,75.95,11933041.0,31023.1,99.8,64.19081023,,0.509609520435333,4.592,0.9,0.906,0.69,0.271,0.04,0.063,
Tunisia,2019,41905540184.424,75.993,12049314.0,31045.0,100.0,66.6999983,,,4.461,0.921,1.0,0.815,0.167,0.059,0.055,
Turkey,2015,,,,,,,,,5.332,1.06098,0.94632,0.73172,0.22815,0.12253,0.15746,Middle East and Northern Africa
Turkey,2016,,,,,,,,,5.389,1.16492,0.87717,0.64718,0.23889,0.04707,0.12348,Middle East and Northern Africa
Turkey,2017,,,,,,,,0.626,5.5,1.19827437400818,1.33775317668915,0.637605607509613,0.300740599632263,0.0466930419206619,0.0996715798974037,
Turkey,2018,,,,,,,,0.625309884548187,5.483,1.148,1.38,0.686,0.324,0.106,0.109,
Turkey,2019,,,,,,,,,5.373,1.183,1.36,0.808,0.195,0.083,0.106,
Turkmenistan,2015,35799714285.7143,68.782,5766431.0,63777.6,100.0,14.99677482,,,5.548,0.95847,1.22668,0.53886,0.4761,0.16979,0.30844,Central and Eastern Europe
Turkmenistan,2016,36169428571.4286,68.777,5868561.0,64079.5,100.0,17.99032446,,,5.658,1.08017,1.03817,0.44006,0.37408,0.22567,0.28467,Central and Eastern Europe
Turkmenistan,2017,37926285714.2857,68.916,5968383.0,63871.6,100.0,21.25099741,,,5.82200002670288,1.13077676296234,1.49314916133881,0.437726080417633,0.41827192902565,0.24992498755455,0.259270340204239,
Turkmenistan,2018,40765428571.4286,68.796,6065066.0,63317.6,100.0,,,,5.636,1.016,1.533,0.517,0.417,0.199,0.037,
Turkmenistan,2019,45232857142.8571,69.002,6158420.0,63231.8,99.9,,,,5.247,1.052,1.538,0.657,0.394,0.244,0.028,
Uganda,2015,32387183730.1002,61.086,37477356.0,4712.1,18.5,5.8,,,3.931,0.21102,1.13299,0.33861,0.45727,0.29066,0.07267,Sub-Saharan Africa
Uganda,2016,29203988696.2626,61.648,38748299.0,4946.3,26.7,5.9,42.8,,3.739,0.34719,0.90981,0.19625,0.43653,0.27102,0.06442,Sub-Saharan Africa
Uganda,2017,30744473841.424,62.115,40127085.0,5172.0,32.3853492736816,5.9,,0.382,4.08099985122681,0.381430715322495,1.12982773780823,0.217632606625557,0.443185955286026,0.325766056776047,0.057069718837738,
Uganda,2018,32927025619.6795,62.714,41515395.0,5866.6,41.92,6.0,,0.382125794887543,4.161,0.322,1.09,0.237,0.45,0.259,0.061,
Uganda,2019,35348155095.4215,62.991,42949080.0,5943.0,41.3,6.017815092,42.7,,4.189,0.332,1.069,0.443,0.356,0.252,0.06,
Ukraine,2015,91030967789.0717,71.189512195122,45154036.0,191067.8,100.0,48.88464368,25.5,,4.681,0.79907,1.20278,0.6739,0.25123,0.15275,0.02961,Central and Eastern Europe
Ukraine,2016,93355869403.9223,71.4763414634146,45004673.0,201655.4,100.0,53.0009696,25.0,,4.324,0.87287,1.01413,0.58628,0.12859,0.20363,0.01829,Central and Eastern Europe
Ukraine,2017,112090505081.739,71.7809756097561,44831135.0,174938.3,100.0,58.88947945,26.0,0.647,4.09600019454956,0.89465194940567,1.39453756809235,0.575903952121735,0.122974775731564,0.270061463117599,0.0230294708162546,
Ukraine,2018,130891088293.55,71.5826829268293,44622518.0,185623.8,100.0,62.55315539,26.1,0.642378509044647,4.103,0.793,1.413,0.609,0.163,0.187,0.011,
Ukraine,2019,153883047509.577,71.8273170731707,44386203.0,174599.9,100.0,70.1248443,26.6,,4.332,0.82,1.39,0.739,0.178,0.187,0.01,
United Arab Emirates,2015,370275469560.166,79.223,8916899.0,195409.4,100.0,90.5,,,6.901,1.42727,1.12575,0.80925,0.64157,0.26428,0.38583,Middle East and Northern Africa
United Arab Emirates,2016,369255326235.771,79.335,8994263.0,200398.5,100.0,90.60000732,,,6.573,1.57352,0.87114,0.72993,0.56215,0.26591,0.35561,Middle East and Northern Africa
United Arab Emirates,2017,390516804016.501,79.504,9068296.0,191935.0,100.0,94.81992254,,0.659,6.64799976348877,1.62634336948395,1.26641023159027,0.726798236370087,0.60834527015686,0.3609419465065,0.324489563703537,
United Arab Emirates,2018,427049432149.345,79.627,9140169.0,174220.3,100.0,98.45000178,26.0,0.676001250743866,6.774,2.096,0.776,0.67,0.284,0.186,,
United Arab Emirates,2019,417989721734.494,79.726,9211657.0,185645.7,100.0,99.14999796,,,6.825,1.503,1.31,0.825,0.598,0.262,0.182,
United Kingdom,2015,2927911140916.73,80.9560975609756,65116219.0,401075.3,100.0,92.00029987,33.3,,6.867,1.26637,1.28548,0.90943,0.59625,0.51912,0.32067,Western Europe
United Kingdom,2016,2689106566899.61,81.1560975609756,65611593.0,382154.9,100.0,94.77580063,33.1,,6.725,1.40283,1.08672,0.80991,0.50036,0.50156,0.27399,Western Europe
United Kingdom,2017,2680148052335.3,81.2560975609756,66058859.0,366844.1,100.0,90.42455049,32.6,0.781,6.71400022506714,1.44163393974304,1.49646008014679,0.805335938930511,0.508190035820007,0.492774158716202,0.265428066253662,
United Kingdom,2018,2871340347581.79,81.2560975609756,66460344.0,360555.9,100.0,90.69200899,33.7,0.776982247829437,7.19,1.244,1.433,0.888,0.464,0.262,0.082,
United Kingdom,2019,2851407164907.81,81.4048780487805,66836327.0,345934.3,100.0,92.51662855,32.8,,7.054,1.333,1.538,0.996,0.45,0.348,0.278,
United States,2015,18206020741000.0,78.690243902439,320738994.0,4990703.7,100.0,74.55420245,41.2,,7.119,1.39451,1.24711,0.86179,0.54604,0.40105,0.1589,North America
United States,2016,18695110842000.0,78.5390243902439,323071755.0,4894499.2,100.0,85.54442129,41.1,,7.104,1.50796,1.04782,0.779,0.48163,0.41077,0.14868,North America
United States,2017,19477336549000.0,78.5390243902439,325122128.0,4819365.1,100.0,87.27488917,41.2,0.762,6.99300003051758,1.54625928401947,1.41992056369781,0.77428662776947,0.505740523338318,0.392578780651093,0.135638788342476,
United States,2018,20533057312000.0,78.6390243902439,326838199.0,4975300.4,100.0,88.49890317,41.4,0.713683247566223,6.886,1.398,1.471,0.819,0.547,0.291,0.133,
United States,2019,21380976119000.0,78.7878048780488,328329953.0,4817710.4,100.0,89.43028486,41.5,,6.892,1.433,1.457,0.874,0.454,0.28,0.128,
Uruguay,2015,57680327998.6689,77.483,3402818.0,6657.2,99.70948,64.5707871,40.1,,6.485,1.06166,1.2089,0.8116,0.60362,0.2324,0.24558,Latin America and Caribbean
Uruguay,2016,57480788380.312,77.571,3413766.0,6525.1,99.7,66.4,39.7,,6.545,1.18157,1.03143,0.72183,0.54388,0.18056,0.21394,Latin America and Caribbean
Uruguay,2017,65006047680.3225,77.625,3422200.0,6103.8,99.8,70.3223544,39.5,0.6,6.4539999961853,1.21755969524384,1.41222786903381,0.719216823577881,0.57939225435257,0.175096929073334,0.178061872720718,
Uruguay,2018,65203071817.9812,77.611,3427042.0,6545.7,99.8,80.72684288,39.7,0.602367758750916,6.379,1.093,1.459,0.771,0.625,0.13,0.155,
Uruguay,2019,62048585618.505,77.508,3428409.0,6806.7,99.9,83.35153377,39.7,,6.293,1.124,1.465,0.891,0.523,0.127,0.15,
Uzbekistan,2015,86196264741.8842,70.475,31298900.0,99358.2,99.89208984375,42.8,,,6.003,0.63244,1.34043,0.59772,0.65821,0.22837,0.30826,Central and Eastern Europe
Uzbekistan,2016,86138288632.5513,70.755,31847900.0,105333.9,99.9363708496094,46.79128694,,,5.987,0.73591,1.1681,0.50163,0.60848,0.34326,0.28333,Central and Eastern Europe
Uzbekistan,2017,62081322740.0162,71.01,32388600.0,109708.5,99.9721069335938,48.69999885,,,5.97100019454956,0.786441087722778,1.54896914958954,0.498272627592087,0.658248662948608,0.415983647108078,0.246528223156929,
Uzbekistan,2018,52870108217.2949,71.149,32956100.0,112720.5,99.9921875,55.20000067,,,6.096,0.719,1.584,0.605,0.724,0.328,0.259,
Uzbekistan,2019,60283503705.3907,71.344,33580350.0,117687.8,99.9989929199219,70.39999865,,,6.174,0.745,1.529,0.756,0.631,0.322,0.24,
"Venezuela, RB",2015,,73.006,30529716.0,163126.9,100.0,58.0,,,6.81,1.04424,1.25596,0.72052,0.42908,0.05841,0.11069,Latin America and Caribbean
"Venezuela, RB",2016,,72.058,30741464.0,150466.7,99.4,60.0,,,6.084,1.13367,1.03302,0.61904,0.19847,0.0425,0.08304,Latin America and Caribbean
"Venezuela, RB",2017,,71.943,30563433.0,139787.4,99.2,61.6,,,5.25,1.12843120098114,1.43133759498596,0.617144227027893,0.153997123241425,0.0650196298956871,0.0644911229610443,
"Venezuela, RB",2018,,71.979,29825653.0,130158.0,99.8781967163086,,,,4.806,0.996,1.469,0.657,0.133,0.056,0.052,
"Venezuela, RB",2019,,72.161,28971683.0,107502.3,99.8447799682617,,,,4.707,0.96,1.427,0.805,0.154,0.064,0.047,
Vietnam,2015,,,,,,,,,5.36,0.63216,0.91226,0.74676,0.59444,0.1686,0.10441,Southeastern Asia
Vietnam,2016,,,,,,,,,5.061,0.74037,0.79117,0.66157,0.55954,0.25075,0.11556,Southeastern Asia
Vietnam,2017,,,,,,,,0.666,5.07399988174438,0.788547575473785,1.27749133110046,0.652168989181519,0.571055591106415,0.234968051314354,0.0876332372426987,
Vietnam,2018,,,,,,,,0.687239348888397,5.103,0.715,1.365,0.702,0.618,0.177,0.079,
Vietnam,2019,,,,,,,,,5.175,0.741,1.346,0.851,0.543,0.147,0.073,
West Bank and Gaza,2015,13972400000.0,74.406,4270092.0,,99.9,56.7,,,4.715,0.59867,0.92558,0.66015,0.24499,0.11251,0.12905,Middle East and Northern Africa
West Bank and Gaza,2016,15405400000.0,74.554,4367088.0,,100.0,59.9,33.7,,4.754,0.67024,0.71629,0.56844,0.17744,0.11154,0.10613,Middle East and Northern Africa
West Bank and Gaza,2017,16128000000.0,74.833,4454805.0,,99.9,63.3,,0.554,4.77500009536743,0.716249227523804,1.15564715862274,0.565666973590851,0.25471106171608,0.114173173904419,0.0892826020717621,
West Bank and Gaza,2018,16276600000.0,74.793,4569087.0,,100.0,64.39999371,,0.571729004383087,4.743,0.642,1.217,0.602,0.266,0.086,0.076,
West Bank and Gaza,2019,17133500000.0,75.241,4685306.0,,100.0,70.6225837,,,4.696,0.657,1.247,0.672,0.225,0.103,0.066,
Zambia,2015,21251216798.7762,61.208,16248230.0,4956.6,31.1,8.8,55.9,,5.129,0.47038,0.91612,0.29924,0.48827,0.19591,0.12468,Sub-Saharan Africa
Zambia,2016,20958412538.3093,61.794,16767761.0,5315.3,35.3772201538086,10.3,,,4.795,0.61202,0.6376,0.23573,0.42662,0.17866,0.11479,Sub-Saharan Africa
Zambia,2017,25873601260.8353,62.12,17298054.0,6810.7,40.3,12.2,,0.396,4.51399993896484,0.636406779289246,1.00318729877472,0.257835894823074,0.461603492498398,0.249580144882202,0.0782135501503944,
Zambia,2018,26311507273.6735,62.342,17835893.0,7857.2,40.2293395996094,14.2999971,,0.39117556810379,4.377,0.562,1.047,0.295,0.503,0.221,0.082,
Zambia,2019,23308667781.2258,62.793,18380477.0,7615.7,43.0,16.8,,,4.107,0.578,1.058,0.426,0.431,0.247,0.087,
Zimbabwe,2015,19963120600.0,59.591,14154937.0,11988.7,33.7,22.7428181,,,4.61,0.271,1.03276,0.33475,0.25861,0.18987,0.08079,Sub-Saharan Africa
Zimbabwe,2016,20548678100.0,60.306,14452704.0,10450.2,42.4655876159668,23.11998904,,,4.193,0.35041,0.71478,0.1595,0.25429,0.18503,0.08582,Sub-Saharan Africa
Zimbabwe,2017,17584890936.6523,60.709,14751101.0,9781.0,43.9790649414063,24.4,44.3,0.441,3.875,0.375846534967422,1.08309590816498,0.196763753890991,0.336384207010269,0.189143493771553,0.0953753814101219,
Zimbabwe,2018,34156069918.0609,61.414,15052184.0,11069.9,45.4002876281738,25.0,,0.461241573095322,3.692,0.357,1.094,0.248,0.406,0.132,0.099,
Zimbabwe,2019,21832234921.1762,61.292,15354608.0,10185.3,46.6820945739746,26.58827407,50.3,,3.663,0.366,1.114,0.433,0.361,0.151,0.089,
