Country,Year,GDP_current_US,life_expectancy_at_birth,population,CO2_emisions
Afghanistan,1990,,45.967,10694796.0,2046.87
Afghanistan,1991,,46.663,10745167.0,1941.37
Afghanistan,1992,,47.596,12057433.0,1525.47
Afghanistan,1993,,51.466,14003760.0,1527.89
Afghanistan,1994,,51.495,15455555.0,1493.59
Afghanistan,1995,,52.544,16418912.0,1457.69
Afghanistan,1996,,53.243,17106595.0,1407.3
Afghanistan,1997,,53.634,17788819.0,1344.1
Afghanistan,1998,,52.943,18493132.0,1318.0
Afghanistan,1999,,54.846,19262847.0,1122.0
Afghanistan,2000,,55.298,19542982.0,1078.12
Afghanistan,2001,,55.798,19688632.0,1088.638
Afghanistan,2002,3825701405.51958,56.454,21000256.0,1403.03
Afghanistan,2003,4520946849.32079,57.344,22645130.0,1653.207
Afghanistan,2004,5224896718.67782,57.944,23553551.0,1292.307
Afghanistan,2005,6203256497.09044,58.361,24411191.0,1961.711
Afghanistan,2006,6971758332.88917,58.684,25442944.0,2283.68
Afghanistan,2007,9747886104.53251,59.111,25903301.0,2847.81
Afghanistan,2008,10109296957.6569,59.852,26427199.0,4375.64
Afghanistan,2009,12416152648.0573,60.364,27385307.0,6558.97
Afghanistan,2010,15856668496.388,60.851,28189672.0,8576.15
Afghanistan,2011,17805098367.2952,61.419,29249157.0,11961.89
Afghanistan,2012,19907329905.9776,61.923,30466479.0,10208.13
Afghanistan,2013,20146416876.3886,62.417,31541209.0,9402.05
Afghanistan,2014,20497128600.3363,62.545,32716210.0,9281.34
Afghanistan,2015,19134221744.5294,62.659,33753499.0,10057.59
Afghanistan,2016,18116572399.1298,63.136,34636207.0,9294.93
Afghanistan,2017,18753456506.5708,63.016,35643418.0,10022.78
Afghanistan,2018,18053222734.8881,63.081,36686784.0,10972.38
Afghanistan,2019,18799444414.5998,63.565,37769499.0,11238.83
Afghanistan,2020,19955929060.841,62.575,38972230.0,8709.47
Afghanistan,2021,14266499429.8746,61.982,40099462.0,
Afghanistan,2022,,,41128771.0,
Afghanistan,2023,,,,
Africa Eastern and Southern,1990,254673510115.591,50.6077275337211,309890664.0,304614.720181
Africa Eastern and Southern,1991,275622021261.09,50.3904596093263,318544083.0,300135.943094
Africa Eastern and Southern,1992,240210577721.912,49.9621136475362,326933522.0,296834.691723
Africa Eastern and Southern,1993,238353057845.691,50.2736279712377,335625136.0,305267.779142
Africa Eastern and Southern,1994,241158029890.41,50.882581820857,344418362.0,314596.287085
Africa Eastern and Southern,1995,270813961389.262,51.0019252899341,353466601.0,329784.557767
Africa Eastern and Southern,1996,268992901985.369,50.8106889705147,362985802.0,342368.178325
Africa Eastern and Southern,1997,284065411886.655,50.9742313589474,372352230.0,358278.381587
Africa Eastern and Southern,1998,267286689939.3,50.3259127442221,381715600.0,367651.937441
Africa Eastern and Southern,1999,263674195227.713,51.2378519083819,391486231.0,353173.100746
Africa Eastern and Southern,2000,285403765401.254,51.9644813247726,401600588.0,357967.510652
Africa Eastern and Southern,2001,260218617002.669,52.189648214333,412001885.0,395061.523617
Africa Eastern and Southern,2002,267142068310.105,52.540794004192,422741118.0,406488.162257
Africa Eastern and Southern,2003,354907412306.554,53.0220345898659,433807484.0,428637.779164
Africa Eastern and Southern,2004,441359590323.394,53.5454571098034,445281555.0,459742.334363
Africa Eastern and Southern,2005,514927086452.789,54.2196508058582,457153837.0,460840.910225
Africa Eastern and Southern,2006,578633287253.354,55.1505461100496,469508516.0,467829.222212
Africa Eastern and Southern,2007,664099392606.403,55.9338017149142,482406426.0,488797.648679
Africa Eastern and Southern,2008,711800460143.432,56.6804188973962,495748900.0,522352.252288
Africa Eastern and Southern,2009,723512528253.909,57.6208515442432,509410477.0,504690.371108
Africa Eastern and Southern,2010,867040920627.224,58.4111497501441,523459657.0,532614.140224
Africa Eastern and Southern,2011,971667511047.106,59.2932713889337,537792950.0,525337.889289
Africa Eastern and Southern,2012,979996860991.406,60.0507802468673,552530654.0,546775.865
Africa Eastern and Southern,2013,986342932619.106,60.7098695610582,567892149.0,568547.519
Africa Eastern and Southern,2014,1006992481353.94,61.3379174832409,583651101.0,591680.972
Africa Eastern and Southern,2015,932513471557.123,61.8564581403595,600008424.0,576265.992
Africa Eastern and Southern,2016,890051427265.996,62.444050201953,616377605.0,580219.242
Africa Eastern and Southern,2017,1028394291260.59,62.9223896233502,632746570.0,590905.482
Africa Eastern and Southern,2018,1012521425296.35,63.3658626111831,649757148.0,598720.9575
Africa Eastern and Southern,2019,1006191000190.48,63.7556779176533,667242986.0,610723.5
Africa Eastern and Southern,2020,928880235176.594,63.313860330682,685112979.0,544952.503
Africa Eastern and Southern,2021,1086530704900.5,62.4545896453863,702977106.0,
Africa Eastern and Southern,2022,1185137703650.99,,720859132.0,
Africa Eastern and Southern,2023,,,,
Africa Western and Central,1990,121803568895.987,48.6500033905016,206739024.0,97190.345
Africa Western and Central,1991,127939039832.689,48.6624610142838,212172888.0,110559.9338
Africa Western and Central,1992,122575953686.486,48.7372663398837,217966101.0,121628.003
Africa Western and Central,1993,127980941949.696,48.8320388374723,223788766.0,114995.869
Africa Western and Central,1994,133143476720.137,48.6818922948796,229675775.0,106198.491
Africa Western and Central,1995,205687093879.591,48.7837728532269,235861484.0,116198.614
Africa Western and Central,1996,261262106172.312,48.9062773288063,242200260.0,134252.745
Africa Western and Central,1997,274376968923.496,49.0791837660659,248713095.0,134320.486
Africa Western and Central,1998,294949797405.741,49.3329492370093,255482918.0,129455.595
Africa Western and Central,1999,137292485423.693,49.7501167734063,262397030.0,131960.884
Africa Western and Central,2000,140132777859.081,50.221953875359,269611898.0,140653.453
Africa Western and Central,2001,147524718751.249,50.565144130827,277160097.0,147879.42
Africa Western and Central,2002,176588559103.843,50.9278483335328,284952322.0,138656.59
Africa Western and Central,2003,204455023741.489,51.4033564775689,292977949.0,148185.467
Africa Western and Central,2004,253453654650.339,51.8191317940034,301265247.0,149751.265
Africa Western and Central,2005,310070743908.926,52.3445512272646,309824829.0,152041.539
Africa Western and Central,2006,396077046021.055,52.8321256822206,318601484.0,144266.808
Africa Western and Central,2007,465627259599.126,53.2517115680003,327612838.0,139839.036
Africa Western and Central,2008,567853448132.047,53.6411646755364,336893835.0,147214.73
Africa Western and Central,2009,508492534468.294,54.1594208389292,346475221.0,141983.85
Africa Western and Central,2010,598607469639.526,54.550169165108,356337762.0,159573.957
Africa Western and Central,2011,682176065823.115,55.0131378935872,366489204.0,165498.4949
Africa Western and Central,2012,737739503299.735,55.3405609869972,376797999.0,170350.67
Africa Western and Central,2013,834097010134.991,55.673405514134,387204553.0,186486.66
Africa Western and Central,2014,894505003403.491,55.9222289908432,397855507.0,196343.63
Africa Western and Central,2015,769263195356.949,56.1958723463674,408690375.0,194363.64
Africa Western and Central,2016,692114931613.254,56.5816784850503,419778384.0,201399.22
Africa Western and Central,2017,685630289666.515,56.888445830282,431138704.0,200550.9
Africa Western and Central,2018,768158194632.397,57.1891392680655,442646825.0,210618.89
Africa Western and Central,2019,823405580187.913,57.5557955517512,454306063.0,222990.35
Africa Western and Central,2020,786962436538.391,57.2263727312399,466189102.0,215915.61
Africa Western and Central,2021,844927536437.833,56.9886567820139,478185907.0,
Africa Western and Central,2022,875393693658.084,,490330870.0,
Africa Western and Central,2023,,,,
Albania,1990,2028553750.0,73.144,3286542.0,6060.5
Albania,1991,1099559027.77778,73.378,3266790.0,4119.6
Albania,1992,652174990.837304,73.715,3247039.0,2239.3
Albania,1993,1185315468.46295,73.939,3227287.0,2078.4
Albania,1994,1880950864.41311,74.131,3207536.0,2084.7
Albania,1995,2392764853.42107,74.362,3187784.0,1951.1
Albania,1996,3199640815.4163,74.592,3168033.0,1968.0
Albania,1997,2258513974.0968,73.904,3148281.0,1479.16
Albania,1998,2545964540.88383,74.99,3128530.0,1804.55
Albania,1999,3212121650.97755,75.183,3108778.0,2985.35
Albania,2000,3480355258.04122,75.404,3089027.0,3186.54
Albania,2001,3922100793.5403,75.639,3060173.0,3234.2
Albania,2002,4348068242.19512,75.89,3051010.0,3761.9
Albania,2003,5611496257.14231,76.142,3039616.0,4137.4
Albania,2004,7184685781.51876,76.376,3026939.0,4322.3
Albania,2005,8052077248.14638,76.621,3011487.0,4095.9
Albania,2006,8896075004.63516,76.816,2992547.0,4081.8
Albania,2007,10677324852.8822,77.549,2970017.0,4258.4
Albania,2008,12881352893.6855,77.653,2947314.0,4209.5
Albania,2009,12044205549.6571,77.781,2927519.0,4368.2
Albania,2010,11926926615.8015,77.936,2913021.0,4785.4
Albania,2011,12890760315.146,78.092,2905195.0,5136.7
Albania,2012,12319834195.331,78.064,2900401.0,4541.8
Albania,2013,12776224496.9718,78.123,2895092.0,4795.4
Albania,2014,13228147516.1168,78.407,2889104.0,5188.0
Albania,2015,11386853113.0189,78.644,2880703.0,4797.0
Albania,2016,11861199830.8396,78.86,2876101.0,4573.2
Albania,2017,13019726211.7369,79.047,2873457.0,5403.7
Albania,2018,15156424015.1977,79.184,2866376.0,5316.1
Albania,2019,15401826127.2539,79.282,2854191.0,4993.3
Albania,2020,15162734205.2462,76.989,2837849.0,4383.2
Albania,2021,17930565118.8176,76.463,2811666.0,
Albania,2022,18916378860.5488,,2777689.0,
Albania,2023,,,,
Algeria,1990,62048507531.3357,67.416,25518074.0,62936.9
Algeria,1991,45715676428.2766,67.688,26133905.0,66428.5
Algeria,1992,48003133346.9957,67.757,26748303.0,66844.6
Algeria,1993,49945584452.6506,67.719,27354327.0,72219.1
Algeria,1994,42543176828.9237,67.361,27937006.0,73606.2
Algeria,1995,41764291671.7711,67.454,28478022.0,76440.2
Algeria,1996,46941554225.3581,68.749,28984634.0,76123.8
Algeria,1997,48177612042.1507,69.171,29476031.0,74433.2
Algeria,1998,48187781984.4881,69.451,29924668.0,74649.1
Algeria,1999,48640671734.9711,70.032,30346083.0,77505.3
Algeria,2000,54790398570.3282,70.478,30774621.0,80046.8
Algeria,2001,54744697926.068,70.823,31200985.0,78645.5
Algeria,2002,56760355865.0082,71.23,31624696.0,82404.3
Algeria,2003,67863850333.9526,71.287,32055883.0,88188.9
Algeria,2004,85332581188.6107,71.762,32510186.0,89492.7
Algeria,2005,103198212442.69,72.061,32956690.0,94187.8
Algeria,2006,117027280155.386,72.334,33435080.0,99808.7
Algeria,2007,134977082623.78,72.602,33983827.0,102750.2
Algeria,2008,171000699876.747,72.941,34569592.0,107745.5
Algeria,2009,137211003661.699,73.62,35196037.0,112172.2
Algeria,2010,161207307027.185,73.808,35856344.0,114179.4
Algeria,2011,200013098817.25,74.123,36543541.0,120784.9
Algeria,2012,209059080929.499,74.202,37260563.0,134934.2
Algeria,2013,209755003250.664,74.615,38000626.0,139024.1
Algeria,2014,213809979836.314,75.11,38760168.0,147735.2
Algeria,2015,165979224866.131,75.622,39543154.0,156273.0
Algeria,2016,160034212126.018,75.732,40339329.0,154654.3
Algeria,2017,170096988531.906,75.743,41136546.0,157704.4
Algeria,2018,174910684781.571,76.066,41927007.0,164534.1
Algeria,2019,171760275466.61,76.474,42705368.0,170582.4
Algeria,2020,145743542982.628,74.453,43451666.0,161563.0
Algeria,2021,163472387986.768,76.377,44177969.0,
Algeria,2022,194998449769.085,,44903225.0,
Algeria,2023,,,,
American Samoa,1990,,,47818.0,
American Samoa,1991,,,48992.0,
American Samoa,1992,,,50078.0,
American Samoa,1993,,,51174.0,
American Samoa,1994,,,52288.0,
American Samoa,1995,,,53401.0,
American Samoa,1996,,,54500.0,
American Samoa,1997,,,55578.0,
American Samoa,1998,,,56603.0,
American Samoa,1999,,,57594.0,
American Samoa,2000,,,58230.0,
American Samoa,2001,,,58324.0,
American Samoa,2002,512000000.0,,58177.0,
American Samoa,2003,524000000.0,,57941.0,
American Samoa,2004,509000000.0,,57626.0,
American Samoa,2005,500000000.0,,57254.0,
American Samoa,2006,493000000.0,,56837.0,
American Samoa,2007,518000000.0,,56383.0,
American Samoa,2008,560000000.0,,55891.0,
American Samoa,2009,675000000.0,,55366.0,
American Samoa,2010,573000000.0,,54849.0,
American Samoa,2011,570000000.0,,54310.0,
American Samoa,2012,640000000.0,,53691.0,
American Samoa,2013,638000000.0,,52995.0,
American Samoa,2014,643000000.0,,52217.0,
American Samoa,2015,673000000.0,,51368.0,
American Samoa,2016,671000000.0,,50448.0,
American Samoa,2017,612000000.0,,49463.0,
American Samoa,2018,639000000.0,,48424.0,
American Samoa,2019,647000000.0,,47321.0,
American Samoa,2020,721000000.0,,46189.0,
American Samoa,2021,750000000.0,,45035.0,
American Samoa,2022,871000000.0,,44273.0,
American Samoa,2023,,,,
Andorra,1990,1028989692.06787,,53569.0,406.704
Andorra,1991,1106891361.53948,,55434.0,406.704
Andorra,1992,1209992020.29543,,57283.0,406.704
Andorra,1993,1007090269.86956,,59156.0,410.368
Andorra,1994,1017544068.8408,,61037.0,406.704
Andorra,1995,1178745282.8678,,62928.0,425.024
Andorra,1996,1224024139.21295,,64147.0,454.336
Andorra,1997,1180645571.8643,,64682.0,465.328
Andorra,1998,1211953994.05714,,65186.0,490.976
Andorra,1999,1239840639.57248,,65655.0,512.96
Andorra,2000,1429047881.84275,,66097.0,523.952
Andorra,2001,1546912331.8807,,67820.0,523.952
Andorra,2002,1755989353.9328,,70849.0,531.28
Andorra,2003,2361636235.17833,,73907.0,534.944
Andorra,2004,2895047587.11888,,76933.0,560.592
Andorra,2005,3159826891.50873,,79826.0,575.248
Andorra,2006,3456264324.63015,,80221.0,545.936
Andorra,2007,3952395030.09698,,78168.0,538.608
Andorra,2008,4085780202.87838,,76055.0,538.608
Andorra,2009,3674190066.44504,,73852.0,516.624
Andorra,2010,3449925693.58181,,71519.0,516.624
Andorra,2011,3629133062.55168,,70567.0,490.976
Andorra,2012,3188653258.61001,,71013.0,487.312
Andorra,2013,3193513470.43941,,71367.0,476.32
Andorra,2014,3271686452.47686,,71621.0,461.664
Andorra,2015,2789882569.1005,,71746.0,465.328
Andorra,2016,2896611878.6258,,72540.0,468.992
Andorra,2017,3000160414.63795,,73837.0,465.328
Andorra,2018,3218418631.67579,,75013.0,494.64
Andorra,2019,3155150255.91195,,76343.0,479.984
Andorra,2020,2891002460.29153,,77700.0,448.884399
Andorra,2021,3325143693.28714,,79034.0,
Andorra,2022,3352031094.22914,,79824.0,
Andorra,2023,,,,
Angola,1990,11236275842.8094,41.893,11828638.0,6564.2
Angola,1991,10401188707.2808,43.813,12228691.0,6674.5
Angola,1992,8307826847.39834,42.209,12632507.0,6877.3
Angola,1993,6084688935.80032,42.101,13038270.0,9269.7
Angola,1994,4438321017.39068,43.422,13462031.0,11298.23
Angola,1995,5538749259.94714,45.849,13912253.0,12719.48
Angola,1996,6535434716.00224,46.033,14383350.0,15442.4
Angola,1997,7675412600.66513,46.306,14871146.0,16154.9
Angola,1998,6506381416.53236,45.057,15366864.0,16767.9
Angola,1999,6152922942.24539,45.386,15870753.0,17613.22
Angola,2000,9129594815.57661,46.024,16394062.0,16204.16
Angola,2001,8936079251.42093,46.59,16941587.0,15955.9
Angola,2002,15285592486.2532,47.386,17516139.0,15689.5
Angola,2003,17812704627.0282,49.617,18124342.0,16764.8
Angola,2004,23552057820.4599,50.592,18771125.0,17453.6
Angola,2005,36970901023.7893,51.57,19450959.0,15811.2
Angola,2006,52381025102.321,52.369,20162340.0,16558.6
Angola,2007,65266415706.9741,53.642,20909684.0,16966.4
Angola,2008,88538664884.265,54.633,21691522.0,19275.3
Angola,2009,70307196474.1272,55.752,22507674.0,21145.0
Angola,2010,83799473759.7201,56.726,23364185.0,22801.5
Angola,2011,111789747670.59,57.596,24259111.0,23865.8
Angola,2012,128052915202.989,58.623,25188292.0,23868.0
Angola,2013,132339108708.408,59.307,26147002.0,26958.7
Angola,2014,135966802156.542,60.04,27128337.0,29610.5
Angola,2015,90496420626.179,60.655,28127721.0,31648.9
Angola,2016,52761617225.9253,61.092,29154746.0,29520.7
Angola,2017,73690155046.555,61.68,30208628.0,25064.8
Angola,2018,79450688232.0011,62.144,31273533.0,23637.4
Angola,2019,70897962712.6213,62.448,32353588.0,24382.9
Angola,2020,48501561230.001,62.261,33428486.0,19814.5
Angola,2021,66505129989.243,61.643,34503774.0,
Angola,2022,106782770714.619,,35588987.0,
Angola,2023,,,,
Antigua and Barbuda,1990,459470370.37037,73.492,63328.0,218.2
Antigua and Barbuda,1991,481707407.407407,73.435,63634.0,221.4
Antigua and Barbuda,1992,499281481.481481,73.417,64659.0,218.5
Antigua and Barbuda,1993,535174074.074074,73.482,65834.0,222.0
Antigua and Barbuda,1994,589429629.62963,73.591,67072.0,225.2
Antigua and Barbuda,1995,577281481.481481,73.636,68398.0,235.2
Antigua and Barbuda,1996,633729629.62963,73.829,69798.0,254.8
Antigua and Barbuda,1997,680618518.518518,73.96,71218.0,267.6
Antigua and Barbuda,1998,727859259.259259,74.041,72572.0,286.0
Antigua and Barbuda,1999,766200000.0,74.347,73821.0,299.3
Antigua and Barbuda,2000,826370370.37037,74.606,75055.0,312.5
Antigua and Barbuda,2001,800481481.481481,75.078,76215.0,321.9
Antigua and Barbuda,2002,814381481.481481,75.536,77195.0,335.1
Antigua and Barbuda,2003,856396296.296296,75.478,78075.0,360.7
Antigua and Barbuda,2004,919729629.62963,75.672,78941.0,367.4
Antigua and Barbuda,2005,1022962962.96296,75.825,79869.0,376.7
Antigua and Barbuda,2006,1157662962.96296,75.765,80895.0,398.0
Antigua and Barbuda,2007,1312759259.25926,76.131,82016.0,419.2
Antigua and Barbuda,2008,1370070370.37037,76.41,83251.0,428.1
Antigua and Barbuda,2009,1228329629.62963,76.669,84534.0,453.6
Antigua and Barbuda,2010,1148700000.0,76.82,85695.0,465.8
Antigua and Barbuda,2011,1281337037.03704,77.104,86729.0,456.1
Antigua and Barbuda,2012,1327107407.40741,77.35,87674.0,469.9
Antigua and Barbuda,2013,1325425925.92593,77.583,88497.0,472.9
Antigua and Barbuda,2014,1378829629.62963,77.858,89236.0,476.6
Antigua and Barbuda,2015,1437755555.55556,77.913,89941.0,490.2
Antigua and Barbuda,2016,1489692592.59259,78.152,90564.0,500.5
Antigua and Barbuda,2017,1531151851.85185,78.268,91119.0,500.1
Antigua and Barbuda,2018,1661529629.62963,78.511,91626.0,508.6
Antigua and Barbuda,2019,1725351851.85185,78.691,92117.0,509.0
Antigua and Barbuda,2020,1410796296.2963,78.841,92664.0,474.6
Antigua and Barbuda,2021,1601366666.66667,78.497,93219.0,
Antigua and Barbuda,2022,1867733333.33333,,93763.0,
Antigua and Barbuda,2023,,,,
Arab World,1990,651231622555.595,62.9279670329527,225923327.0,632472.87
Arab World,1991,480685955944.022,63.1796143554706,230837072.0,634670.889
Arab World,1992,485480997990.055,63.4744102104117,236598334.0,688969.38
Arab World,1993,499344733364.61,64.4583214725986,242994250.0,741817.84
Arab World,1994,531889376829.678,65.4967268722014,249596194.0,786209.54
Arab World,1995,564846181458.454,65.3497833303777,255803349.0,810180.27
Arab World,1996,615168379200.27,65.7184045229791,261953764.0,838864.28
Arab World,1997,662599381239.788,65.9944194002087,268158920.0,879771.68
Arab World,1998,649474839551.0,65.8077067945681,274376380.0,884602.46
Arab World,1999,717783506460.08,66.8767273195947,280650496.0,896523.3
Arab World,2000,820573600760.516,67.2973312552373,287065982.0,933988.54
Arab World,2001,803225963243.441,67.6316805976471,293512340.0,985508.25
Arab World,2002,808316115359.455,67.9355701632582,300018650.0,1019038.88
Arab World,2003,894211049413.743,67.8590028335005,306573087.0,1049960.51
Arab World,2004,1063199673311.84,67.8959120441891,313249616.0,1106497.6
Arab World,2005,1304960956783.55,68.1626821796793,320558754.0,1182132.3
Arab World,2006,1546220845671.45,68.5672496118008,328703057.0,1245032.15
Arab World,2007,1798723747366.95,68.9286803660228,337498222.0,1296134.5
Arab World,2008,2264025451530.31,69.2864272940476,346630443.0,1400755.46
Arab World,2009,1987928421913.06,69.8126377043771,355754908.0,1447553.6
Arab World,2010,2346088525053.08,70.0412535714543,364427661.0,1533676.6
Arab World,2011,2567292128049.65,70.2615198130023,372351065.0,1567405.8
Arab World,2012,2802930798518.59,70.1804605984523,380383408.0,1674146.7
Arab World,2013,2860928547664.85,70.1965137101307,389131555.0,1706820.79
Arab World,2014,2907245176944.21,70.4926288711295,397922915.0,1766583.07
Arab World,2015,2555806089356.35,70.7582222288211,406501999.0,1809147.15
Arab World,2016,2539393624616.74,70.9430622781923,415077960.0,1827587.97
Arab World,2017,2639754813099.27,71.4295960025113,423664839.0,1843231.7
Arab World,2018,2845898419157.25,71.6330166549463,432545676.0,1826351.9
Arab World,2019,2871654771820.86,71.8446260250446,441467739.0,1845846.37
Arab World,2020,2535508549316.27,70.9233595872331,449228296.0,1765052.9
Arab World,2021,2930480380710.72,70.814483021063,456520777.0,
Arab World,2022,3543339785308.86,,464684914.0,
Arab World,2023,,,,
Argentina,1990,141352654305.163,71.784,32637657.0,100313.9
Argentina,1991,189719984268.485,72.319,33105763.0,105906.6
Argentina,1992,228778917308.17,72.43,33568285.0,107921.1
Argentina,1993,236741715015.015,72.565,34027240.0,110256.5
Argentina,1994,257440000000.0,73.172,34488696.0,111909.9
Argentina,1995,258031750000.0,73.133,34946110.0,112886.7
Argentina,1996,272149750000.0,73.307,35389362.0,122545.9
Argentina,1997,292859000000.0,73.09,35815971.0,126118.7
Argentina,1998,298948250000.0,73.474,36233195.0,132669.9
Argentina,1999,283523000000.0,73.722,36653031.0,134502.0
Argentina,2000,284203750000.0,73.926,37070774.0,132265.5
Argentina,2001,268696750000.0,74.186,37480493.0,125255.2
Argentina,2002,97724004251.8602,74.408,37885028.0,117462.1
Argentina,2003,127586973492.177,74.08,38278164.0,127653.5
Argentina,2004,164657930452.787,74.855,38668796.0,141376.4
Argentina,2005,198737095012.282,75.139,39070501.0,145995.4
Argentina,2006,232557260817.308,75.433,39476851.0,154917.5
Argentina,2007,287530508430.568,75.006,39876111.0,162820.2
Argentina,2008,361558037110.419,75.641,40273769.0,167231.8
Argentina,2009,332976484577.619,75.936,40684338.0,156567.5
Argentina,2010,423627422092.49,75.721,40788453.0,167226.3
Argentina,2011,530158122010.442,76.124,41261490.0,176641.6
Argentina,2012,545982375701.128,76.467,41733271.0,177955.3
Argentina,2013,552025140252.246,76.491,42202935.0,183255.7
Argentina,2014,526319673731.638,76.755,42669500.0,179600.7
Argentina,2015,594749285413.212,76.76,43131966.0,185550.0
Argentina,2016,557532320662.955,76.308,43590368.0,183158.7
Argentina,2017,643628393281.364,76.833,44044811.0,179267.3
Argentina,2018,524819892360.176,76.999,44494502.0,176894.6
Argentina,2019,447754683615.225,77.284,44938712.0,168162.0
Argentina,2020,385740508436.965,75.892,45376763.0,154535.9
Argentina,2021,487902572164.348,75.39,45808747.0,
Argentina,2022,631133384439.944,,46234830.0,
Argentina,2023,,,,
Armenia,1990,2256863448.77086,68.821,3556539.0,19845.2
Armenia,1991,2069870129.87013,68.643,3617631.0,20689.6
Armenia,1992,1272835453.42634,68.627,3574555.0,10755.96
Armenia,1993,1201312829.27524,68.841,3457349.0,4974.49
Armenia,1994,1315158636.67553,69.073,3373713.0,2707.87
Armenia,1995,1468317435.20148,69.311,3322782.0,3436.76
Armenia,1996,1596968946.23708,69.783,3298898.0,2481.91
Armenia,1997,1639492444.76152,69.91,3271418.0,3324.3
Armenia,1998,1893726437.26462,70.514,3240550.0,3492.5
Armenia,1999,1845482173.02732,70.257,3206030.0,3103.0
Armenia,2000,1911563668.85006,70.624,3168523.0,3561.0
Armenia,2001,2118467913.37873,70.932,3133133.0,3602.0
Armenia,2002,2376335048.39976,71.018,3105037.0,3118.7
Armenia,2003,2807061008.69084,71.436,3084102.0,3495.4
Armenia,2004,3576615240.41616,71.421,3065745.0,3763.8
Armenia,2005,4900469511.10191,71.792,3047246.0,4460.9
Armenia,2006,6384452066.5146,71.987,3026486.0,4489.2
Armenia,2007,9206301269.79164,72.327,3004393.0,5204.4
Armenia,2008,11662040713.8753,72.398,2983421.0,5685.5
Armenia,2009,8647937081.2562,72.813,2964296.0,4510.8
Armenia,2010,9260285755.62424,73.16,2946293.0,4336.6
Armenia,2011,10142111824.5835,73.305,2928976.0,4937.1
Armenia,2012,10619320682.9474,73.454,2914421.0,5716.5
Armenia,2013,11121464437.0415,73.676,2901385.0,5501.5
Armenia,2014,11609513246.7958,74.058,2889930.0,5479.0
Armenia,2015,10553337518.414,74.436,2878595.0,5343.4
Armenia,2016,10546136235.5219,74.664,2865835.0,5066.7
Armenia,2017,11527458709.0158,74.906,2851923.0,5371.3
Armenia,2018,12457940694.7395,75.064,2836557.0,5712.2
Armenia,2019,13619290539.2116,75.439,2820602.0,6195.6
Armenia,2020,12641698583.2152,72.173,2805608.0,6746.6
Armenia,2021,13878908628.9378,72.043,2790974.0,
Armenia,2022,19513474648.2429,,2780469.0,
Armenia,2023,,,,
Aruba,1990,764804469.273743,73.076,65712.0,
Aruba,1991,872067039.106145,73.1,67864.0,
Aruba,1992,958659217.877095,73.179,70192.0,
Aruba,1993,1083240223.46369,73.225,72360.0,
Aruba,1994,1245810055.86592,73.272,74710.0,
Aruba,1995,1320670391.06145,73.349,77050.0,
Aruba,1996,1379888268.15642,73.448,79417.0,
Aruba,1997,1531843575.41899,73.452,81858.0,
Aruba,1998,1665363128.49162,73.491,84355.0,
Aruba,1999,1722905027.93296,73.561,86867.0,
Aruba,2000,1873452513.96648,73.569,89101.0,
Aruba,2001,1896456983.24022,73.647,90691.0,
Aruba,2002,1961843575.41899,73.726,91781.0,
Aruba,2003,2044111731.84358,73.752,92701.0,
Aruba,2004,2254830726.25698,73.576,93540.0,
Aruba,2005,2360017318.43575,73.811,94483.0,
Aruba,2006,2469782681.56425,74.026,95606.0,
Aruba,2007,2677641340.78212,74.21,96787.0,
Aruba,2008,2843024581.00559,74.147,97996.0,
Aruba,2009,2553793296.08939,74.56,99212.0,
Aruba,2010,2453597206.70391,75.404,100341.0,
Aruba,2011,2637859217.87709,75.465,101288.0,
Aruba,2012,2615208379.88827,75.531,102112.0,
Aruba,2013,2727849720.67039,75.636,102880.0,
Aruba,2014,2790849720.67039,75.601,103594.0,
Aruba,2015,2962907262.56983,75.683,104257.0,
Aruba,2016,2983635195.53073,75.617,104874.0,
Aruba,2017,3092429050.27933,75.903,105439.0,
Aruba,2018,3276184357.5419,76.072,105962.0,
Aruba,2019,3395798882.68156,76.248,106442.0,
Aruba,2020,2558906303.88098,75.723,106585.0,
Aruba,2021,3103184101.51354,74.626,106537.0,
Aruba,2022,3544707788.05664,,106445.0,
Aruba,2023,,,,
Australia,1990,311420509067.628,76.9946341463415,17065128.0,263437.5
Australia,1991,325966686052.581,77.2756097560976,17284036.0,264709.7
Australia,1992,325518458076.533,77.3780487804878,17478635.0,268366.5
Australia,1993,312128302417.088,77.8780487804878,17634808.0,273016.9
Australia,1994,322802490487.721,77.8780487804878,17805468.0,280096.3
Australia,1995,368166023166.023,77.8292682926829,18004882.0,290141.5
Australia,1996,401341880620.728,78.0780487804878,18224767.0,300180.4
Australia,1997,435642611296.586,78.4804878048781,18423037.0,307778.5
Australia,1998,399674421759.479,78.6317073170732,18607584.0,327536.9
Australia,1999,389652212056.649,78.9317073170732,18812264.0,333677.7
Australia,2000,416167815092.908,79.2341463414634,19028802.0,339422.8
Australia,2001,379629301675.108,79.6341463414634,19274701.0,345609.4
Australia,2002,395788696012.059,79.9365853658537,19495210.0,353315.8
Australia,2003,467739079790.332,80.2390243902439,19720737.0,352893.5
Australia,2004,614659980082.515,80.490243902439,19932722.0,366141.6
Australia,2005,695692898676.56,80.8414634146341,20176844.0,368801.9
Australia,2006,748417562769.636,81.0414634146342,20450966.0,374104.4
Australia,2007,855007458585.224,81.2926829268293,20827622.0,384368.3
Australia,2008,1056112427190.38,81.3951219512195,21249199.0,387570.3
Australia,2009,928762122698.05,81.5439024390244,21691653.0,393859.7
Australia,2010,1148890200292.42,81.6951219512195,22031750.0,395993.2
Australia,2011,1398701323029.63,81.8951219512195,22340024.0,394436.7
Australia,2012,1547649835732.89,82.0463414634146,22733465.0,395690.0
Australia,2013,1577301840200.01,82.1487804878049,23128129.0,388427.4
Australia,2014,1468597690006.22,82.3,23475686.0,379267.2
Australia,2015,1351768945139.11,82.4,23815995.0,385782.4
Australia,2016,1207580901578.72,82.4487804878049,24190907.0,394803.6
Australia,2017,1326882104817.0,82.5,24592588.0,397149.4
Australia,2018,1429733668185.91,82.7487804878049,24963258.0,396059.9
Australia,2019,1394671325960.57,82.9,25334826.0,395199.1
Australia,2020,1330381544909.3,83.2,25649248.0,378996.8
Australia,2021,1559033756285.13,83.3,25685412.0,
Australia,2022,1692956646855.7,,26005540.0,
Australia,2023,,,,
Austria,1990,166463386179.354,75.5682926829269,7677850.0,58275.7
Austria,1991,173794177961.108,75.6170731707317,7754891.0,62423.2
Austria,1992,195078126721.763,75.8170731707317,7840709.0,57668.0
Austria,1993,190379720809.18,76.0682926829268,7905633.0,57804.0
Austria,1994,203535242741.838,76.419512195122,7936118.0,58288.2
Austria,1995,241038283062.645,76.6682926829268,7948278.0,61186.4
Austria,1996,237250948791.266,76.8707317073171,7959017.0,64902.9
Austria,1997,212790348404.555,77.319512195122,7968041.0,64224.1
Austria,1998,218259904401.956,77.6707317073171,7976789.0,64673.1
Austria,1999,217259147049.954,77.8756097560976,7992324.0,63055.1
Austria,2000,197289625479.906,78.1268292682927,8011566.0,63538.6
Austria,2001,197508773215.323,78.5756097560976,8042293.0,67914.4
Austria,2002,214394866675.24,78.6780487804878,8081957.0,69374.2
Austria,2003,262273631180.054,78.6317073170732,8121423.0,74467.9
Austria,2004,301457562038.541,79.1804878048781,8171966.0,75802.1
Austria,2005,316092273276.015,79.3317073170732,8227829.0,76242.4
Austria,2006,336280064332.411,79.8804878048781,8268641.0,74104.4
Austria,2007,389185571506.052,80.1804878048781,8295487.0,71248.0
Austria,2008,432051935642.945,80.4317073170732,8321496.0,70734.7
Austria,2009,401758735822.211,80.3317073170732,8343323.0,64420.7
Austria,2010,392275107258.667,80.5804878048781,8363404.0,69965.1
Austria,2011,431685217367.511,80.9829268292683,8391643.0,68276.0
Austria,2012,409401816050.531,80.9365853658537,8429991.0,65112.0
Austria,2013,430190979705.962,81.1365853658537,8479823.0,65752.7
Austria,2014,442584815286.034,81.490243902439,8546356.0,62054.5
Austria,2015,381971148530.543,81.190243902439,8642699.0,63254.7
Austria,2016,395837353031.499,81.6414634146342,8736668.0,63697.1
Austria,2017,417261151844.977,81.6439024390244,8797566.0,65867.7
Austria,2018,454991174096.102,81.6926829268293,8840521.0,63131.4
Austria,2019,444596155845.254,81.8951219512195,8879920.0,64497.8
Austria,2020,435049316955.737,81.1926829268293,8916864.0,59142.4
Austria,2021,479295362747.047,81.2390243902439,8955797.0,
Austria,2022,470941926750.741,,9041851.0,
Austria,2023,,,,
Azerbaijan,1990,8884848484.84848,62.352,7175200.0,53483.7
Azerbaijan,1991,5344000000.0,62.052,7271300.0,52059.4
Azerbaijan,1992,444658671.586716,61.296,7382050.0,63613.2
Azerbaijan,1993,1570392598.14954,61.286,7494800.0,48052.0
Azerbaijan,1994,1193141110.35043,61.594,7596550.0,33515.3
Azerbaijan,1995,2417331192.9526,62.305,7684850.0,32474.9
Azerbaijan,1996,3176507376.31836,62.622,7763000.0,27193.3
Azerbaijan,1997,3962362387.47922,62.973,7838250.0,26489.6
Azerbaijan,1998,4446368570.6901,63.561,7913000.0,26490.5
Azerbaijan,1999,4581248566.50158,64.189,7982750.0,26122.2
Azerbaijan,2000,5272615722.96892,64.891,8048600.0,27687.2
Azerbaijan,2001,5707616203.72011,65.51,8111200.0,26397.2
Azerbaijan,2002,6236087738.28284,66.239,8171950.0,26177.6
Azerbaijan,2003,7276413079.11451,66.756,8234100.0,28569.4
Azerbaijan,2004,8680405740.94125,67.346,8306500.0,28311.9
Azerbaijan,2005,13245421880.834,67.562,8391850.0,30043.4
Azerbaijan,2006,20981929497.6188,68.165,8484550.0,30488.4
Azerbaijan,2007,33049419431.2244,68.603,8581300.0,27627.7
Azerbaijan,2008,48851293785.4483,68.811,8763400.0,30447.6
Azerbaijan,2009,44292427184.9492,69.356,8947243.0,25495.8
Azerbaijan,2010,52909294791.9262,69.529,9054332.0,24311.9
Azerbaijan,2011,65952796427.9473,69.984,9173082.0,27282.1
Azerbaijan,2012,69679944504.1972,70.36,9295784.0,30110.6
Azerbaijan,2013,74160560123.6902,70.881,9416801.0,30939.6
Azerbaijan,2014,75239785452.1022,71.116,9535079.0,32243.4
Azerbaijan,2015,53076235354.746,71.451,9649341.0,31773.3
Azerbaijan,2016,37866996882.9157,72.004,9757812.0,32239.4
Azerbaijan,2017,40866627351.9817,72.248,9854033.0,31957.0
Azerbaijan,2018,47112470051.7701,72.76,9939771.0,32728.1
Azerbaijan,2019,48174235294.1176,73.102,10024283.0,35521.0
Azerbaijan,2020,42693000000.0,66.868,10093121.0,34305.0
Azerbaijan,2021,54825411764.7059,69.366,10137750.0,
Azerbaijan,2022,78721058823.5294,,10141756.0,
Azerbaijan,2023,,,,
"Bahamas, The",1990,3166000000.0,70.133,270679.0,2014.6
"Bahamas, The",1991,3111160000.0,69.616,276058.0,2085.3
"Bahamas, The",1992,3109000000.0,70.668,281973.0,1952.5
"Bahamas, The",1993,3092000000.0,70.656,288164.0,1825.1
"Bahamas, The",1994,3259000000.0,70.851,293997.0,1849.6
"Bahamas, The",1995,3429000000.0,70.763,299554.0,1924.2
"Bahamas, The",1996,3609000000.0,70.71,304933.0,1894.7
"Bahamas, The",1997,6332360000.0,71.054,310171.0,1695.7
"Bahamas, The",1998,6833220000.0,71.456,315398.0,2080.7
"Bahamas, The",1999,7683870000.0,71.771,320272.0,2127.4
"Bahamas, The",2000,8076470000.0,72.041,325014.0,2115.3
"Bahamas, The",2001,8317830000.0,72.11,329626.0,2034.5
"Bahamas, The",2002,8881160000.0,72.232,334002.0,2068.8
"Bahamas, The",2003,8870090000.0,72.402,338490.0,2116.0
"Bahamas, The",2004,9055290000.0,72.478,343089.0,2094.7
"Bahamas, The",2005,9836200000.0,72.765,347804.0,1955.6
"Bahamas, The",2006,10167250000.0,72.855,352664.0,1906.6
"Bahamas, The",2007,10618340000.0,72.678,357666.0,1931.7
"Bahamas, The",2008,10526000000.0,72.667,362795.0,1981.2
"Bahamas, The",2009,9981960000.0,72.579,368057.0,2008.5
"Bahamas, The",2010,10095760000.0,72.731,373272.0,1979.4
"Bahamas, The",2011,10070450000.0,72.564,377950.0,2183.0
"Bahamas, The",2012,10720400000.0,72.753,382061.0,2394.3
"Bahamas, The",2013,10395500000.0,73.024,385650.0,2805.4
"Bahamas, The",2014,10974800000.0,73.366,389131.0,2518.9
"Bahamas, The",2015,11672900000.0,73.104,392697.0,2207.4
"Bahamas, The",2016,11750800000.0,73.537,395976.0,2040.7
"Bahamas, The",2017,12253500000.0,73.632,399020.0,2170.2
"Bahamas, The",2018,12653600000.0,73.806,401906.0,2795.4
"Bahamas, The",2019,13058700000.0,71.205,404557.0,2622.7
"Bahamas, The",2020,9754600000.0,72.677,406471.0,2456.0
"Bahamas, The",2021,11527600000.0,71.598,407906.0,
"Bahamas, The",2022,12897400000.0,,409984.0,
"Bahamas, The",2023,,,,
Bahrain,1990,4229787234.04255,72.668,517418.0,10737.46
Bahrain,1991,4616223404.25532,72.764,535415.0,10346.53
Bahrain,1992,4751063829.78723,72.953,554470.0,12272.25
Bahrain,1993,5200265957.44681,73.375,573755.0,13066.22
Bahrain,1994,5567553457.44681,73.517,593254.0,13372.03
Bahrain,1995,5849467819.14894,73.799,612934.0,13535.88
Bahrain,1996,6101861436.17021,74.355,632756.0,14154.98
Bahrain,1997,6349202393.61702,74.535,652643.0,14415.78
Bahrain,1998,6183776595.74468,74.641,672484.0,15488.92
Bahrain,1999,6621010372.34043,74.98,692133.0,15450.88
Bahrain,2000,9062898936.17021,75.496,711442.0,15876.5
Bahrain,2001,8976196808.51064,75.908,730257.0,16386.32
Bahrain,2002,9593510638.29787,76.088,748324.0,17221.48
Bahrain,2003,11074813829.7872,76.337,778256.0,17944.11
Bahrain,2004,13150159574.4681,76.56,833451.0,17927.3
Bahrain,2005,15968723404.2553,76.931,901921.0,20693.7
Bahrain,2006,18504760638.2979,77.156,970981.0,22485.4
Bahrain,2007,21730000000.0,77.634,1040532.0,23001.0
Bahrain,2008,25710904255.3191,78.084,1110343.0,24762.2
Bahrain,2009,22938218085.1064,78.461,1179453.0,24717.1
Bahrain,2010,25713271276.5957,78.748,1213645.0,25965.7
Bahrain,2011,28776595744.6809,78.89,1212077.0,26017.6
Bahrain,2012,30749308510.6383,79.081,1224939.0,27174.2
Bahrain,2013,32539468085.1064,79.246,1261673.0,28853.0
Bahrain,2014,33387712765.9574,79.328,1311134.0,30282.7
Bahrain,2015,31050638297.8723,79.405,1362142.0,30492.4
Bahrain,2016,32234973404.2553,79.557,1409661.0,30301.1
Bahrain,2017,35473776595.7447,79.689,1456834.0,30514.9
Bahrain,2018,37802005319.1489,79.857,1487340.0,30844.4
Bahrain,2019,38653318085.1064,80.019,1494188.0,32966.8
Bahrain,2020,34621807712.766,79.174,1477469.0,32470.2
Bahrain,2021,39288670212.766,78.76,1463265.0,
Bahrain,2022,44383297872.3404,,1472233.0,
Bahrain,2023,,,,
Bangladesh,1990,31598340778.2164,55.989,107147651.0,11523.73
Bangladesh,1991,30957483949.5798,54.154,109242834.0,10830.76
Bangladesh,1992,31708874594.1645,57.635,111272102.0,11823.48
Bangladesh,1993,33166519417.9894,57.927,113418757.0,12568.4
Bangladesh,1994,33768660882.793,58.617,115614891.0,13543.45
Bangladesh,1995,37939748768.6567,59.467,117793338.0,16554.48
Bangladesh,1996,46438484107.5795,59.492,119876868.0,16825.3
Bangladesh,1997,48244309133.4895,61.427,122039226.0,18970.9
Bangladesh,1998,49984559471.3656,63.917,124350471.0,19249.5
Bangladesh,1999,51270569883.5275,66.228,126754824.0,20105.5
Bangladesh,2000,53369787318.6245,65.779,129193327.0,20686.7
Bangladesh,2001,53991289844.3291,66.135,131670484.0,25634.5
Bangladesh,2002,54724081490.5102,66.612,134139826.0,27284.2
Bangladesh,2003,60158929188.2556,66.824,136503206.0,28629.8
Bangladesh,2004,65108544250.0425,67.187,138789725.0,30527.5
Bangladesh,2005,69442943089.4309,67.299,140912590.0,32710.8
Bangladesh,2006,71819083683.7403,67.241,142628831.0,35902.8
Bangladesh,2007,79611888213.148,66.714,144135934.0,37992.3
Bangladesh,2008,91631278239.3237,67.051,145421318.0,41580.8
Bangladesh,2009,102477779556.785,67.403,146706810.0,44750.0
Bangladesh,2010,115279077465.226,68.638,148391139.0,50487.6
Bangladesh,2011,128637983882.833,68.809,150211005.0,54309.9
Bangladesh,2012,133355820262.925,69.554,152090649.0,58985.2
Bangladesh,2013,149990529836.78,69.565,154030139.0,62965.7
Bangladesh,2014,172885432686.945,69.986,155961299.0,66313.1
Bangladesh,2015,195078573252.202,70.491,157830000.0,73156.9
Bangladesh,2016,265236390328.627,71.09,159784568.0,81128.9
Bangladesh,2017,293754781336.0,71.788,161793964.0,87658.0
Bangladesh,2018,321379127909.353,72.567,163683958.0,95944.6
Bangladesh,2019,351238399005.451,72.806,165516222.0,92645.0
Bangladesh,2020,373902197869.16,71.968,167420951.0,85493.1
Bangladesh,2021,416264800549.026,72.381,169356251.0,
Bangladesh,2022,460201265527.977,,171186372.0,
Bangladesh,2023,,,,
Barbados,1990,2012131457.26644,72.752,258868.0,1004.32
Barbados,1991,2020583702.08323,72.843,259402.0,1000.03
Barbados,1992,1957000000.0,72.915,260212.0,925.75
Barbados,1993,2063342117.03873,73.19,260995.0,876.84
Barbados,1994,2151344901.30761,73.211,261712.0,929.58
Barbados,1995,2216974096.35559,73.298,262303.0,946.6
Barbados,1996,2363645403.47039,73.546,262793.0,980.47
Barbados,1997,2498384129.66738,73.547,263224.0,1068.52
Barbados,1998,2817083478.34734,73.728,263642.0,1137.1
Barbados,1999,2951822204.54432,74.039,264170.0,1208.7
Barbados,2000,3059500000.0,74.089,264657.0,1188.1
Barbados,2001,3054500000.0,74.247,265377.0,1216.8
Barbados,2002,3106500000.0,74.366,266455.0,1206.3
Barbados,2003,3209500000.0,74.472,267499.0,1249.9
Barbados,2004,3444500000.0,74.727,268505.0,1280.2
Barbados,2005,3819500000.0,74.89,269477.0,1326.1
Barbados,2006,4217450000.0,75.068,270425.0,1347.6
Barbados,2007,4674000000.0,75.342,271444.0,1367.0
Barbados,2008,4785250000.0,75.447,272635.0,1619.0
Barbados,2009,4465500000.0,75.678,273791.0,1599.7
Barbados,2010,4531150000.0,75.712,274711.0,1481.5
Barbados,2011,4656400000.0,75.917,275486.0,1516.25
Barbados,2012,4613850000.0,76.099,276197.0,1467.62
Barbados,2013,4685550000.0,76.275,276865.0,1439.47
Barbados,2014,4707600000.0,76.476,277493.0,1282.07
Barbados,2015,4734000000.0,76.65,278083.0,1269.57
Barbados,2016,4843300000.0,76.815,278649.0,1290.77
Barbados,2017,4992300000.0,76.936,279187.0,1179.97
Barbados,2018,5110250000.0,77.067,279688.0,1270.17
Barbados,2019,5341100000.0,77.257,280180.0,1167.27
Barbados,2020,4738800000.0,77.393,280693.0,1096.07
Barbados,2021,4923100000.0,77.571,281200.0,
Barbados,2022,5699950000.0,,281635.0,
Barbados,2023,,,,
Belarus,1990,,70.8365853658537,10189348.0,99830.0
Belarus,1991,,70.3780487804878,10194050.0,96217.8
Belarus,1992,9200000000.0,70.0219512195122,10216470.0,87748.6
Belarus,1993,16416666666.6667,68.9707317073171,10239050.0,76209.4
Belarus,1994,14952100840.3361,68.7682926829268,10226955.0,64645.6
Belarus,1995,13970425776.7549,68.4609756097561,10193831.0,57507.8
Belarus,1996,14756846153.8462,68.5121951219512,10159569.0,58453.6
Belarus,1997,14130585516.1787,68.4609756097561,10117433.0,59020.5
Belarus,1998,15221352698.8944,68.4073170731707,10071963.0,57201.9
Belarus,1999,12138243080.6258,67.9073170731707,10026738.0,54957.9
Belarus,2000,12736780455.1539,68.9121951219512,9979610.0,52967.5
Belarus,2001,12354820143.8849,68.5073170731707,9928549.0,51720.2
Belarus,2002,14594900944.7658,68.0560975609756,9865548.0,51752.9
Belarus,2003,17825444724.4878,68.5536585365854,9796749.0,52525.9
Belarus,2004,23141566292.9462,68.9560975609756,9730146.0,55753.4
Belarus,2005,30210091836.8294,68.8512195121951,9663915.0,56464.6
Belarus,2006,36961894281.3444,69.4048780487805,9604924.0,58794.1
Belarus,2007,45275711995.825,70.2073170731707,9560953.0,57326.9
Belarus,2008,60752106347.126,70.4560975609756,9527985.0,60231.7
Belarus,2009,50873167326.0414,70.4073170731707,9504583.0,57177.3
Belarus,2010,57231904542.8755,70.4048780487805,9483836.0,61443.7
Belarus,2011,61762382327.9319,70.5536585365854,9461643.0,58325.8
Belarus,2012,65685890438.8922,71.9658536585366,9446836.0,59738.3
Belarus,2013,75527558966.4473,72.4707317073171,9443211.0,59891.2
Belarus,2014,78812805039.0743,72.9707317073171,9448515.0,59431.8
Belarus,2015,56454889146.6088,73.6243902439025,9461076.0,54871.3
Belarus,2016,47723545321.259,73.8268292682927,9469379.0,55201.4
Belarus,2017,54725302249.8088,74.1292682926829,9458989.0,56247.0
Belarus,2018,60031173807.7196,74.1756097560976,9438785.0,59271.6
Belarus,2019,64410122847.3508,74.2268292682927,9419758.0,57681.2
Belarus,2020,61371755326.2351,72.4572195121951,9379952.0,54801.5
Belarus,2021,69673747131.87,72.3706829268293,9302585.0,
Belarus,2022,72793457588.4367,,9228071.0,
Belarus,2023,,,,
Belgium,1990,205331747947.851,76.0519512195122,9967379.0,109312.6
Belgium,1991,210510999409.333,76.1921951219512,10004486.0,113960.1
Belgium,1992,234781652446.675,76.3512195121951,10045158.0,112329.3
Belgium,1993,224721795708.955,76.3453658536585,10084475.0,110108.3
Belgium,1994,244884129491.198,76.6917073170732,10115603.0,114901.4
Belgium,1995,288025588396.278,76.8407317073171,10136811.0,114568.7
Belgium,1996,279201433224.756,77.1873170731707,10156637.0,119448.4
Belgium,1997,252708051420.839,77.3707317073171,10181245.0,116634.7
Belgium,1998,258528339631.029,77.4731707317073,10203008.0,119412.8
Belgium,1999,258245733221.468,77.619512195122,10226419.0,115514.5
Belgium,2000,236792460312.471,77.7219512195122,10251250.0,117274.6
Belgium,2001,236746141604.37,77.9731707317073,10286570.0,118339.8
Belgium,2002,258383599375.177,78.0756097560976,10332785.0,110850.2
Belgium,2003,318082528506.588,78.1292682926829,10376133.0,115502.1
Belgium,2004,369214712443.206,78.8780487804878,10421137.0,113350.8
Belgium,2005,385714762230.039,78.9804878048781,10478617.0,110960.2
Belgium,2006,408259840868.823,79.380487804878,10547958.0,108081.5
Belgium,2007,470922156309.453,79.7829268292683,10625700.0,103905.8
Belgium,2008,517328087920.078,79.6804878048781,10709973.0,106715.4
Belgium,2009,483254171097.812,80.0341463414634,10796493.0,99904.4
Belgium,2010,481420882905.001,80.1829268292683,10895586.0,106872.8
Belgium,2011,523330354138.133,80.5853658536585,11038264.0,96488.2
Belgium,2012,496152879924.727,80.3853658536585,11106932.0,95275.6
Belgium,2013,521791015247.06,80.5878048780488,11159407.0,96550.6
Belgium,2014,535390200131.018,81.2878048780488,11209057.0,90362.4
Belgium,2015,462335574841.484,80.9926829268293,11274196.0,95096.0
Belgium,2016,476062757356.927,81.4390243902439,11331422.0,94171.6
Belgium,2017,502764720556.354,81.4926829268293,11375158.0,92587.4
Belgium,2018,543299066998.902,81.5951219512195,11427054.0,93523.2
Belgium,2019,535865804349.803,81.9951219512195,11488980.0,92989.4
Belgium,2020,526264230147.394,80.6951219512195,11538604.0,85364.1
Belgium,2021,600748812601.541,81.890243902439,11586195.0,
Belgium,2022,583435595579.963,,11685814.0,
Belgium,2023,,,,
Belize,1990,545686365.523175,70.744,182589.0,340.3
Belize,1991,594975697.04556,70.248,186462.0,441.6
Belize,1992,693625168.24559,69.979,190299.0,382.5
Belize,1993,750018765.327715,69.988,194177.0,405.7
Belize,1994,769649509.481095,70.316,198416.0,402.7
Belize,1995,816491620.228815,69.887,203556.0,405.2
Belize,1996,848205276.869645,69.806,209840.0,330.6
Belize,1997,870861115.17749,69.212,217117.0,419.0
Belize,1998,926550756.039735,68.599,224907.0,399.6
Belize,1999,996906468.694785,68.773,232733.0,374.4
Belize,2000,1134756760.62071,68.564,240406.0,425.2
Belize,2001,1168127973.94349,68.357,248100.0,481.4
Belize,2002,1240059540.09348,68.752,255987.0,449.7
Belize,2003,1303381860.75674,68.909,263998.0,450.2
Belize,2004,1394273990.60003,69.227,272128.0,409.6
Belize,2005,1468145956.19917,69.376,280375.0,435.3
Belize,2006,1584207353.22049,70.093,288729.0,461.2
Belize,2007,1699214298.91439,70.655,297173.0,491.6
Belize,2008,1731921564.0667,71.151,305671.0,450.9
Belize,2009,1681473348.43468,71.819,314171.0,532.0
Belize,2010,1739070295.44027,72.272,322106.0,531.2
Belize,2011,1818831938.17757,72.651,329538.0,573.4
Belize,2012,1899503249.8643,73.245,337059.0,465.3
Belize,2013,2021757434.18064,73.666,344688.0,457.4
Belize,2014,2125125606.25723,73.311,352335.0,483.7
Belize,2015,2194709309.24204,73.187,359871.0,675.1
Belize,2016,2240593542.9757,73.399,367313.0,651.3
Belize,2017,2266664817.08822,73.562,374693.0,643.1
Belize,2018,2292787335.62452,73.703,382066.0,630.0
Belize,2019,2386792476.10637,73.931,389095.0,736.2
Belize,2020,2047727810.06777,72.854,394921.0,687.6
Belize,2021,2424575179.3783,70.47,400031.0,
Belize,2022,2830507575.6841,,405272.0,
Belize,2023,,,,
Benin,1990,1959965330.14765,53.292,5133419.0,330.11
Benin,1991,1986437796.53053,53.624,5293046.0,273.51
Benin,1992,1695315305.70308,54.089,5457778.0,282.61
Benin,1993,2274558082.76135,54.537,5706181.0,287.29
Benin,1994,1598075943.86774,54.91,5923394.0,280.34
Benin,1995,2169627137.9207,55.295,6046511.0,302.07
Benin,1996,2361116449.39308,55.558,6203860.0,973.49
Benin,1997,2268301646.46707,55.978,6387026.0,1236.54
Benin,1998,2455092686.34712,56.218,6584183.0,1214.7
Benin,1999,3677393998.74486,56.526,6788589.0,1340.5
Benin,2000,3519991440.47913,56.578,6998023.0,1424.5
Benin,2001,3666222635.13875,56.66,7212041.0,1735.1
Benin,2002,4194342686.2178,56.606,7431783.0,2177.3
Benin,2003,5349258094.48239,56.738,7659208.0,2443.2
Benin,2004,6190270380.49856,56.826,7894554.0,2646.4
Benin,2005,6567654954.38903,57.125,8149419.0,2899.6
Benin,2006,7034111314.88812,57.456,8402631.0,3471.4
Benin,2007,8169048382.83875,57.675,8647761.0,3998.2
Benin,2008,9787734526.23965,57.869,8906469.0,4017.6
Benin,2009,9738626517.00319,57.956,9172514.0,4417.2
Benin,2010,9535345015.78355,58.363,9445710.0,4825.1
Benin,2011,10693321363.6574,58.462,9726380.0,4652.6
Benin,2012,11141358115.8991,58.716,10014078.0,4444.7
Benin,2013,12517845123.9315,58.965,10308730.0,4676.4
Benin,2014,13284527846.9081,59.125,10614844.0,5186.1
Benin,2015,11388160997.1089,59.377,10932783.0,5505.6
Benin,2016,11821065852.1271,59.539,11260085.0,6739.0
Benin,2017,12701655845.9612,59.856,11596779.0,6876.2
Benin,2018,14262408079.7014,60.14,11940683.0,7604.0
Benin,2019,14390708756.988,60.454,12290444.0,7475.5
Benin,2020,15686741893.5187,60.088,12643123.0,7980.4
Benin,2021,17687623534.6665,59.821,12996895.0,
Benin,2022,17396792699.5489,,13352864.0,
Benin,2023,,,,
Bermuda,1990,1592400000.0,74.5,59326.0,
Bermuda,1991,1634900000.0,74.886,59021.0,
Bermuda,1992,1679900000.0,73.8,58595.0,
Bermuda,1993,1820359900.0,74.487,58910.0,
Bermuda,1994,1867160100.0,73.608,59320.0,
Bermuda,1995,2030750000.0,76.137,59746.0,
Bermuda,1996,2695390000.0,78.225,60129.0,
Bermuda,1997,2932827000.0,77.995,60497.0,
Bermuda,1998,3130748000.0,79.949,60943.0,
Bermuda,1999,3324433000.0,79.053,61285.0,
Bermuda,2000,3480219000.0,78.858,61833.0,
Bermuda,2001,3680483000.0,79.871,62504.0,
Bermuda,2002,3937228000.0,80.631,62912.0,
Bermuda,2003,4186525000.0,79.345,63325.0,
Bermuda,2004,4484703000.0,81.12,63740.0,
Bermuda,2005,4868136000.0,77.927,64154.0,
Bermuda,2006,6144000000.0,77.585,64523.0,
Bermuda,2007,6767000000.0,79.361,64888.0,
Bermuda,2008,6980000000.0,78.623,65273.0,
Bermuda,2009,6656000000.0,79.996,65636.0,
Bermuda,2010,6634526000.0,80.499,65124.0,
Bermuda,2011,6312691000.0,81.403,64564.0,
Bermuda,2012,6378188000.0,81.272,64798.0,
Bermuda,2013,6465756000.0,79.992,65001.0,
Bermuda,2014,6413988000.0,79.518,65138.0,
Bermuda,2015,6654541000.0,80.918,65237.0,
Bermuda,2016,6899911000.0,80.608,64554.0,
Bermuda,2017,7142316000.0,82.351,63873.0,
Bermuda,2018,7225977000.0,80.825,63918.0,
Bermuda,2019,7423465000.0,81.033,63911.0,
Bermuda,2020,6887147000.0,81.136,63893.0,
Bermuda,2021,7127200000.0,79.28,63764.0,
Bermuda,2022,7546000000.0,,63532.0,
Bermuda,2023,,,,
Bhutan,1990,287765007.10715,55.968,558442.0,185.39
Bhutan,1991,240294286.015925,56.642,567710.0,182.8
Bhutan,1992,240233531.160464,57.423,545944.0,205.11
Bhutan,1993,225973692.8371,58.117,520838.0,177.05
Bhutan,1994,258954708.048533,58.635,521260.0,205.9
Bhutan,1995,290490983.815778,59.516,527536.0,246.03
Bhutan,1996,303408345.620078,60.212,537494.0,296.56
Bhutan,1997,352229076.707627,60.852,546865.0,381.17
Bhutan,1998,363458380.903342,61.549,557143.0,377.42
Bhutan,1999,399311199.50776,62.23,570990.0,378.53
Bhutan,2000,424448931.007248,62.01,587207.0,388.84
Bhutan,2001,461479581.813528,63.444,603234.0,379.31
Bhutan,2002,520846133.513339,64.078,619048.0,411.52
Bhutan,2003,603999374.539588,64.696,634627.0,377.73
Bhutan,2004,682577068.508011,65.268,649991.0,313.51
Bhutan,2005,796938571.960642,65.805,663323.0,395.42
Bhutan,2006,874989741.101421,66.362,673260.0,397.5
Bhutan,2007,1168307584.21345,66.954,681614.0,398.71
Bhutan,2008,1227809270.44945,67.499,689737.0,422.62
Bhutan,2009,1234015133.10525,67.897,697678.0,396.83
Bhutan,2010,1547990911.56653,68.43,705516.0,493.18
Bhutan,2011,1777102573.23973,68.881,713331.0,744.2
Bhutan,2012,1781280181.55431,69.326,721145.0,833.9
Bhutan,2013,1756214316.41385,69.707,728889.0,908.0
Bhutan,2014,1907090375.97776,70.049,736357.0,1012.4
Bhutan,2015,2003596838.78013,70.343,743274.0,1042.1
Bhutan,2016,2158971711.31564,70.602,749761.0,1228.4
Bhutan,2017,2591358114.48376,70.847,756121.0,1309.5
Bhutan,2018,2583335723.83252,71.129,762096.0,1454.3
Bhutan,2019,2735683408.71698,71.391,767459.0,1433.0
Bhutan,2020,2457604042.76364,71.609,772506.0,1035.2
Bhutan,2021,2768003872.54065,71.815,777486.0,
Bhutan,2022,,,782455.0,
Bhutan,2023,,,,
Bolivia,1990,4867582597.52327,56.422,7096194.0,10407.9
Bolivia,1991,5343262457.10226,57.097,7244891.0,10867.9
Bolivia,1992,5643868748.68126,57.629,7394419.0,11173.7
Bolivia,1993,5734699488.84934,58.418,7544489.0,10260.5
Bolivia,1994,5981222858.82727,58.989,7693722.0,9565.0
Bolivia,1995,6715161732.22658,59.534,7841471.0,8634.5
Bolivia,1996,7396949126.35685,60.084,7989367.0,8331.2
Bolivia,1997,7925736821.45034,60.752,8137619.0,9186.3
Bolivia,1998,8497494652.12546,61.332,8286928.0,8728.6
Bolivia,1999,8285064434.56826,61.871,8439052.0,8285.2
Bolivia,2000,8397855484.76908,62.346,8592656.0,8108.1
Bolivia,2001,8141516928.39489,62.843,8746084.0,7812.9
Bolivia,2002,7905485146.44351,63.306,8900583.0,8339.5
Bolivia,2003,8082399639.54305,63.635,9057378.0,8878.7
Bolivia,2004,8773451751.5121,64.004,9216279.0,9382.4
Bolivia,2005,9549122905.32852,64.386,9377388.0,9883.0
Bolivia,2006,11451844902.2214,64.779,9542663.0,10714.9
Bolivia,2007,13120108008.3477,65.027,9711152.0,11907.5
Bolivia,2008,16674276285.8956,65.446,9880593.0,12734.2
Bolivia,2009,17339992193.7322,65.88,10051317.0,13570.4
Bolivia,2010,19649723722.1034,66.162,10223270.0,14702.2
Bolivia,2011,23963164696.592,66.534,10396246.0,15991.7
Bolivia,2012,27084497481.9103,66.705,10569697.0,16961.0
Bolivia,2013,30659338885.6729,67.021,10743349.0,18123.9
Bolivia,2014,32996188017.3661,67.163,10916987.0,19478.3
Bolivia,2015,33000198248.9146,67.318,11090085.0,20002.9
Bolivia,2016,33941126193.9219,67.628,11263015.0,21328.7
Bolivia,2017,37508642170.767,67.701,11435533.0,21628.2
Bolivia,2018,40287647930.5355,67.748,11606905.0,21881.2
Bolivia,2019,40895322850.9407,67.841,11777315.0,21828.8
Bolivia,2020,36629843806.0781,64.467,11936162.0,18375.3
Bolivia,2021,40406111695.179,63.63,12079472.0,
Bolivia,2022,44008282877.9606,,12224110.0,
Bolivia,2023,,,,
Bosnia and Herzegovina,1990,,72.349,4494310.0,23965.6
Bosnia and Herzegovina,1991,,72.089,4502386.0,21441.0
Bosnia and Herzegovina,1992,,51.785,4275730.0,15966.67
Bosnia and Herzegovina,1993,,51.519,3942981.0,13403.99
Bosnia and Herzegovina,1994,1255802469.1358,67.209,3762330.0,3162.67
Bosnia and Herzegovina,1995,1866572953.73665,70.284,3750527.0,3369.47
Bosnia and Herzegovina,1996,2786045321.63743,73.43,3907751.0,4188.03
Bosnia and Herzegovina,1997,3671909673.04401,73.686,4047748.0,8493.0
Bosnia and Herzegovina,1998,4116774300.60671,73.901,4115059.0,10760.7
Bosnia and Herzegovina,1999,4686256363.04707,75.076,4153014.0,10516.1
Bosnia and Herzegovina,2000,5567772768.81188,74.496,4179350.0,13955.1
Bosnia and Herzegovina,2001,5800615466.26648,75.06,4194932.0,13763.7
Bosnia and Herzegovina,2002,6728220886.64546,74.612,4198410.0,14556.0
Bosnia and Herzegovina,2003,8498894359.38629,75.782,4183757.0,14871.4
Bosnia and Herzegovina,2004,10156541538.399,76.133,4142860.0,15571.7
Bosnia and Herzegovina,2005,11222796336.5426,75.42,4094297.0,16225.4
Bosnia and Herzegovina,2006,12864841905.9543,76.247,4058086.0,17910.2
Bosnia and Herzegovina,2007,15778734264.3787,76.161,4007876.0,18888.5
Bosnia and Herzegovina,2008,19112796623.1175,76.838,3943392.0,20761.2
Bosnia and Herzegovina,2009,17613949091.2294,76.976,3877750.0,20589.7
Bosnia and Herzegovina,2010,17176315803.7298,77.073,3811088.0,20842.5
Bosnia and Herzegovina,2011,18644233537.1093,77.007,3743142.0,23738.2
Bosnia and Herzegovina,2012,17226735995.6905,77.191,3674374.0,21960.2
Bosnia and Herzegovina,2013,18179108530.5261,76.33,3617559.0,21847.8
Bosnia and Herzegovina,2014,18558733564.4692,75.659,3571068.0,19506.8
Bosnia and Herzegovina,2015,16404348871.4437,76.182,3524324.0,19629.0
Bosnia and Herzegovina,2016,17116926327.6247,76.808,3480986.0,22356.6
Bosnia and Herzegovina,2017,18326373366.1105,76.935,3440027.0,22692.7
Bosnia and Herzegovina,2018,20484053868.9246,77.093,3400129.0,22615.8
Bosnia and Herzegovina,2019,20482608755.379,77.241,3360711.0,21124.3
Bosnia and Herzegovina,2020,20226036564.4129,76.225,3318407.0,20946.8
Bosnia and Herzegovina,2021,23649568276.8447,75.3,3270943.0,
Bosnia and Herzegovina,2022,24473906673.7086,,3233526.0,
Bosnia and Herzegovina,2023,,,,
Botswana,1990,3790636324.44775,60.533,1341474.0,2807.4
Botswana,1991,3942876703.45184,59.473,1380584.0,2734.7
Botswana,1992,4146464586.61674,58.348,1420695.0,3298.3
Botswana,1993,4160129174.70569,57.719,1462262.0,3249.7
Botswana,1994,4259259604.15623,56.154,1503544.0,3080.1
Botswana,1995,4730599121.92704,55.059,1543634.0,3189.8
Botswana,1996,4847757217.75815,54.357,1582169.0,2915.9
Botswana,1997,5020265626.66489,53.448,1619354.0,3066.0
Botswana,1998,4790481509.17679,52.523,1655699.0,3682.2
Botswana,1999,5484263346.88105,51.694,1691558.0,3858.5
Botswana,2000,5788329609.15755,51.011,1726985.0,4033.8
Botswana,2001,5489608299.66445,50.676,1761930.0,3865.6
Botswana,2002,5438863982.88692,50.632,1795130.0,4026.7
Botswana,2003,7511582173.37724,50.947,1826863.0,3915.0
Botswana,2004,8957467706.5354,51.617,1859085.0,3970.3
Botswana,2005,9918907108.09702,52.61,1892807.0,4278.6
Botswana,2006,9919158482.41085,53.918,1928704.0,4086.9
Botswana,2007,10567270655.5027,55.732,1966977.0,4319.8
Botswana,2008,10730829116.4105,57.121,2007320.0,4392.7
Botswana,2009,10118459242.3183,58.279,2048997.0,4186.58
Botswana,2010,12637273429.1339,60.013,2091664.0,3371.7
Botswana,2011,15110643612.1729,60.53,2134037.0,3883.337
Botswana,2012,13907464500.1489,60.8,2175425.0,3414.335
Botswana,2013,14271738933.2042,61.996,2217278.0,5421.539
Botswana,2014,15470088500.7414,62.608,2260376.0,6988.912
Botswana,2015,13530748844.505,63.818,2305171.0,6949.712
Botswana,2016,15082636722.902,65.464,2352416.0,6629.312
Botswana,2017,16105156375.533,66.753,2401840.0,7337.512
Botswana,2018,17031943186.1353,65.422,2451409.0,8061.3875
Botswana,2019,16725908666.8462,65.464,2499702.0,7198.3
Botswana,2020,14960291541.176,65.647,2546402.0,5763.687
Botswana,2021,18737066311.1597,61.141,2588423.0,
Botswana,2022,20355541962.8512,,2630296.0,
Botswana,2023,,,,
Brazil,1990,461951781818.18,65.985,150706446.0,197897.4
Brazil,1991,407337837837.838,66.31,153336445.0,205475.4
Brazil,1992,390590371724.558,66.708,155900790.0,207865.4
Brazil,1993,438302216833.007,67.109,158440875.0,215259.5
Brazil,1994,546229749726.263,67.568,160980472.0,222497.5
Brazil,1995,769333050986.905,67.919,163515328.0,241283.8
Brazil,1996,850426432991.742,68.409,166037122.0,262414.1
Brazil,1997,883206179730.462,68.813,168546707.0,281335.0
Brazil,1998,863710759256.435,69.189,171039804.0,290587.2
Brazil,1999,599642024319.531,69.524,173486281.0,300958.7
Brazil,2000,655448231983.527,69.737,175873720.0,313670.8
Brazil,2001,559983634798.981,70.195,178211881.0,319375.7
Brazil,2002,509795273806.715,70.41,180476685.0,317756.5
Brazil,2003,558233745651.874,70.72,182629278.0,310808.1
Brazil,2004,669289424806.307,71.131,184722043.0,328517.3
Brazil,2005,891633839853.105,71.753,186797334.0,331689.1
Brazil,2006,1107626541710.74,72.037,188820682.0,335624.6
Brazil,2007,1397114486471.38,72.365,190779453.0,352555.8
Brazil,2008,1695855083552.05,72.715,192672317.0,373633.1
Brazil,2009,1666996438681.46,72.948,194517549.0,350000.9
Brazil,2010,2208837745214.23,73.182,196353492.0,397931.1
Brazil,2011,2616156223977.47,73.343,198185302.0,418295.4
Brazil,2012,2465227803011.57,73.552,199977707.0,454232.9
Brazil,2013,2472819535742.73,73.918,201721767.0,486844.7
Brazil,2014,2456043727198.85,74.306,203459650.0,511618.0
Brazil,2015,1802212206904.68,74.332,205188205.0,485344.1
Brazil,2016,1795693482652.52,74.442,206859578.0,447077.3
Brazil,2017,2063514977334.32,74.827,208504960.0,455684.8
Brazil,2018,1916933898038.36,75.109,210166592.0,433838.8
Brazil,2019,1873288205186.45,75.338,211782878.0,434318.0
Brazil,2020,1476107231194.11,74.009,213196304.0,414138.8
Brazil,2021,1649622821885.14,72.75,214326223.0,
Brazil,2022,1920095779022.73,,215313498.0,
Brazil,2023,,,,
British Virgin Islands,1990,,73.927,15617.0,
British Virgin Islands,1991,,72.872,16090.0,
British Virgin Islands,1992,,73.324,16476.0,
British Virgin Islands,1993,,73.996,16855.0,
British Virgin Islands,1994,,73.63,17255.0,
British Virgin Islands,1995,,74.24,17674.0,
British Virgin Islands,1996,,74.622,18120.0,
British Virgin Islands,1997,,74.403,18591.0,
British Virgin Islands,1998,,74.906,19079.0,
British Virgin Islands,1999,,74.412,19586.0,
British Virgin Islands,2000,,73.966,20104.0,
British Virgin Islands,2001,,73.846,20657.0,
British Virgin Islands,2002,,73.891,21288.0,
British Virgin Islands,2003,,73.986,21982.0,
British Virgin Islands,2004,,74.251,22715.0,
British Virgin Islands,2005,,74.723,23497.0,
British Virgin Islands,2006,,74.88,24323.0,
British Virgin Islands,2007,,75.039,25191.0,
British Virgin Islands,2008,,75.007,26115.0,
British Virgin Islands,2009,,75.26,27044.0,
British Virgin Islands,2010,,75.428,27556.0,
British Virgin Islands,2011,,75.486,27962.0,
British Virgin Islands,2012,,75.532,28421.0,
British Virgin Islands,2013,,75.574,28657.0,
British Virgin Islands,2014,,75.612,28971.0,
British Virgin Islands,2015,,75.675,29366.0,
British Virgin Islands,2016,,75.724,29739.0,
British Virgin Islands,2017,,74.785,30060.0,
British Virgin Islands,2018,,75.831,30335.0,
British Virgin Islands,2019,,75.863,30610.0,
British Virgin Islands,2020,,75.849,30910.0,
British Virgin Islands,2021,,74.494,31122.0,
British Virgin Islands,2022,,,31305.0,
British Virgin Islands,2023,,,,
Brunei Darussalam,1990,3520487626.98389,71.656,261928.0,3260.3
Brunei Darussalam,1991,3701774188.88021,71.871,269860.0,3384.5
Brunei Darussalam,1992,4183632940.38492,72.081,277416.0,3585.4
Brunei Darussalam,1993,4105729020.64685,72.312,284713.0,3928.1
Brunei Darussalam,1994,4087220218.87545,72.553,291935.0,4265.1
Brunei Darussalam,1995,4734103536.46706,72.816,299097.0,4600.7
Brunei Darussalam,1996,5115454089.63285,73.1,306196.0,4827.2
Brunei Darussalam,1997,5197311972.06908,73.364,313215.0,5225.2
Brunei Darussalam,1998,4051142386.30212,73.619,320152.0,4517.9
Brunei Darussalam,1999,4600116699.1257,73.863,327045.0,4433.0
Brunei Darussalam,2000,6001282104.08228,74.08,333926.0,4717.9
Brunei Darussalam,2001,5601018684.24974,74.276,340748.0,4708.8
Brunei Darussalam,2002,5843368267.85391,74.426,347463.0,4620.1
Brunei Darussalam,2003,6557397070.22741,74.561,354045.0,5515.5
Brunei Darussalam,2004,7872202803.40877,74.65,360461.0,5103.0
Brunei Darussalam,2005,9531420027.79385,74.731,366717.0,4991.3
Brunei Darussalam,2006,11470464771.013,74.783,372808.0,7520.8
Brunei Darussalam,2007,12247677993.9248,74.818,378748.0,7143.2
Brunei Darussalam,2008,14393434224.7597,74.84,384568.0,7912.5
Brunei Darussalam,2009,10732595016.1182,74.846,390311.0,7874.3
Brunei Darussalam,2010,13707280259.9763,74.849,396053.0,7170.8
Brunei Darussalam,2011,18525128526.3766,74.858,401506.0,7332.7
Brunei Darussalam,2012,19048443340.7732,74.827,406634.0,7299.5
Brunei Darussalam,2013,18094321616.7959,74.799,411702.0,7208.8
Brunei Darussalam,2014,17097802752.8728,74.779,416656.0,7080.3
Brunei Darussalam,2015,12930291487.9581,74.75,421437.0,6397.7
Brunei Darussalam,2016,11400466356.3898,74.733,425994.0,6968.5
Brunei Darussalam,2017,12128183904.4501,74.722,430276.0,7290.2
Brunei Darussalam,2018,13566937673.7966,74.712,434274.0,7540.0
Brunei Darussalam,2019,13469235364.7032,74.748,438048.0,7057.8
Brunei Darussalam,2020,12005799653.9835,74.795,441725.0,9588.0
Brunei Darussalam,2021,14006496617.4458,74.642,445373.0,
Brunei Darussalam,2022,16681536466.7183,,449002.0,
Brunei Darussalam,2023,,,,
Bulgaria,1990,20632090909.0909,71.6414634146342,8718289.0,73605.7
Bulgaria,1991,10943548387.0968,71.5609756097561,8632367.0,58826.5
Bulgaria,1992,10350515463.9175,71.4943902439024,8540164.0,55364.1
Bulgaria,1993,10832064941.654,71.3468292682927,8472313.0,55925.2
Bulgaria,1994,9697416974.16974,71.2087804878049,8443591.0,53724.0
Bulgaria,1995,18991484420.36,71.0534146341463,8406067.0,54882.8
Bulgaria,1996,12294964837.6235,70.8973170731707,8362826.0,55301.7
Bulgaria,1997,11316127378.9613,70.3512195121951,8312068.0,52994.6
Bulgaria,1998,15031055046.7575,71.0609756097561,8256786.0,50477.5
Bulgaria,1999,13627325461.1743,71.4121951219512,8210624.0,44322.0
Bulgaria,2000,13245990274.4581,71.6634146341463,8170172.0,43421.1
Bulgaria,2001,14183446025.7389,71.7682926829268,8009142.0,46185.6
Bulgaria,2002,16403043849.8297,71.8658536585366,7837161.0,43599.9
Bulgaria,2003,21144957990.4681,72.0658536585366,7775327.0,47933.3
Bulgaria,2004,26157743368.8716,72.5634146341463,7716860.0,47265.7
Bulgaria,2005,29868657858.0082,72.5609756097561,7658972.0,47985.6
Bulgaria,2006,34380536495.6739,72.6121951219512,7601022.0,48954.8
Bulgaria,2007,44432811756.4731,72.6634146341463,7545338.0,52598.7
Bulgaria,2008,54480684188.4442,72.9634146341463,7492561.0,50039.3
Bulgaria,2009,52023801230.12,73.4121951219512,7444443.0,42907.8
Bulgaria,2010,50760929302.5147,73.5121951219512,7395599.0,44740.6
Bulgaria,2011,57737040780.0157,74.1634146341463,7348328.0,49637.6
Bulgaria,2012,54288135058.7926,74.3146341463415,7305888.0,45023.1
Bulgaria,2013,55852123989.9504,74.8609756097561,7265115.0,39660.7
Bulgaria,2014,57157782909.9307,74.4658536585366,7223938.0,42054.4
Bulgaria,2015,50811995688.6771,74.6146341463415,7177991.0,44556.5
Bulgaria,2016,53964253211.84,74.8121951219512,7127822.0,41586.7
Bulgaria,2017,59309748166.1179,74.8146341463415,7075947.0,43885.1
Bulgaria,2018,66370132238.3914,74.9634146341464,7025037.0,40898.2
Bulgaria,2019,68881010245.5498,75.1121951219512,6975761.0,39159.9
Bulgaria,2020,70368758395.141,73.6585365853659,6934015.0,34138.1
Bulgaria,2021,84041493015.6618,71.5146341463415,6877743.0,
Bulgaria,2022,90346169914.9349,,6465097.0,
Bulgaria,2023,,,,
Burkina Faso,1990,3101300778.56414,49.44,9131361.0,594.1
Burkina Faso,1991,3135045584.08387,49.45,9365064.0,599.6
Burkina Faso,1992,3356692505.18266,49.437,9598555.0,610.8
Burkina Faso,1993,3199536465.23328,49.209,9840075.0,623.6
Burkina Faso,1994,1895290637.09504,49.307,10091256.0,625.8
Burkina Faso,1995,2379517975.28056,49.446,10353263.0,639.72
Burkina Faso,1996,2586550595.41013,49.614,10621210.0,724.9
Burkina Faso,1997,2447669101.95178,49.4,10897353.0,827.85
Burkina Faso,1998,2804902367.14687,49.991,11201063.0,879.32
Burkina Faso,1999,3389566712.66037,50.325,11533554.0,933.39
Burkina Faso,2000,2968370087.59759,50.847,11882888.0,1048.93
Burkina Faso,2001,3190371080.94768,51.071,12249764.0,1024.23
Burkina Faso,2002,3622350062.96053,51.272,12632269.0,1027.23
Burkina Faso,2003,4740768142.67494,51.793,13030591.0,1102.48
Burkina Faso,2004,5451688537.60959,52.416,13445977.0,1133.84
Burkina Faso,2005,6146353173.34929,53.092,13876127.0,1151.29
Burkina Faso,2006,6547419820.38113,53.742,14316242.0,1400.48
Burkina Faso,2007,7625722836.76847,54.375,14757074.0,1682.82
Burkina Faso,2008,9451435490.11467,55.342,15197915.0,1909.6
Burkina Faso,2009,9450696873.34326,55.959,15650022.0,1930.1
Burkina Faso,2010,10109619740.6994,56.477,16116845.0,2094.3
Burkina Faso,2011,12080295977.5632,57.125,16602651.0,2200.4
Burkina Faso,2012,12561015156.5683,57.619,17113732.0,2693.0
Burkina Faso,2013,13444300485.8412,57.823,17636408.0,2947.0
Burkina Faso,2014,13943016076.7436,58.359,18169842.0,2997.0
Burkina Faso,2015,11832159315.6298,58.845,18718019.0,3801.8
Burkina Faso,2016,12833363045.3367,59.326,19275498.0,3997.8
Burkina Faso,2017,14106955615.3442,59.536,19835858.0,4625.2
Burkina Faso,2018,15890066221.2882,60.047,20392723.0,5147.7
Burkina Faso,2019,16032813501.6639,60.039,20951639.0,5646.5
Burkina Faso,2020,17725010530.7894,59.731,21522626.0,5456.7
Burkina Faso,2021,19642668879.7694,59.27,22100683.0,
Burkina Faso,2022,18820064797.8379,,22673762.0,
Burkina Faso,2023,,,,
Burundi,1990,1132101252.51817,44.86,5483793.0,187.6
Burundi,1991,1167398478.3459,44.227,5594828.0,229.6
Burundi,1992,1083037670.60484,43.895,5743085.0,201.2
Burundi,1993,938632612.026359,37.105,5555220.0,210.6
Burundi,1994,925030590.153683,44.08,5586408.0,210.6
Burundi,1995,1000428393.88528,44.059,5932783.0,216.9
Burundi,1996,869033856.317093,44.373,5930507.0,223.3
Burundi,1997,972896267.915425,45.387,5923862.0,226.2
Burundi,1998,893770740.207416,46.552,6035340.0,232.5
Burundi,1999,808077223.365746,47.528,6180180.0,233.8
Burundi,2000,870486065.883137,47.514,6307659.0,262.6
Burundi,2001,876794723.068586,48.431,6465729.0,210.2
Burundi,2002,825394519.423728,49.891,6648938.0,218.1
Burundi,2003,784654423.620476,50.857,6860846.0,171.2
Burundi,2004,915257323.3961,52.01,7120496.0,159.6
Burundi,2005,1117113079.73645,53.023,7388874.0,161.0
Burundi,2006,1273375078.44844,53.869,7658190.0,191.6
Burundi,2007,1356199387.42308,54.727,7944609.0,192.1
Burundi,2008,1611835857.04588,55.71,8278109.0,198.7
Burundi,2009,1781455139.85931,56.388,8709366.0,198.1
Burundi,2010,2032135192.01248,57.081,9126605.0,323.3
Burundi,2011,2235820809.32006,57.769,9455733.0,359.3
Burundi,2012,2333341334.45753,58.493,9795479.0,364.2
Burundi,2013,2451606632.29246,59.235,10149577.0,366.4
Burundi,2014,2705783329.80483,59.868,10494913.0,364.8
Burundi,2015,3104003546.26497,60.217,10727148.0,366.8
Burundi,2016,2644487776.50077,60.793,10903327.0,442.0
Burundi,2017,2723586962.84034,61.553,11155593.0,529.1
Burundi,2018,2667182199.51333,61.688,11493472.0,664.9
Burundi,2019,2576518879.82353,62.351,11874838.0,707.4
Burundi,2020,2649680261.43998,61.566,12220227.0,713.466
Burundi,2021,2775798697.47186,61.663,12551213.0,
Burundi,2022,3338722827.66241,,12889576.0,
Burundi,2023,,,,
Cabo Verde,1990,306890962.649533,65.023,364563.0,183.8
Cabo Verde,1991,319827058.592875,65.176,372721.0,169.8
Cabo Verde,1992,357160985.327413,65.318,381947.0,182.9
Cabo Verde,1993,490417389.682569,65.312,391749.0,173.1
Cabo Verde,1994,406580652.330537,65.25,401655.0,175.9
Cabo Verde,1995,487148993.533109,64.093,411382.0,201.7
Cabo Verde,1996,501979269.843942,65.763,421007.0,222.4
Cabo Verde,1997,490608657.924976,66.378,430654.0,230.1
Cabo Verde,1998,521910560.524868,66.993,440214.0,248.1
Cabo Verde,1999,592416703.058878,67.569,449627.0,295.6
Cabo Verde,2000,539227277.626411,68.618,458251.0,305.8
Cabo Verde,2001,563090490.377368,69.929,465958.0,358.5
Cabo Verde,2002,620507387.466174,70.705,473231.0,392.0
Cabo Verde,2003,813260468.873834,71.429,480089.0,419.1
Cabo Verde,2004,924940011.836897,71.999,486583.0,416.0
Cabo Verde,2005,972241676.907662,72.68,492827.0,451.5
Cabo Verde,2006,1107571457.90614,72.239,498884.0,518.7
Cabo Verde,2007,1649621738.63689,72.835,504733.0,460.0
Cabo Verde,2008,1959620648.31578,72.508,510336.0,475.7
Cabo Verde,2009,1852334575.17521,73.088,515638.0,510.6
Cabo Verde,2010,1824751467.92957,73.499,521212.0,540.7
Cabo Verde,2011,2046817987.20109,74.257,527521.0,566.8
Cabo Verde,2012,1913081210.41411,74.484,533864.0,525.6
Cabo Verde,2013,2028910915.16446,75.059,539940.0,502.0
Cabo Verde,2014,2041930125.42979,75.24,546076.0,496.4
Cabo Verde,2015,1749857620.35329,74.62,552166.0,499.9
Cabo Verde,2016,1849789985.99572,75.742,558394.0,542.9
Cabo Verde,2017,1996741539.95088,76.593,564954.0,584.7
Cabo Verde,2018,2205099506.99994,75.733,571202.0,594.7
Cabo Verde,2019,2252177124.32402,76.004,577030.0,617.2
Cabo Verde,2020,1821565613.68613,74.808,582640.0,620.6
Cabo Verde,2021,1997866378.77119,74.052,587925.0,
Cabo Verde,2022,2226862134.08787,,593149.0,
Cabo Verde,2023,,,,
Cambodia,1990,,55.434,8910808.0,1260.416
Cambodia,1991,,55.793,9259362.0,1304.384
Cambodia,1992,,56.021,9718215.0,1348.352
Cambodia,1993,2533727592.04165,56.08,10243550.0,1384.992
Cambodia,1994,2791435272.26653,56.035,10636353.0,1425.296
Cambodia,1995,3441205692.9166,56.308,10919528.0,1470.8
Cambodia,1996,3506695719.57259,56.346,11182612.0,1529.8
Cambodia,1997,3443413388.65696,56.743,11431569.0,1640.6
Cambodia,1998,3120425502.66241,57.028,11669077.0,1882.2
Cambodia,1999,3517242477.2548,57.69,11899006.0,1907.1
Cambodia,2000,3654031716.39855,58.625,12118841.0,1963.0
Cambodia,2001,3984000517.07441,59.966,12338192.0,2152.6
Cambodia,2002,4284028482.51213,61.226,12561779.0,2210.9
Cambodia,2003,4658246918.32119,62.523,12787710.0,2378.2
Cambodia,2004,5337833248.01434,63.552,13016371.0,2377.8
Cambodia,2005,6293046161.75932,64.293,13246583.0,2657.5
Cambodia,2006,7274595706.57406,65.059,13477779.0,2963.0
Cambodia,2007,8639235912.59077,65.731,13714791.0,3660.73
Cambodia,2008,10351914177.4839,66.47,13943888.0,4055.5
Cambodia,2009,10401851767.7083,67.444,14155740.0,4745.0
Cambodia,2010,11242275287.581,67.712,14363532.0,5140.8
Cambodia,2011,12829541141.062,68.416,14573885.0,5363.7
Cambodia,2012,14054443213.4887,68.915,14786640.0,5673.9
Cambodia,2013,15227991395.1207,69.304,14999683.0,5737.6
Cambodia,2014,16702610842.3529,69.736,15210817.0,6947.2
Cambodia,2015,18049954289.4721,69.873,15417523.0,8432.6
Cambodia,2016,20016747857.6367,70.224,15624584.0,11066.4
Cambodia,2017,22177200588.1826,70.515,15830689.0,12660.5
Cambodia,2018,24571753583.3935,70.561,16025238.0,13555.7
Cambodia,2019,27089390032.798,70.692,16207746.0,18093.2
Cambodia,2020,25872797891.7664,70.416,16396860.0,18652.8
Cambodia,2021,26961061151.7337,69.584,16589023.0,
Cambodia,2022,29504829319.3169,,16767842.0,
Cambodia,2023,,,,
Cameroon,1990,12314482627.8454,54.868,11430520.0,2900.0
Cameroon,1991,11840192296.3893,54.658,11777719.0,6966.2
Cameroon,1992,12071775335.0433,54.481,12128604.0,6846.8
Cameroon,1993,16181814712.5295,54.062,12486773.0,5766.9
Cameroon,1994,8902446252.18372,53.528,12848862.0,4619.3
Cameroon,1995,10864772470.9043,53.222,13211647.0,4679.5
Cameroon,1996,11093538846.4483,52.82,13575324.0,4755.4
Cameroon,1997,10789458432.6416,52.737,13941181.0,4862.4
Cameroon,1998,11298144990.4104,52.582,14314599.0,5040.5
Cameroon,1999,11565826464.8921,52.695,14698973.0,4788.4
Cameroon,2000,10566579294.9831,52.932,15091594.0,5209.1
Cameroon,2001,10953485349.1135,53.142,15493253.0,5156.8
Cameroon,2002,12417251332.5885,53.415,15914033.0,5133.3
Cameroon,2003,15970315034.9903,53.883,16354326.0,5206.0
Cameroon,2004,18826214135.6419,54.178,16809407.0,5122.6
Cameroon,2005,19509852206.9341,54.362,17275171.0,5016.3
Cameroon,2006,20910512974.933,54.856,17751333.0,5091.7
Cameroon,2007,23928250433.0378,55.165,18251866.0,6131.5
Cameroon,2008,27715142032.913,55.655,18777081.0,6393.5
Cameroon,2009,27932970317.129,56.102,19319274.0,7032.4
Cameroon,2010,27507501821.0296,56.582,19878036.0,7014.4
Cameroon,2011,30630910495.217,57.133,20448873.0,6801.5
Cameroon,2012,30155062329.2821,57.792,21032684.0,6866.7
Cameroon,2013,33728621180.3231,58.476,21632850.0,7526.8
Cameroon,2014,36386544706.0806,58.935,22299585.0,8222.8
Cameroon,2015,32210233020.4569,59.658,23012646.0,8500.2
Cameroon,2016,33814337044.3765,60.233,23711630.0,8974.7
Cameroon,2017,36098547033.1655,60.81,24393181.0,9076.0
Cameroon,2018,39973842087.2242,61.18,25076747.0,9749.7
Cameroon,2019,39670976452.5283,61.584,25782341.0,9557.3
Cameroon,2020,40773241177.0505,60.833,26491087.0,9928.4
Cameroon,2021,44993521774.066,60.333,27198628.0,
Cameroon,2022,43644068310.851,,27914536.0,
Cameroon,2023,,,,
Canada,1990,596075591360.987,77.4365853658537,27691138.0,419492.2
Canada,1991,612527712315.615,77.5934146341464,28037420.0,413298.6
Canada,1992,594387358318.855,77.8380487804878,28371264.0,426367.3
Canada,1993,579053561739.4,77.7048780487805,28684764.0,422047.8
Canada,1994,579944346807.264,77.8717073170732,29000663.0,436764.6
Canada,1995,605961090061.207,77.9773170731707,29302311.0,448046.0
Canada,1996,630607994132.747,78.220243902439,29610218.0,461700.7
Canada,1997,654986999855.554,78.4124390243903,29905948.0,476815.9
Canada,1998,634000000000.0,78.6236585365854,30155173.0,484791.8
Canada,1999,678412196271.118,78.8390243902439,30401286.0,494278.5
Canada,2000,744773415931.587,79.1668292682927,30685730.0,514215.1
Canada,2001,738981792355.372,79.3980487804878,31020902.0,506615.9
Canada,2002,760649334098.005,79.5307317073171,31360079.0,524353.4
Canada,2003,895540646634.787,79.7151219512195,31644028.0,544541.8
Canada,2004,1026690238278.25,79.9921951219512,31940655.0,536417.3
Canada,2005,1173108598778.68,80.1126829268293,32243753.0,549032.7
Canada,2006,1319264809590.97,80.5436585365854,32571174.0,540525.6
Canada,2007,1468820407783.26,80.5436585365854,32889025.0,571632.0
Canada,2008,1552989690721.65,80.7246341463415,33247118.0,550553.2
Canada,2009,1374625142157.29,81.0660975609756,33628895.0,521399.4
Canada,2010,1617343367486.26,81.3221951219512,34004889.0,537091.5
Canada,2011,1793326630174.52,81.4826829268293,34339328.0,549369.9
Canada,2012,1828366481521.6,81.6636585365854,34714222.0,546291.6
Canada,2013,1846597421834.98,81.7448780487805,35082954.0,555742.4
Canada,2014,1805749878439.94,81.7843902439025,35437435.0,561760.5
Canada,2015,1556508816217.14,81.8156097560976,35702908.0,558747.2
Canada,2016,1527994741907.43,81.9248780487805,36109487.0,556874.1
Canada,2017,1649265644244.09,81.8329268292683,36545236.0,568175.9
Canada,2018,1725329192783.02,81.8439024390244,37065084.0,579573.9
Canada,2019,1743725183672.52,82.2287804878049,37601230.0,566001.8
Canada,2020,1655684730000.19,81.6704878048781,38007166.0,516873.7
Canada,2021,2007472181464.15,82.5966097560976,38226498.0,
Canada,2022,2161483369422.01,,38929902.0,
Canada,2023,,,,
Caribbean small states,1990,18145262491.2916,69.431404933709,6057836.0,27695.208097
Caribbean small states,1991,18028768358.6827,69.5491579780903,6100213.0,27978.372072
Caribbean small states,1992,17750479192.5679,69.5525009368653,6152432.0,28528.882047
Caribbean small states,1993,19223181125.8207,69.6402500897809,6206775.0,26203.362022
Caribbean small states,1994,20203342207.8666,69.5696151362943,6261744.0,24806.982797
Caribbean small states,1995,22268849584.0582,69.6092698748971,6319517.0,25222.981167
Caribbean small states,1996,24288307616.5238,69.5756427804434,6376465.0,26225.193537
Caribbean small states,1997,28419094413.8668,69.4272102235293,6430969.0,27077.785907
Caribbean small states,1998,30366582090.5021,69.497329020685,6484492.0,28405.224277
Caribbean small states,1999,32208819361.665,69.3912801233712,6535399.0,28791.492647
Caribbean small states,2000,34552588845.5197,69.6093331607451,6582141.0,28485.22
Caribbean small states,2001,35580943997.6093,69.7013628300102,6626803.0,30033.96
Caribbean small states,2002,37331464587.9012,69.9700669387854,6671842.0,30811.46
Caribbean small states,2003,39893014716.3283,69.7958451987249,6716747.0,34223.46
Caribbean small states,2004,43630425959.2462,70.2253181574919,6760372.0,35110.06
Caribbean small states,2005,49313767403.2814,70.4823358902952,6802474.0,36627.06
Caribbean small states,2006,56077496592.9948,70.7006903460939,6844183.0,40350.77
Caribbean small states,2007,62332145605.8804,71.0279716427937,6884705.0,41066.58
Caribbean small states,2008,70784637901.5853,71.1774694310625,6923924.0,38498.49
Caribbean small states,2009,59841390196.0856,71.8319070972568,6964240.0,35974.17
Caribbean small states,2010,64940854448.0727,72.0186893303779,7004428.0,38301.47
Caribbean small states,2011,70216293656.7862,72.3584611359135,7044357.0,39660.78
Caribbean small states,2012,74185116568.1063,72.6407031919612,7088996.0,39118.25
Caribbean small states,2013,75356800316.8823,72.7209084798744,7135884.0,40477.58
Caribbean small states,2014,77059089418.8565,72.6808769061992,7181044.0,40085.4586
Caribbean small states,2015,75749012501.5871,72.6102636224113,7224602.0,39284.4
Caribbean small states,2016,71240254843.9807,72.5605216960907,7265272.0,37223.056
Caribbean small states,2017,73779107435.1508,72.6008945750841,7303634.0,36313.3
Caribbean small states,2018,76540797383.5589,72.5836868696142,7374650.0,37801.5
Caribbean small states,2019,77253744414.7289,72.5234099538234,7424102.0,37614.99
Caribbean small states,2020,65860096129.8181,72.5792038787508,7444768.0,32776.99
Caribbean small states,2021,76123490342.5381,70.9962586746615,7481877.0,
Caribbean small states,2022,94867024971.9129,,7505478.0,
Caribbean small states,2023,,,,
Cayman Islands,1990,,,26027.0,
Cayman Islands,1991,,,27340.0,
Cayman Islands,1992,,,28677.0,
Cayman Islands,1993,,,30038.0,
Cayman Islands,1994,,,31418.0,
Cayman Islands,1995,,,32802.0,
Cayman Islands,1996,,,34194.0,
Cayman Islands,1997,,,35579.0,
Cayman Islands,1998,,,36947.0,
Cayman Islands,1999,,,38295.0,
Cayman Islands,2000,,,39658.0,
Cayman Islands,2001,,,41054.0,
Cayman Islands,2002,,,42456.0,
Cayman Islands,2003,,,43862.0,
Cayman Islands,2004,,,45286.0,
Cayman Islands,2005,,,46727.0,
Cayman Islands,2006,4200288241.15296,,48177.0,
Cayman Islands,2007,4466278065.11226,,49647.0,
Cayman Islands,2008,4585949023.79609,,51123.0,
Cayman Islands,2009,4281714566.85827,,52602.0,
Cayman Islands,2010,4156841107.36443,82.190243902439,54074.0,
Cayman Islands,2011,4186073104.29242,,55492.0,
Cayman Islands,2012,4291004524.0181,,56860.0,
Cayman Islands,2013,4405796023.18409,,58212.0,
Cayman Islands,2014,4562853611.41445,,59559.0,
Cayman Islands,2015,4708167232.66893,,60911.0,
Cayman Islands,2016,4909322237.28895,,62255.0,
Cayman Islands,2017,5166281305.12522,,63581.0,
Cayman Islands,2018,5530178440.71376,,64884.0,
Cayman Islands,2019,5941896607.58643,,66134.0,
Cayman Islands,2020,5647224988.89996,,67311.0,
Cayman Islands,2021,6028373513.49405,,68136.0,
Cayman Islands,2022,6844827379.30952,,68706.0,
Cayman Islands,2023,,,,
Central African Republic,1990,1440711459.16967,49.635,2809221.0,148.0
Central African Republic,1991,1377374986.58709,49.252,2898052.0,142.0
Central African Republic,1992,1411917553.12436,48.793,2991727.0,151.5
Central African Republic,1993,1278781261.55928,48.353,3089146.0,157.6
Central African Republic,1994,851174356.781737,47.853,3187844.0,160.7
Central African Republic,1995,1115389673.69197,47.35,3276706.0,163.8
Central African Republic,1996,1007791127.09913,46.831,3363570.0,167.0
Central African Republic,1997,937741513.015352,46.319,3458472.0,167.0
Central African Republic,1998,967338389.650578,46.025,3555064.0,227.4
Central African Republic,1999,999477510.686632,45.75,3655360.0,236.8
Central African Republic,2000,916777282.691659,45.406,3759170.0,243.2
Central African Republic,2001,932648604.751954,45.393,3844773.0,253.0
Central African Republic,2002,996068144.884889,45.409,3930648.0,249.8
Central African Republic,2003,1142315522.53864,45.76,4026841.0,231.0
Central African Republic,2004,1272360517.32373,46.038,4115138.0,226.2
Central African Republic,2005,1337894378.73743,46.433,4208834.0,224.1
Central African Republic,2006,1461859762.33459,46.851,4294352.0,234.3
Central African Republic,2007,1699811294.94935,47.426,4375569.0,237.8
Central African Republic,2008,1993407888.49838,48.016,4467233.0,171.4
Central African Republic,2009,2067381665.25454,48.648,4564540.0,168.2
Central African Republic,2010,2142591540.40068,49.255,4660067.0,174.8
Central African Republic,2011,2437982705.12093,49.948,4732022.0,194.2
Central African Republic,2012,2510126512.22831,50.686,4773306.0,197.2
Central African Republic,2013,1691544110.18543,50.902,4802428.0,120.6
Central African Republic,2014,1894813389.40325,50.566,4798734.0,130.4
Central African Republic,2015,1695825714.19282,52.793,4819333.0,184.4
Central African Republic,2016,1825018144.65595,53.46,4904177.0,206.4
Central African Republic,2017,2072349972.6818,53.721,4996741.0,222.4
Central African Republic,2018,2220979146.11241,54.369,5094780.0,229.1
Central African Republic,2019,2221301351.43918,55.025,5209324.0,235.4
Central African Republic,2020,2326720900.38047,54.604,5343020.0,236.6
Central African Republic,2021,2516498412.46384,53.895,5457154.0,
Central African Republic,2022,2382618615.01694,,5579144.0,
Central African Republic,2023,,,,
Central Europe and the Baltics,1990,255342985523.694,70.6563313372586,110743128.0,991246.4
Central Europe and the Baltics,1991,242589999851.319,70.5752213034774,110469467.0,916298.1
Central Europe and the Baltics,1992,260007192125.902,70.7328371314156,110111454.0,850698.7
Central Europe and the Baltics,1993,274155699209.854,70.8459866151448,110041924.0,826253.11
Central Europe and the Baltics,1994,310993103188.365,70.8695439447473,110021594.0,805509.9
Central Europe and the Baltics,1995,393418186744.059,71.0254214282891,109864246.0,809241.02
Central Europe and the Baltics,1996,416195415174.039,71.3360580189951,109626194.0,835209.1
Central Europe and the Baltics,1997,410169356182.417,71.5172580696822,109422013.0,809596.6
Central Europe and the Baltics,1998,448894516201.305,71.8982376759956,109238340.0,760226.7
Central Europe and the Baltics,1999,435065154081.647,72.1845610740875,109060951.0,717907.0
Central Europe and the Baltics,2000,428597869265.835,72.719724722779,108447824.0,710574.87
Central Europe and the Baltics,2001,468614929760.097,73.0961481937343,107660041.0,722553.0
Central Europe and the Baltics,2002,528073644706.221,73.2424154880921,106959751.0,707700.2
Central Europe and the Baltics,2003,634392755114.964,73.3822527825258,106624167.0,736222.1
Central Europe and the Baltics,2004,763090521706.343,73.7304349327381,106331716.0,735101.1
Central Europe and the Baltics,2005,886071992246.426,73.8449951359211,106041911.0,735068.0
Central Europe and the Baltics,2006,1001637168216.98,74.0926027308098,105772481.0,753388.1
Central Europe and the Baltics,2007,1265564800459.09,74.2506487210769,105378748.0,758838.8
Central Europe and the Baltics,2008,1530711739102.62,74.5759526780779,105001883.0,740343.6
Central Europe and the Baltics,2009,1289846065408.44,74.9303639266576,104800475.0,684780.6
Central Europe and the Baltics,2010,1316531033893.12,75.2939657786314,104421447.0,708417.9
Central Europe and the Baltics,2011,1454696041345.17,75.8884748834282,104174038.0,709498.9
Central Europe and the Baltics,2012,1358996129796.77,75.993488603453,103935318.0,682324.9
Central Europe and the Baltics,2013,1417459171481.04,76.3551629869809,103713726.0,655837.7
Central Europe and the Baltics,2014,1463675951157.07,76.6756236113045,103496179.0,635436.5
Central Europe and the Baltics,2015,1293469512790.95,76.5718777647788,103257886.0,644756.0
Central Europe and the Baltics,2016,1316594480887.55,76.9698114171911,102994278.0,656753.9
Central Europe and the Baltics,2017,1461306924995.73,76.9474426395729,102740078.0,684083.3
Central Europe and the Baltics,2018,1648634467771.53,76.9768226818402,102538451.0,678446.5
Central Europe and the Baltics,2019,1674210532695.96,77.2668446661451,102398537.0,643612.1
Central Europe and the Baltics,2020,1665327992740.77,76.087716844628,102180124.0,598490.02
Central Europe and the Baltics,2021,1908002281033.51,74.9320769722919,101413176.0,
Central Europe and the Baltics,2022,1944198197077.57,,100108221.0,
Central Europe and the Baltics,2023,,,,
Chad,1990,1738605557.76313,44.686,5827069.0,388.9
Chad,1991,1877137981.75712,45.941,6042428.0,397.3
Chad,1992,1881847669.69794,46.102,6302926.0,408.5
Chad,1993,1463251163.9188,46.318,6448280.0,409.9
Chad,1994,1179837963.22213,46.449,6592998.0,425.0
Chad,1995,1445919894.57661,46.711,6888856.0,436.6
Chad,1996,1607345355.78298,47.013,7200291.0,449.1
Chad,1997,1544689576.92712,47.217,7450874.0,464.7
Chad,1998,1744794531.21401,47.224,7709115.0,474.4
Chad,1999,1534673583.2487,47.372,7981889.0,490.2
Chad,2000,1388506771.58756,47.443,8259137.0,507.4
Chad,2001,1710843377.00119,47.85,8538804.0,521.7
Chad,2002,1997005708.81576,47.946,8838369.0,532.4
Chad,2003,2742815071.5744,48.206,9196366.0,764.9
Chad,2004,4422855660.82592,48.232,9613503.0,773.1
Chad,2005,6649307523.64377,48.312,10005012.0,796.6
Chad,2006,7428701453.91509,48.286,10365614.0,815.2
Chad,2007,8650137743.32547,48.751,10722731.0,876.5
Chad,2008,10393833765.3651,49.024,11098664.0,1027.7
Chad,2009,9290728318.98821,49.196,11496128.0,1114.2
Chad,2010,10668103554.1192,49.584,11894727.0,1190.0
Chad,2011,12172308851.0395,50.009,12317730.0,1003.6649
Chad,2012,12367362757.1342,50.54,12754906.0,1233.73
Chad,2013,12953534866.4286,50.781,13216766.0,1487.26
Chad,2014,13940767218.5849,51.202,13697126.0,1483.1
Chad,2015,10950392256.9543,51.589,14140274.0,1478.55
Chad,2016,10097778098.1707,52.083,14592585.0,1469.87
Chad,2017,10000394381.0177,52.308,15085884.0,1488.2
Chad,2018,11239167898.3395,52.825,15604210.0,1557.4
Chad,2019,11314951091.7283,53.259,16126866.0,1583.6
Chad,2020,10715396042.3343,52.777,16644701.0,1568.4
Chad,2021,11779981332.8631,52.525,17179740.0,
Chad,2022,12704149840.2283,,17723315.0,
Chad,2023,,,,
Channel Islands,1990,,77.185,140601.0,
Channel Islands,1991,,76.617,141557.0,
Channel Islands,1992,,78.125,142011.0,
Channel Islands,1993,,76.547,142291.0,
Channel Islands,1994,,78.005,142466.0,
Channel Islands,1995,,77.749,142559.0,
Channel Islands,1996,,77.962,142898.0,
Channel Islands,1997,,78.211,143549.0,
Channel Islands,1998,5945677376.61477,78.898,144211.0,
Channel Islands,1999,6262740656.85164,78.935,144811.0,
Channel Islands,2000,6439703434.71024,79.155,145306.0,
Channel Islands,2001,6232906290.4851,79.277,146044.0,
Channel Islands,2002,6663669064.7482,78.906,147167.0,
Channel Islands,2003,7332244897.95918,79.618,148341.0,
Channel Islands,2004,8553643354.08275,80.125,149538.0,
Channel Islands,2005,8827272727.27273,80.344,150763.0,
Channel Islands,2006,9676172953.08188,80.694,151985.0,
Channel Islands,2007,11514605842.3369,81.166,153225.0,
Channel Islands,2008,,81.317,154475.0,
Channel Islands,2009,,80.995,155721.0,
Channel Islands,2010,,81.12,156933.0,
Channel Islands,2011,,81.726,157819.0,
Channel Islands,2012,,81.339,158621.0,
Channel Islands,2013,,81.516,159794.0,
Channel Islands,2014,,81.884,160912.0,
Channel Islands,2015,,81.433,162190.0,
Channel Islands,2016,9511207129.35458,81.366,163721.0,
Channel Islands,2017,9530244530.24453,81.331,165215.0,
Channel Islands,2018,10422948632.4216,81.375,167259.0,
Channel Islands,2019,10381669645.1366,81.39,169410.0,
Channel Islands,2020,9811538461.53846,81.264,171113.0,
Channel Islands,2021,11735662219.7772,81.232,172683.0,
Channel Islands,2022,,,174079.0,
Channel Islands,2023,,,,
Chile,1990,33137824752.7724,72.574,13342868.0,30533.6
Chile,1991,37846188180.81,73.574,13561945.0,29243.4
Chile,1992,45949608605.2333,74.135,13782297.0,30346.9
Chile,1993,49287378587.5542,74.195,13998386.0,32465.1
Chile,1994,56998601233.0675,74.614,14210674.0,35826.8
Chile,1995,73444831587.4252,74.609,14416796.0,38972.0
Chile,1996,78584098982.9097,74.899,14615483.0,44896.3
Chile,1997,85741415248.4482,75.596,14809289.0,51285.2
Chile,1998,81990010726.0184,75.669,14996742.0,52013.7
Chile,1999,75578685736.1159,76.018,15176410.0,54430.3
Chile,2000,78339750717.0395,76.87,15351799.0,50424.5
Chile,2001,71574739558.6914,76.773,15523978.0,48425.1
Chile,2002,70264045959.6025,77.445,15693790.0,49121.4
Chile,2003,76492579644.0605,77.387,15859112.0,50200.6
Chile,2004,99075985721.5697,77.616,16017966.0,54972.1
Chile,2005,122294145211.371,78.016,16175311.0,55968.9
Chile,2006,153843518110.852,78.261,16334575.0,57148.1
Chile,2007,172491075948.358,77.826,16495538.0,64574.0
Chile,2008,179894594475.98,78.484,16661462.0,67991.6
Chile,2009,171777900623.177,78.741,16833447.0,65450.6
Chile,2010,217051209240.298,78.501,17004162.0,69749.1
Chile,2011,251382574083.741,79.11,17173573.0,76470.5
Chile,2012,267024782642.389,79.023,17341771.0,78412.6
Chile,2013,277395018674.682,79.339,17509925.0,82998.5
Chile,2014,259560978407.095,79.473,17687108.0,76560.3
Chile,2015,242450355827.827,79.746,17870124.0,82260.4
Chile,2016,249344864067.964,80.079,18083879.0,86504.7
Chile,2017,276154259806.312,80.35,18368577.0,87136.9
Chile,2018,295857562826.427,80.133,18701450.0,86581.3
Chile,2019,278598887622.96,80.326,19039485.0,91915.4
Chile,2020,254258196269.735,79.377,19300315.0,84827.8
Chile,2021,316581155648.871,78.944,19493184.0,
Chile,2022,301024724911.923,,19603733.0,
Chile,2023,,,,
China,1990,394565747349.055,68.005,1135185000.0,2173364.2
China,1991,413375445354.473,68.169,1150780000.0,2302185.2
China,1992,493136961883.002,68.734,1164970000.0,2418175.3
China,1993,619111946511.628,69.216,1178440000.0,2645411.7
China,1994,564321854521.013,69.52,1191835000.0,2767666.4
China,1995,734484834573.582,70.008,1204855000.0,3088620.2
China,1996,863749314718.538,70.266,1217550000.0,3070505.1
China,1997,961601980984.623,70.672,1230075000.0,3134112.6
China,1998,1029060747620.65,71.172,1241935000.0,3236278.6
China,1999,1094010482677.39,71.419,1252735000.0,3153661.1
China,2000,1211331651829.85,71.881,1262645000.0,3346525.8
China,2001,1339400897153.44,72.606,1271850000.0,3529081.3
China,2002,1470557654824.11,72.985,1280400000.0,3796157.1
China,2003,1660280543870.95,73.371,1288400000.0,4424412.6
China,2004,1955346768757.64,73.748,1296075000.0,5113216.6
China,2005,2285961149904.26,74.111,1303720000.0,5824625.1
China,2006,2752118657221.64,74.504,1311020000.0,6437470.3
China,2007,3550327803024.69,74.762,1317885000.0,6993182.8
China,2008,4594336785752.06,74.872,1324655000.0,7199604.7
China,2009,5101691124358.41,75.343,1331260000.0,7719071.4
China,2010,6087191746738.57,75.599,1337705000.0,8474922.7
China,2011,7551545703518.14,75.903,1345035000.0,9282553.7
China,2012,8532185381696.43,76.192,1354190000.0,9540539.7
China,2013,9570471111847.82,76.452,1363240000.0,9979128.0
China,2014,10475624944290.1,76.717,1371860000.0,10021043.4
China,2015,11061572618594.8,76.977,1379860000.0,9859281.2
China,2016,11233313730288.5,77.218,1387790000.0,9860914.0
China,2017,12310491333980.9,77.248,1396215000.0,10089273.2
China,2018,13894907857925.9,77.744,1402760000.0,10567262.0
China,2019,14279968506242.8,77.968,1407745000.0,10762824.0
China,2020,14687744162801.0,78.077,1411100000.0,10944686.2
China,2021,17820459508852.2,78.211,1412360000.0,
China,2022,17963171479205.3,,1412175000.0,
China,2023,,,,
Colombia,1990,47844090709.9908,68.644,32601393.0,49364.4
Colombia,1991,49637993948.8402,68.813,33272628.0,51098.7
Colombia,1992,58394443377.5416,69.038,33939039.0,53199.4
Colombia,1993,66474101301.1759,69.342,34614735.0,56659.9
Colombia,1994,81705497616.5703,69.613,35295461.0,57514.5
Colombia,1995,92495970511.3951,69.933,35970101.0,60043.3
Colombia,1996,97153389010.9466,70.189,36632573.0,59253.3
Colombia,1997,106656492293.614,70.492,37291946.0,64837.0
Colombia,1998,98486358581.1639,70.738,37944414.0,65071.4
Colombia,1999,86278947636.962,70.926,38585033.0,55922.1
Colombia,2000,99875074951.0278,71.32,39215135.0,58995.5
Colombia,2001,98200641203.3892,71.502,39837875.0,59588.3
Colombia,2002,97945812802.8882,71.939,40454050.0,57373.0
Colombia,2003,94644969157.0987,72.361,41057687.0,56716.0
Colombia,2004,117092416666.245,72.695,41648268.0,56608.9
Colombia,2005,145600529626.71,73.081,42220940.0,58187.0
Colombia,2006,161792958886.81,73.468,42772910.0,58193.0
Colombia,2007,206229540893.231,73.837,43306582.0,59709.9
Colombia,2008,242504150472.931,74.295,43815313.0,60298.1
Colombia,2009,232468663073.684,74.742,44313917.0,62670.6
Colombia,2010,286498534094.963,75.033,44816108.0,64146.1
Colombia,2011,334966134865.3,75.32,45308899.0,69771.1
Colombia,2012,370691143086.755,75.597,45782417.0,70223.2
Colombia,2013,382093697077.685,75.827,46237930.0,77725.4
Colombia,2014,381240864422.407,76.043,46677947.0,80091.0
Colombia,2015,293492370228.844,76.257,47119728.0,81017.2
Colombia,2016,282720100286.228,76.471,47625955.0,83526.2
Colombia,2017,311866875135.578,76.646,48351671.0,75674.0
Colombia,2018,334198218100.719,76.748,49276961.0,79355.2
Colombia,2019,323031701210.765,76.752,50187406.0,79186.7
Colombia,2020,270150956772.57,74.769,50930662.0,79057.6
Colombia,2021,318511813576.97,72.83,51516562.0,
Colombia,2022,343622114560.409,,51874024.0,
Colombia,2023,,,,
Comoros,1990,429622177.724885,55.84,431119.0,65.5
Comoros,1991,424108769.502231,56.194,442277.0,68.7
Comoros,1992,457388651.500941,56.733,452990.0,70.3
Comoros,1993,452881475.071813,57.276,463318.0,73.3
Comoros,1994,319189184.255639,57.694,473478.0,74.9
Comoros,1995,398461797.009413,58.015,483760.0,78.0
Comoros,1996,396053805.891754,58.344,494288.0,79.6
Comoros,1997,364445600.525492,58.39,505033.0,84.3
Comoros,1998,370106745.930146,58.407,515959.0,92.2
Comoros,1999,382454989.945311,58.781,526443.0,96.9
Comoros,2000,351136579.648632,58.757,536758.0,104.9
Comoros,2001,378512024.077556,59.163,547741.0,109.8
Comoros,2002,425964681.044378,59.056,559047.0,109.7
Comoros,2003,546885222.713065,59.258,570130.0,139.7
Comoros,2004,633706110.795614,59.48,581154.0,153.2
Comoros,2005,653845169.168576,59.604,592683.0,147.0
Comoros,2006,698431793.872776,59.875,604658.0,172.1
Comoros,2007,795673153.183373,60.102,616899.0,111.8
Comoros,2008,915659107.761613,60.475,629470.0,114.1
Comoros,2009,905341173.9738,60.831,642493.0,140.4
Comoros,2010,907978731.702123,61.123,656024.0,167.8
Comoros,2011,1023086272.69622,61.503,670071.0,150.0
Comoros,2012,1015843491.24635,61.834,684553.0,160.1
Comoros,2013,1116224107.17116,62.224,699393.0,192.2
Comoros,2014,1149587659.74502,62.516,714612.0,171.9
Comoros,2015,966029599.801228,62.896,730216.0,185.9
Comoros,2016,1012835492.51575,63.237,746232.0,217.9
Comoros,2017,1077439756.12221,63.625,761664.0,279.0
Comoros,2018,1188797449.96029,63.912,776313.0,302.7
Comoros,2019,1195019531.03664,64.068,790986.0,326.2
Comoros,2020,1225039195.93742,64.166,806166.0,328.2
Comoros,2021,1296089479.45831,63.417,821625.0,
Comoros,2022,1242519407.27815,,836774.0,
Comoros,2023,,,,
"Congo, Dem. Rep.",1990,9329305477.5,48.601,35987541.0,3179.0
"Congo, Dem. Rep.",1991,,48.948,37194812.0,1737.9
"Congo, Dem. Rep.",1992,8850000000.0,49.244,38332302.0,1482.42
"Congo, Dem. Rep.",1993,10768000000.0,49.551,39580844.0,1896.19
"Congo, Dem. Rep.",1994,5820475672.05427,49.884,41511985.0,2208.23
"Congo, Dem. Rep.",1995,5643416613.28208,50.411,43285791.0,2110.94
"Congo, Dem. Rep.",1996,5771456952.1908,49.307,44118709.0,2271.34
"Congo, Dem. Rep.",1997,6090838693.27145,50.402,44822198.0,2269.97
"Congo, Dem. Rep.",1998,6217805820.77104,49.696,45895524.0,2275.74
"Congo, Dem. Rep.",1999,4711259427.27273,49.945,47227238.0,2098.08
"Congo, Dem. Rep.",2000,19088046305.7971,51.781,48616317.0,1634.93
"Congo, Dem. Rep.",2001,7438189100.33333,52.116,50106657.0,1565.44
"Congo, Dem. Rep.",2002,8728038525.14034,52.333,51662071.0,1650.2
"Congo, Dem. Rep.",2003,8937567059.87754,52.827,53205639.0,1998.6
"Congo, Dem. Rep.",2004,10297483481.223,53.426,54815607.0,1939.7
"Congo, Dem. Rep.",2005,11964484465.9388,53.927,56550247.0,2208.7
"Congo, Dem. Rep.",2006,14451901696.3878,54.534,58381630.0,2282.8
"Congo, Dem. Rep.",2007,16737071816.38,54.923,60289422.0,2472.8
"Congo, Dem. Rep.",2008,19788515590.1284,55.339,62249724.0,2553.3
"Congo, Dem. Rep.",2009,18648372553.0921,55.836,64270232.0,2502.8
"Congo, Dem. Rep.",2010,21565721044.8462,56.417,66391257.0,2653.9
"Congo, Dem. Rep.",2011,25839749199.3671,57.069,68654269.0,3016.9
"Congo, Dem. Rep.",2012,29306235285.2597,57.248,70997870.0,2827.3
"Congo, Dem. Rep.",2013,32679745048.4427,57.762,73460021.0,3959.5
"Congo, Dem. Rep.",2014,35909040925.9375,58.296,76035588.0,5136.1
"Congo, Dem. Rep.",2015,37917706497.1793,58.49,78656904.0,3231.4
"Congo, Dem. Rep.",2016,37134801555.3322,59.066,81430977.0,2421.14
"Congo, Dem. Rep.",2017,38019264794.8263,59.411,84283273.0,2845.0
"Congo, Dem. Rep.",2018,47568210009.8172,59.942,87087355.0,2813.9
"Congo, Dem. Rep.",2019,51775829877.2088,60.276,89906890.0,3031.2
"Congo, Dem. Rep.",2020,48716961860.1325,59.739,92853164.0,3025.6
"Congo, Dem. Rep.",2021,55328482783.5393,59.193,95894118.0,
"Congo, Dem. Rep.",2022,64718641221.216,,99010212.0,
"Congo, Dem. Rep.",2023,,,,
"Congo, Rep.",1990,2798746050.11354,55.926,2385435.0,3201.15
"Congo, Rep.",1991,2724853505.80336,55.243,2452675.0,3193.42
"Congo, Rep.",1992,2933222703.0334,54.663,2520958.0,3128.17
"Congo, Rep.",1993,2684323623.14372,54.146,2594168.0,2690.49
"Congo, Rep.",1994,1769365437.78801,53.738,2669220.0,2054.7
"Congo, Rep.",1995,2116003867.75536,53.644,2742309.0,2634.81
"Congo, Rep.",1996,2540697539.05773,53.491,2816595.0,3168.04
"Congo, Rep.",1997,2322719102.6909,47.19,2875037.0,3266.223
"Congo, Rep.",1998,1949481379.21951,50.894,2937166.0,3875.7
"Congo, Rep.",1999,2354772960.28296,52.757,3016659.0,3961.8
"Congo, Rep.",2000,3227927697.57921,53.682,3134030.0,4346.986
"Congo, Rep.",2001,2796704604.03812,54.395,3254101.0,4243.5
"Congo, Rep.",2002,3034250923.97726,55.088,3331158.0,2755.2
"Congo, Rep.",2003,3503723087.74483,55.948,3424653.0,3224.9
"Congo, Rep.",2004,4656974940.12721,56.986,3543012.0,3514.5
"Congo, Rep.",2005,6650001680.48544,58.126,3672839.0,4313.23
"Congo, Rep.",2006,8072305029.06514,58.878,3813323.0,4777.96
"Congo, Rep.",2007,8782703436.70188,59.643,3956329.0,4150.72
"Congo, Rep.",2008,11649857673.4436,60.426,4089602.0,4360.59
"Congo, Rep.",2009,9723299915.25312,61.088,4257230.0,4838.56
"Congo, Rep.",2010,13148396211.5955,61.683,4437884.0,5423.35
"Congo, Rep.",2011,15655383576.6515,61.992,4584216.0,5383.97
"Congo, Rep.",2012,17692911296.3044,62.317,4713257.0,5260.75
"Congo, Rep.",2013,17958720699.0868,62.695,4828066.0,5311.61
"Congo, Rep.",2014,17919224179.5609,62.95,4944861.0,5175.1
"Congo, Rep.",2015,12434829581.0287,63.233,5064386.0,5655.0
"Congo, Rep.",2016,10931247264.8116,63.577,5186824.0,5497.6
"Congo, Rep.",2017,11834406800.8818,63.76,5312340.0,5406.7
"Congo, Rep.",2018,14773806078.1348,64.053,5441062.0,6216.9
"Congo, Rep.",2019,13976661497.841,62.747,5570733.0,7006.1
"Congo, Rep.",2020,11468608530.2038,63.785,5702174.0,7153.9
"Congo, Rep.",2021,14825708810.7046,63.519,5835806.0,
"Congo, Rep.",2022,15816996654.5788,,5970424.0,
"Congo, Rep.",2023,,,,
Costa Rica,1990,5711687786.75989,76.63,3158253.0,2871.2
Costa Rica,1991,7196276092.461,76.591,3239414.0,3061.6
Costa Rica,1992,8564041916.15275,76.627,3321939.0,4148.5
Costa Rica,1993,9582868487.43217,76.703,3405372.0,4180.9
Costa Rica,1994,10486787008.0926,76.67,3489152.0,4850.5
Costa Rica,1995,11578594259.8675,76.552,3572856.0,4809.8
Costa Rica,1996,11678424507.2457,76.804,3656234.0,4526.9
Costa Rica,1997,12614602382.2012,77.07,3739421.0,4493.9
Costa Rica,1998,13684255946.5765,76.896,3821421.0,5015.3
Costa Rica,1999,14254866281.1537,77.138,3901430.0,5034.0
Costa Rica,2000,15013629658.6521,77.586,3979193.0,4946.8
Costa Rica,2001,15976174336.9721,77.545,4053222.0,5422.7
Costa Rica,2002,16578820687.2881,77.983,4122623.0,5523.2
Costa Rica,2003,17271760506.9483,78.072,4188610.0,5798.9
Costa Rica,2004,18610594846.2083,78.331,4252800.0,5943.6
Costa Rica,2005,20040642476.9817,78.505,4315887.0,6273.9
Costa Rica,2006,22715540324.6944,78.514,4378172.0,6557.0
Costa Rica,2007,26884700344.8406,78.462,4440019.0,7602.5
Costa Rica,2008,30801744881.9502,78.445,4501921.0,7515.3
Costa Rica,2009,30745714312.9905,78.672,4563127.0,7198.5
Costa Rica,2010,37658614803.848,78.67,4622252.0,7105.5
Costa Rica,2011,42762613699.9524,79.348,4679926.0,7430.8
Costa Rica,2012,47231655431.1389,79.283,4736593.0,7446.7
Costa Rica,2013,50949668840.8692,79.403,4791535.0,7778.7
Costa Rica,2014,52016408951.8225,78.774,4844288.0,7832.3
Costa Rica,2015,56441920821.0806,79.086,4895242.0,7537.9
Costa Rica,2016,58847019609.6549,79.459,4945205.0,8008.9
Costa Rica,2017,60516044657.2254,79.377,4993842.0,8173.5
Costa Rica,2018,62420164991.5374,79.484,5040734.0,8166.6
Costa Rica,2019,64417670521.1842,79.427,5084532.0,7956.4
Costa Rica,2020,62395610760.3912,79.277,5123105.0,6967.4
Costa Rica,2021,64960725734.2362,77.023,5153957.0,
Costa Rica,2022,69243626028.6696,,5180829.0,
Costa Rica,2023,,,,
Cote d'Ivoire,1990,10795850584.5874,52.603,11910540.0,2705.4
Cote d'Ivoire,1991,10492628587.8153,52.323,12369269.0,2791.5
Cote d'Ivoire,1992,11152971284.4722,52.138,12838314.0,2772.1
Cote d'Ivoire,1993,11045760268.6163,51.925,13316448.0,2957.3
Cote d'Ivoire,1994,8313557515.23869,51.737,13802285.0,3093.6
Cote d'Ivoire,1995,11000146268.7173,51.61,14299727.0,3365.1
Cote d'Ivoire,1996,18071152821.0721,51.52,14810946.0,4053.6
Cote d'Ivoire,1997,18047558026.8813,51.449,15335453.0,4972.6
Cote d'Ivoire,1998,19619654769.9792,51.108,15858990.0,4989.7
Cote d'Ivoire,1999,18870992455.568,50.957,16345894.0,6831.4
Cote d'Ivoire,2000,16577533891.1783,50.842,16799670.0,6489.4
Cote d'Ivoire,2001,16810537037.873,50.81,17245468.0,6494.3
Cote d'Ivoire,2002,18054383333.8602,50.886,17683897.0,6838.9
Cote d'Ivoire,2003,21251754334.2005,50.954,18116451.0,5307.6
Cote d'Ivoire,2004,23510575668.4394,51.363,18544903.0,5466.1
Cote d'Ivoire,2005,24036918719.1307,51.824,18970215.0,5876.5
Cote d'Ivoire,2006,25281413268.2105,52.355,19394057.0,5698.7
Cote d'Ivoire,2007,28760090924.4659,52.97,19817700.0,5657.8
Cote d'Ivoire,2008,34078240260.4002,53.653,20244449.0,6474.7
Cote d'Ivoire,2009,33886813225.705,54.394,20677762.0,6031.2
Cote d'Ivoire,2010,34936307964.5293,55.023,21120042.0,6350.6
Cote d'Ivoire,2011,36693710823.1998,55.52,21562914.0,6118.3
Cote d'Ivoire,2012,36302302845.3012,56.158,22010712.0,8037.7
Cote d'Ivoire,2013,42760235497.5958,56.748,22469268.0,8692.4
Cote d'Ivoire,2014,48843005625.5796,57.208,22995555.0,9196.9
Cote d'Ivoire,2015,45815005170.815,57.762,23596741.0,9805.7
Cote d'Ivoire,2016,48407761031.9226,58.06,24213622.0,9593.5
Cote d'Ivoire,2017,52512344033.7688,58.48,24848016.0,10563.8
Cote d'Ivoire,2018,58522477744.5444,58.849,25493988.0,10194.8
Cote d'Ivoire,2019,59898479821.2323,59.319,26147551.0,10838.9
Cote d'Ivoire,2020,62982768371.6208,59.032,26811790.0,10894.9
Cote d'Ivoire,2021,71811075955.078,58.598,27478249.0,
Cote d'Ivoire,2022,70018715016.8293,,28160542.0,
Cote d'Ivoire,2023,,,,
Croatia,1990,,72.1704878048781,4777368.0,20341.4
Croatia,1991,,72.1853658536586,4689022.0,14744.9
Croatia,1992,,71.2414634146342,4575818.0,15031.2
Croatia,1993,,71.5224390243903,4600463.0,15536.5
Croatia,1994,,71.8034146341463,4652024.0,14865.0
Croatia,1995,22778297035.8477,72.0843902439024,4620030.0,15452.9
Croatia,1996,24147533301.9114,72.3653658536585,4557097.0,15254.4
Croatia,1997,24172615103.9149,72.4951219512195,4534920.0,17069.6
Croatia,1998,25885224259.1919,72.3170731707317,4532135.0,18527.5
Croatia,1999,23770159784.2572,72.6419512195122,4512597.0,18513.6
Croatia,2000,22128719418.4376,72.8078048780488,4468302.0,18034.4
Croatia,2001,23063323722.5007,74.5129268292683,4299642.0,19196.0
Croatia,2002,26757255951.7786,74.7173170731707,4302174.0,20276.7
Croatia,2003,35254833028.402,74.6139024390244,4303399.0,21607.9
Croatia,2004,41855265955.2919,75.520243902439,4304600.0,21092.7
Croatia,2005,45025332739.6707,75.2446341463415,4310145.0,21445.0
Croatia,2006,49601608068.5472,75.8368292682927,4311159.0,21598.3
Croatia,2007,59319172946.6829,75.7056097560976,4310217.0,22872.0
Croatia,2008,68519137406.1683,75.9121951219512,4309705.0,21726.3
Croatia,2009,62085753435.5869,76.1682926829268,4305181.0,20305.9
Croatia,2010,58819429750.2234,76.4756097560976,4295427.0,19457.3
Croatia,2011,62736258335.3541,76.7756097560976,4280622.0,19027.6
Croatia,2012,57354547991.2213,76.9243902439024,4267558.0,17403.0
Croatia,2013,59491066217.9088,77.1268292682927,4255689.0,17010.6
Croatia,2014,59342363988.804,77.4780487804878,4238389.0,16236.4
Croatia,2015,50857353544.2847,77.2756097560976,4203604.0,16602.3
Croatia,2016,52512987755.9635,78.0219512195122,4174349.0,16876.8
Croatia,2017,56061675144.3829,77.8268292682927,4124531.0,17407.9
Croatia,2018,61481309636.1289,78.0707317073171,4087843.0,16433.4
Croatia,2019,61470295887.8384,78.4243902439025,4065253.0,16523.3
Croatia,2020,57760024673.9359,77.7243902439024,4047680.0,15626.9
Croatia,2021,69081236641.2469,76.4243902439025,3879000.0,
Croatia,2022,71600049650.195,,3855600.0,
Croatia,2023,,,,
Cuba,1990,28645436569.1489,74.039,10626680.0,35621.6
Cuba,1991,24316556025.6585,74.093,10713812.0,27418.0
Cuba,1992,22085858243.2432,74.162,10783748.0,21771.8
Cuba,1993,22367254864.8649,74.261,10840934.0,20152.3
Cuba,1994,28448326756.7568,74.411,10887207.0,21719.4
Cuba,1995,30429803651.2192,74.623,10926703.0,23175.5
Cuba,1996,25017368700.0,74.903,10963031.0,25203.4
Cuba,1997,25365908100.0,75.222,10998129.0,27448.2
Cuba,1998,25736331200.0,75.564,11033758.0,27112.5
Cuba,1999,28364615200.0,75.893,11070094.0,27998.5
Cuba,2000,30565400000.0,76.183,11105791.0,28353.1
Cuba,2001,31682400000.0,76.421,11139127.0,27465.1
Cuba,2002,33590500000.0,76.612,11170051.0,26423.5
Cuba,2003,35901200000.0,76.773,11199217.0,25628.6
Cuba,2004,38203000000.0,76.912,11225294.0,25364.8
Cuba,2005,42643836100.0,77.047,11246114.0,26317.9
Cuba,2006,48835925925.9259,77.179,11260630.0,26780.2
Cuba,2007,54262870370.3704,77.307,11269887.0,27677.5
Cuba,2008,56302129629.6296,77.429,11276609.0,26747.1
Cuba,2009,57481481481.4815,77.548,11283185.0,26979.6
Cuba,2010,59562962962.963,77.661,11290417.0,28110.0
Cuba,2011,68990000000.0,77.76,11298710.0,27586.3
Cuba,2012,73141000000.0,77.833,11309290.0,28690.9
Cuba,2013,77148000000.0,77.87,11321579.0,28869.7
Cuba,2014,80656100000.0,77.853,11332026.0,26677.1
Cuba,2015,87132800000.0,77.772,11339894.0,29209.8
Cuba,2016,91370407863.7,77.643,11342012.0,27176.4
Cuba,2017,96850649691.7406,77.529,11336405.0,26241.3
Cuba,2018,100050036096.123,77.496,11328244.0,26674.6
Cuba,2019,103427600000.0,77.611,11316697.0,24418.5
Cuba,2020,107351800000.0,77.567,11300698.0,24327.8
Cuba,2021,,73.683,11256372.0,
Cuba,2022,,,11212191.0,
Cuba,2023,,,,
Curacao,1990,,72.2503902439024,145400.0,
Curacao,1991,,72.3497073170732,144403.0,
Curacao,1992,,72.4180731707317,143912.0,
Curacao,1993,,72.4980731707317,144299.0,
Curacao,1994,,72.5900731707317,144630.0,
Curacao,1995,,72.6013414634146,145139.0,
Curacao,1996,,72.6928292682927,146306.0,
Curacao,1997,,72.7533658536586,146956.0,
Curacao,1998,,72.8583170731707,144472.0,
Curacao,1999,,72.9375609756098,139428.0,
Curacao,2000,,73.0339512195122,133860.0,
Curacao,2001,,73.110756097561,129047.0,
Curacao,2002,,73.2115365853659,129205.0,
Curacao,2003,,73.353512195122,131897.0,
Curacao,2004,,73.4289268292683,134192.0,
Curacao,2005,,73.5657073170732,137658.0,
Curacao,2006,,74.709756097561,141239.0,
Curacao,2007,,75.3634146341464,144056.0,
Curacao,2008,,75.309756097561,145880.0,
Curacao,2009,,76.1560975609756,146833.0,
Curacao,2010,,,148703.0,
Curacao,2011,2930092237.27161,77.4731707317073,150831.0,
Curacao,2012,3012836256.55523,77.5243902439024,152088.0,
Curacao,2013,3033568606.16651,77.8268292682927,153822.0,
Curacao,2014,3059406995.39666,77.9756097560976,155909.0,
Curacao,2015,3058779211.89831,78.0756097560976,157980.0,
Curacao,2016,3024690188.01683,77.719512195122,159664.0,
Curacao,2017,3033433248.15988,78.0170731707317,160175.0,
Curacao,2018,3046364819.53197,,159336.0,
Curacao,2019,3026124115.73275,,157441.0,
Curacao,2020,2534327592.49914,,154947.0,
Curacao,2021,2739594359.5908,,152369.0,
Curacao,2022,3075180834.72417,,149996.0,
Curacao,2023,,,,
Cyprus,1990,5591130217.66965,73.539,788500.0,4591.2
Cyprus,1991,5770197348.48485,73.716,799061.0,5109.0
Cyprus,1992,6912150456.32334,74.177,810431.0,5479.7
Cyprus,1993,6590291048.29211,74.65,825986.0,5735.8
Cyprus,1994,7425703928.57143,74.72,844444.0,5977.9
Cyprus,1995,9933133247.08926,75.133,862418.0,5848.0
Cyprus,1996,10011918444.1656,75.522,880058.0,6211.3
Cyprus,1997,9547818700.11403,75.841,897471.0,6304.9
Cyprus,1998,10248617647.0588,76.182,914660.0,6610.0
Cyprus,1999,10497908306.3646,76.295,931600.0,6871.1
Cyprus,2000,9985844486.33365,76.568,948237.0,7127.7
Cyprus,2001,10397897085.6102,76.989,964830.0,6992.1
Cyprus,2002,11420227884.6154,77.487,982194.0,7168.5
Cyprus,2003,14547325028.3126,77.788,1000350.0,7834.1
Cyprus,2004,17320552500.0,77.944,1018684.0,7778.8
Cyprus,2005,18433411267.2553,78.101,1037062.0,7900.8
Cyprus,2006,20072786350.5206,78.371,1055438.0,7999.4
Cyprus,2007,23968764029.5647,78.81,1073873.0,8307.1
Cyprus,2008,27844698989.3072,78.981,1092390.0,8490.7
Cyprus,2009,25945391775.4932,79.401,1110974.0,8276.1
Cyprus,2010,25732125693.847,79.665,1129686.0,7898.4
Cyprus,2011,27564931919.4782,79.999,1145086.0,7634.6
Cyprus,2012,24977293926.2891,80.109,1156556.0,7098.8
Cyprus,2013,23899444182.51,80.402,1166968.0,6427.7
Cyprus,2014,23155988617.4023,80.771,1176995.0,6811.8
Cyprus,2015,19842492366.5477,80.966,1187280.0,6851.9
Cyprus,2016,20952955488.0836,81.056,1197881.0,7219.2
Cyprus,2017,22870678689.4802,81.328,1208523.0,7361.2
Cyprus,2018,25523485042.6265,81.382,1218831.0,7198.6
Cyprus,2019,25947027570.4262,81.397,1228836.0,7191.0
Cyprus,2020,25227201184.2295,81.391,1237537.0,6771.8
Cyprus,2021,29482917678.8954,81.203,1244188.0,
Cyprus,2022,29250524418.0855,,1251488.0,
Cyprus,2023,,,,
Czech Republic,1990,,,,
Czech Republic,1991,,,,
Czech Republic,1992,,,,
Czech Republic,1993,,,,
Czech Republic,1994,,,,
Czech Republic,1995,,,,
Czech Republic,1996,,,,
Czech Republic,1997,,,,
Czech Republic,1998,,,,
Czech Republic,1999,,,,
Czech Republic,2000,,,,
Czech Republic,2001,,,,
Czech Republic,2002,,,,
Czech Republic,2003,,,,
Czech Republic,2004,,,,
Czech Republic,2005,,,,
Czech Republic,2006,,,,
Czech Republic,2007,,,,
Czech Republic,2008,,,,
Czech Republic,2009,,,,
Czech Republic,2010,,,,
Czech Republic,2011,,,,
Czech Republic,2012,,,,
Czech Republic,2013,,,,
Czech Republic,2014,,,,
Czech Republic,2015,,,,
Czech Republic,2016,,,,
Czech Republic,2017,,,,
Czech Republic,2018,,,,
Czech Republic,2019,,,,
Czech Republic,2020,,,,
Czechia,1990,40728950704.6176,71.3839024390244,10333355.0,153149.3
Czechia,1991,29859921158.8696,71.8982926829268,10308578.0,139757.1
Czechia,1992,34805013229.572,72.2717073170732,10319123.0,136842.4
Czechia,1993,40866748705.1075,72.7678048780488,10329855.0,130982.2
Czechia,1994,47850203856.1751,72.9726829268293,10333587.0,125199.7
Czechia,1995,60147174076.8651,73.0748780487805,10327253.0,124519.0
Czechia,1996,67387788632.9812,73.7146341463415,10315241.0,128483.7
Czechia,1997,62180159376.1239,73.8248780487805,10304131.0,126005.8
Czechia,1998,66807429711.411,74.5146341463415,10294373.0,119767.3
Czechia,1999,65173130995.2212,74.6682926829268,10283860.0,112359.9
Czechia,2000,61828166496.0941,74.9682926829268,10255063.0,124716.7
Czechia,2001,67808032979.5429,75.1731707317073,10216605.0,124341.3
Czechia,2002,82196001050.7474,75.2219512195122,10196916.0,120209.9
Czechia,2003,100090467581.268,75.1707317073171,10193998.0,123372.9
Czechia,2004,119814434353.575,75.7219512195122,10197101.0,123786.0
Czechia,2005,137143471328.274,75.9243902439025,10211216.0,121893.6
Czechia,2006,156264095664.643,76.5243902439024,10238905.0,122553.6
Czechia,2007,190183800884.018,76.7243902439025,10298828.0,124432.8
Czechia,2008,236816485762.988,76.9756097560976,10384603.0,118718.3
Czechia,2009,207434296805.33,77.0780487804878,10443936.0,113246.1
Czechia,2010,209069940963.177,77.4243902439025,10474410.0,114167.6
Czechia,2011,229562733398.948,77.8731707317073,10496088.0,111220.1
Czechia,2012,208857719320.649,78.0756097560976,10510785.0,107320.2
Czechia,2013,211685616592.931,78.1756097560976,10514272.0,102910.3
Czechia,2014,209358834156.329,78.8243902439024,10525347.0,99960.6
Czechia,2015,188033050459.881,78.5780487804878,10546059.0,101167.5
Czechia,2016,196272068576.338,79.0268292682927,10566332.0,102998.0
Czechia,2017,218628940951.675,78.9780487804878,10594438.0,103549.9
Czechia,2018,249000540729.179,79.0292682926829,10629928.0,102734.3
Czechia,2019,252548179964.897,79.2292682926829,10671870.0,97712.9
Czechia,2020,245974558654.043,78.2268292682927,10697858.0,88835.2
Czechia,2021,281791218507.1,77.3731707317073,10505772.0,
Czechia,2022,290565654835.809,,10672118.0,
Czechia,2023,,,,
Denmark,1990,138247285815.855,74.8053658536585,5140939.0,51978.0
Denmark,1991,139224688814.195,75.1578048780488,5154298.0,62700.3
Denmark,1992,152915654478.885,75.1941463414634,5171370.0,56970.3
Denmark,1993,143195627014.605,75.1168292682927,5188628.0,59301.1
Denmark,1994,156162386724.523,75.3751219512195,5206180.0,63171.5
Denmark,1995,185006881515.065,75.2126829268293,5233373.0,60038.4
Denmark,1996,187632346387.983,75.5914634146342,5263074.0,73375.1
Denmark,1997,173537647058.824,75.9451219512195,5284991.0,63617.3
Denmark,1998,176991934992.837,76.1390243902439,5304219.0,59710.3
Denmark,1999,177965188354.692,76.3414634146341,5321799.0,56728.5
Denmark,2000,164158739097.623,76.5926829268293,5339616.0,52602.0
Denmark,2001,164791442543.375,76.7926829268293,5358783.0,54245.4
Denmark,2002,178635163717.431,76.8951219512195,5375931.0,53839.7
Denmark,2003,218096033517.009,77.1439024390244,5390574.0,59234.0
Denmark,2004,251373002954.382,77.4926829268293,5404523.0,53727.6
Denmark,2005,264467336457.17,77.8439024390244,5419432.0,50201.9
Denmark,2006,282884947702.966,78.0951219512195,5437272.0,58134.0
Denmark,2007,319423424509.066,78.1951219512195,5461438.0,53411.4
Denmark,2008,353361038818.383,78.4463414634146,5493621.0,50127.7
Denmark,2009,321241303699.006,78.5975609756098,5523095.0,47933.6
Denmark,2010,321995279401.502,79.1,5547683.0,48124.8
Denmark,2011,344003137611.271,79.8,5570572.0,43098.0
Denmark,2012,327148943812.137,80.0512195121951,5591572.0,38216.2
Denmark,2013,343584391647.927,80.3,5614932.0,39960.7
Denmark,2014,352993631617.708,80.7,5643475.0,35820.0
Denmark,2015,302673070846.857,80.7024390243902,5683483.0,33704.9
Denmark,2016,313115929314.339,80.8536585365854,5728010.0,35340.3
Denmark,2017,332121063806.391,81.1024390243903,5764980.0,33184.0
Denmark,2018,356841216410.068,80.9536585365854,5793636.0,33133.3
Denmark,2019,346498737961.635,81.4512195121951,5814422.0,29696.5
Denmark,2020,354762748338.661,81.6024390243903,5831404.0,27356.5
Denmark,2021,405687998852.691,81.4048780487805,5856733.0,
Denmark,2022,400167196948.707,,5903037.0,
Denmark,2023,,,,
Djibouti,1990,452328087.282876,55.498,577173.0,274.1
Djibouti,1991,462421998.525779,55.156,628521.0,288.2
Djibouti,1992,478058304.871118,54.452,623197.0,304.5
Djibouti,1993,466048469.22986,55.774,611231.0,305.8
Djibouti,1994,491689220.744875,55.505,623477.0,295.5
Djibouti,1995,497723960.589913,56.302,629619.0,315.8
Djibouti,1996,494004647.73437,56.186,644649.0,296.0
Djibouti,1997,502675542.001227,55.967,667786.0,331.8
Djibouti,1998,514267869.300758,56.176,694920.0,393.8
Djibouti,1999,536080148.097299,56.427,719371.0,393.3
Djibouti,2000,551230861.856505,56.573,742033.0,373.4
Djibouti,2001,572417440.820162,56.903,765490.0,376.5
Djibouti,2002,591122039.601398,57.215,789129.0,399.6
Djibouti,2003,622044665.515049,57.595,806411.0,414.4
Djibouti,2004,666072101.777505,57.759,818373.0,395.8
Djibouti,2005,708633194.726566,58.316,830861.0,429.3
Djibouti,2006,768873684.032838,58.715,846947.0,432.6
Djibouti,2007,847918929.107984,59.024,865196.0,470.2
Djibouti,2008,999105339.267729,59.365,882886.0,474.3
Djibouti,2009,1049110684.72493,59.673,901103.0,465.5
Djibouti,2010,1128611700.3618,60.259,919199.0,519.1
Djibouti,2011,1239144501.77525,60.433,936811.0,474.9
Djibouti,2012,1353632941.5207,60.848,954297.0,492.6
Djibouti,2013,2042817162.85639,61.221,971753.0,558.79
Djibouti,2014,2214679081.25658,61.641,989087.0,402.17
Djibouti,2015,2424391785.43897,61.957,1006259.0,446.55
Djibouti,2016,2604955228.70117,62.191,1023261.0,395.47
Djibouti,2017,2762581334.22612,62.797,1040233.0,403.4
Djibouti,2018,2913466732.12507,63.038,1057198.0,414.9
Djibouti,2019,3088853638.56832,63.085,1073994.0,428.27
Djibouti,2020,3185150981.03207,62.694,1090156.0,427.7
Djibouti,2021,3385825228.86997,62.305,1105557.0,
Djibouti,2022,3515108859.95465,,1120849.0,
Djibouti,2023,,,,
Dominica,1990,201429629.62963,69.852,69481.0,62.7
Dominica,1991,219762962.962963,69.646,69141.0,62.7
Dominica,1992,234059259.259259,70.282,69112.0,62.8
Dominica,1993,245525925.925926,70.937,69169.0,66.1
Dominica,1994,264374074.074074,71.076,69198.0,69.4
Dominica,1995,274522222.222222,71.52,69201.0,83.1
Dominica,1996,292285185.185185,71.194,69166.0,69.7
Dominica,1997,302988888.888889,71.634,69081.0,91.1
Dominica,1998,322411111.111111,71.472,68938.0,92.9
Dominica,1999,331759259.259259,70.631,68698.0,102.3
Dominica,2000,333470370.37037,72.693,68346.0,125.3
Dominica,2001,340203703.703704,71.713,68153.0,139.1
Dominica,2002,333196296.296296,72.34,68262.0,105.6
Dominica,2003,343311111.111111,71.438,68442.0,121.5
Dominica,2004,367200000.0,72.401,68574.0,144.3
Dominica,2005,364255555.555556,72.254,68674.0,148.4
Dominica,2006,390251851.851852,72.848,68742.0,155.3
Dominica,2007,421374074.074074,71.93,68775.0,164.0
Dominica,2008,458188888.888889,73.305,68782.0,165.7
Dominica,2009,489074074.074074,72.17,68787.0,163.8
Dominica,2010,493825925.925926,71.55,68755.0,172.5
Dominica,2011,501025925.925926,69.695,68742.0,152.1
Dominica,2012,485996296.296296,70.538,68888.0,167.0
Dominica,2013,498296296.296296,68.896,68819.0,171.4
Dominica,2014,520429629.62963,69.434,69371.0,180.0
Dominica,2015,540737037.037037,68.727,70007.0,180.9
Dominica,2016,576229629.62963,70.128,70075.0,182.5
Dominica,2017,521551851.851852,67.525,70403.0,165.6
Dominica,2018,554770370.37037,73.59,70823.0,165.3
Dominica,2019,611537037.037037,73.559,71428.0,174.1
Dominica,2020,504214814.814815,73.649,71995.0,162.8
Dominica,2021,555266666.666667,72.814,72412.0,
Dominica,2022,607440740.740741,,72737.0,
Dominica,2023,,,,
Dominican Republic,1990,7073675544.79021,67.11,7129004.0,7860.7
Dominican Republic,1991,9824483339.94518,67.625,7278402.0,8229.6
Dominican Republic,1992,11605382504.0,68.084,7427340.0,9620.4
Dominican Republic,1993,13081042400.0,68.472,7576074.0,9520.4
Dominican Republic,1994,14644734599.4778,68.792,7723934.0,11138.3
Dominican Republic,1995,16637370839.1608,68.988,7869753.0,11844.7
Dominican Republic,1996,18241622547.5908,69.097,8012314.0,12728.5
Dominican Republic,1997,20017450041.3075,69.166,8150076.0,14502.8
Dominican Republic,1998,21672215546.7642,69.096,8282126.0,16616.1
Dominican Republic,1999,22136579396.9218,69.279,8411374.0,17794.0
Dominican Republic,2000,24305780628.6677,69.423,8540791.0,18670.6
Dominican Republic,2001,25601823687.5742,69.642,8669040.0,18983.7
Dominican Republic,2002,27137440786.2562,69.923,8795101.0,20884.1
Dominican Republic,2003,21403167848.1444,70.265,8919852.0,18725.2
Dominican Republic,2004,22322387382.494,70.331,9043127.0,17282.2
Dominican Republic,2005,35777560683.9366,70.875,9164768.0,18690.8
Dominican Republic,2006,37879830084.2627,71.165,9284168.0,20368.5
Dominican Republic,2007,43965458508.5056,71.371,9402206.0,20626.8
Dominican Republic,2008,48122601530.3324,71.658,9522948.0,20581.3
Dominican Republic,2009,48261078913.7266,71.871,9648061.0,19657.2
Dominican Republic,2010,53860187257.9593,72.093,9775755.0,20680.8
Dominican Republic,2011,58029773599.455,72.221,9903737.0,20913.9
Dominican Republic,2012,60681535652.5373,72.514,10030882.0,21681.5
Dominican Republic,2013,62682159338.0354,72.713,10157051.0,21287.2
Dominican Republic,2014,67179955677.2791,72.867,10282115.0,21450.7
Dominican Republic,2015,71164826836.5281,72.953,10405832.0,23590.5
Dominican Republic,2016,75704647877.6559,72.987,10527592.0,24593.5
Dominican Republic,2017,79998046305.79,73.063,10647244.0,23551.3
Dominican Republic,2018,85555390139.118,73.232,10765531.0,25366.0
Dominican Republic,2019,88941372558.2397,73.577,10881882.0,25775.2
Dominican Republic,2020,78844656298.1776,72.889,10999664.0,22881.3
Dominican Republic,2021,94243425938.3647,72.615,11117873.0,
Dominican Republic,2022,113537368176.13,,11228821.0,
Dominican Republic,2023,,,,
Early-demographic dividend,1990,1865383681841.56,60.8275467680032,2041043553.0,2612523.044097
Early-demographic dividend,1991,1975737934666.1,61.1354315209714,2088580891.0,2739316.112072
Early-demographic dividend,1992,2173358590938.42,61.6205564110476,2134566607.0,2812697.397075
Early-demographic dividend,1993,2423181289063.27,61.9013537912217,2179380224.0,2911432.941611
Early-demographic dividend,1994,2549155455096.38,62.157122558847,2223076958.0,3047080.402242
Early-demographic dividend,1995,2589976163835.73,62.5673205783796,2267616622.0,3182800.872129
Early-demographic dividend,1996,2814604962976.37,62.8767560985408,2314334474.0,3339765.414887
Early-demographic dividend,1997,3007027240585.32,63.2843625917262,2361095210.0,3502837.95509
Early-demographic dividend,1998,2975617396106.0,63.7100938162187,2407186134.0,3610180.567404
Early-demographic dividend,1999,3146557650838.14,64.1436129988107,2452952807.0,3727213.88017
Early-demographic dividend,2000,3440095511579.21,64.4992570826455,2499206970.0,3867900.42
Early-demographic dividend,2001,3414281661317.57,64.8163549856725,2545843129.0,3962589.65
Early-demographic dividend,2002,3321585463361.85,65.2226549082517,2591204247.0,4084583.54
Early-demographic dividend,2003,3692647658874.73,65.5196872923742,2635731526.0,4252138.45
Early-demographic dividend,2004,4292615595190.27,65.7429019912854,2680567394.0,4480288.94
Early-demographic dividend,2005,4998498520570.03,66.1915034839954,2725013738.0,4670965.26
Early-demographic dividend,2006,5711797202730.39,66.5920295829353,2769421149.0,4924956.37
Early-demographic dividend,2007,6757951141703.74,66.8847117317429,2813790790.0,5220062.37
Early-demographic dividend,2008,7616765103084.0,67.0796900489161,2857587007.0,5419740.08
Early-demographic dividend,2009,7332396156491.93,67.527998477828,2901329923.0,5581244.39
Early-demographic dividend,2010,8884031209798.03,67.8659730930201,2946285613.0,5857230.62
Early-demographic dividend,2011,9795626070584.94,68.2917697744353,2991403487.0,6085825.117
Early-demographic dividend,2012,10243728784860.4,68.6725532714521,3035159632.0,6383658.605
Early-demographic dividend,2013,10385185617015.9,69.065320395544,3078407213.0,6455704.659
Early-demographic dividend,2014,10740227594970.8,69.4849915077609,3121656203.0,6781898.692
Early-demographic dividend,2015,10216824786880.2,69.8712079158622,3165214886.0,6839149.542
Early-demographic dividend,2016,10517811163281.7,70.2163878090451,3208369547.0,6951805.908
Early-demographic dividend,2017,11373004521350.2,70.5384490311908,3250752755.0,7211474.182
Early-demographic dividend,2018,11504322295801.5,70.7948250264641,3292896609.0,7382656.3575
Early-demographic dividend,2019,11743140069350.9,71.0147388840035,3334561751.0,7347348.73
Early-demographic dividend,2020,10941489484842.6,70.0286934138786,3374383528.0,6805648.307
Early-demographic dividend,2021,12716982787439.0,68.4660405919992,3411268373.0,
Early-demographic dividend,2022,14148420366435.9,,3447398652.0,
Early-demographic dividend,2023,,,,
East Asia & Pacific,1990,4825135527454.88,68.2702097598828,1818247576.0,4322250.256
East Asia & Pacific,1991,5442893719943.36,68.492286487489,1844603995.0,4523221.24
East Asia & Pacific,1992,5983315055353.09,68.9587849869094,1869453624.0,4690840.495028
East Asia & Pacific,1993,6794132980257.29,69.4011413869678,1893594516.0,4985060.629589
East Asia & Pacific,1994,7404462060278.98,69.6691445598683,1917553356.0,5229346.686445
East Asia & Pacific,1995,8407703049147.34,69.922664465451,1940892820.0,5662345.191962
East Asia & Pacific,1996,8101522614539.11,70.2083316179765,1964042971.0,5738115.43135
East Asia & Pacific,1997,7743791381646.73,70.583740024882,1986768093.0,5869798.919183
East Asia & Pacific,1998,6931652345852.65,70.9704253825344,2008680261.0,5862285.528127
East Asia & Pacific,1999,7743499881489.52,71.1658194136014,2028993034.0,5901423.807523
East Asia & Pacific,2000,8377349540465.25,71.5525698270665,2048148696.0,6188981.82
East Asia & Pacific,2001,7789508076035.07,72.1129509335254,2066530023.0,6419834.11
East Asia & Pacific,2002,7912757790984.25,72.4501596339701,2083969920.0,6763372.54
East Asia & Pacific,2003,8702207399274.63,72.8645142022922,2100610344.0,7452441.4
East Asia & Pacific,2004,9758433473126.78,72.9632561432547,2116651449.0,8227512.79
East Asia & Pacific,2005,10411317309554.8,73.4393996896524,2132517760.0,8976141.83
East Asia & Pacific,2006,11034808224299.4,73.7918873420352,2148405823.0,9611423.1
East Asia & Pacific,2007,12331154735962.7,74.0348839672273,2164155292.0,10269588.53
East Asia & Pacific,2008,14220141864723.5,74.0048241454875,2179914111.0,10453538.8
East Asia & Pacific,2009,14630626964216.5,74.5325090447428,2195169711.0,10916830.29
East Asia & Pacific,2010,17078044883355.3,74.7343657919443,2210203758.0,11863420.2
East Asia & Pacific,2011,19796911407672.4,74.9713541366615,2225992094.0,12805112.1
East Asia & Pacific,2012,21174153362040.6,75.2298136065177,2243776727.0,13143266.3
East Asia & Pacific,2013,21411260037373.0,75.4791162580533,2261274500.0,13591102.73
East Asia & Pacific,2014,22089565874969.3,75.7313051135242,2278232287.0,13640572.8
East Asia & Pacific,2015,21995286337605.6,75.9488167254261,2294507020.0,13510201.2
East Asia & Pacific,2016,22775818467016.9,76.1379237487962,2310721864.0,13550289.3
East Asia & Pacific,2017,24329068203247.4,76.2123920164654,2327132966.0,13869889.0
East Asia & Pacific,2018,26487849774769.5,76.5941638140358,2341383691.0,14437176.3
East Asia & Pacific,2019,27032674446875.7,76.7977608621553,2353856866.0,14703257.4
East Asia & Pacific,2020,27155249687649.4,76.761923159442,2363934334.0,14708135.6
East Asia & Pacific,2021,31141271720840.7,76.3938984674492,2370189840.0,
East Asia & Pacific,2022,30712490177155.8,,2375162207.0,
East Asia & Pacific,2023,,,,
East Asia & Pacific (IDA & IBRD countries),1990,699931258166.728,67.0961051258348,1580447407.0,2546780.356
East Asia & Pacific (IDA & IBRD countries),1991,752432351747.37,67.319513833555,1604798136.0,2710332.24
East Asia & Pacific (IDA & IBRD countries),1992,876266386396.824,67.8411583719772,1627823212.0,2851300.595028
East Asia & Pacific (IDA & IBRD countries),1993,1063972475369.76,68.3047872332414,1650184274.0,3121380.629589
East Asia & Pacific (IDA & IBRD countries),1994,1070596761938.34,68.5893875685668,1672325604.0,3284135.786445
East Asia & Pacific (IDA & IBRD countries),1995,1320494506325.39,69.0211182892094,1693952154.0,3671061.591962
East Asia & Pacific (IDA & IBRD countries),1996,1516559018018.29,69.278857532932,1715256519.0,3705877.53135
East Asia & Pacific (IDA & IBRD countries),1997,1568778371281.75,69.6733384564757,1736404220.0,3820665.019183
East Asia & Pacific (IDA & IBRD countries),1998,1431500901662.58,70.0990699592342,1756774303.0,3908236.528127
East Asia & Pacific (IDA & IBRD countries),1999,1576186529001.33,70.3163011501395,1775819557.0,3859449.507523
East Asia & Pacific (IDA & IBRD countries),2000,1734113865557.17,70.6924622205943,1793649873.0,4069783.52
East Asia & Pacific (IDA & IBRD countries),2001,1844967780095.86,71.2883826478195,1810599718.0,4292467.21
East Asia & Pacific (IDA & IBRD countries),2002,2041967134708.25,71.6386767670973,1826844868.0,4593644.44
East Asia & Pacific (IDA & IBRD countries),2003,2311121145269.92,71.979469605854,1842469495.0,5271895.5
East Asia & Pacific (IDA & IBRD countries),2004,2679749403397.96,72.059917455124,1857622964.0,6016294.29
East Asia & Pacific (IDA & IBRD countries),2005,3104002019660.15,72.5973692703652,1872697597.0,6757060.33
East Asia & Pacific (IDA & IBRD countries),2006,3738289871387.02,72.9555238889124,1887496209.0,7398527.9
East Asia & Pacific (IDA & IBRD countries),2007,4726056492626.06,73.2036602652449,1901960228.0,8009202.13
East Asia & Pacific (IDA & IBRD countries),2008,5979810899729.63,73.1506565921811,1916309337.0,8238874.9
East Asia & Pacific (IDA & IBRD countries),2009,6483330322061.3,73.6994202494047,1930470829.0,8760812.19
East Asia & Pacific (IDA & IBRD countries),2010,7890849701684.84,73.9199887002822,1944510719.0,9602646.0
East Asia & Pacific (IDA & IBRD countries),2011,9638828252887.68,74.1870440946337,1959494275.0,10478929.9
East Asia & Pacific (IDA & IBRD countries),2012,10746699916765.3,74.4305792471931,1976386829.0,10771358.0
East Asia & Pacific (IDA & IBRD countries),2013,11855460858548.1,74.6738496803997,1993077336.0,11225062.03
East Asia & Pacific (IDA & IBRD countries),2014,12784356235858.6,74.9277248125601,2009149689.0,11341237.6
East Asia & Pacific (IDA & IBRD countries),2015,13306939164821.9,75.1521464652061,2024511016.0,11229030.3
East Asia & Pacific (IDA & IBRD countries),2016,13597778727368.9,75.3531204811651,2039794828.0,11263921.0
East Asia & Pacific (IDA & IBRD countries),2017,14862792217017.2,75.4157333943935,2055414680.0,11553898.4
East Asia & Pacific (IDA & IBRD countries),2018,16619858519557.6,75.8356932818659,2068898629.0,12164532.1
East Asia & Pacific (IDA & IBRD countries),2019,17192007435430.8,76.0366573507797,2080648616.0,12480501.7
East Asia & Pacific (IDA & IBRD countries),2020,17465796008751.6,75.9688903275997,2090523535.0,12608302.4
East Asia & Pacific (IDA & IBRD countries),2021,20813163295456.1,75.5711934120901,2097669023.0,
East Asia & Pacific (IDA & IBRD countries),2022,21167325456079.4,,2103055378.0,
East Asia & Pacific (IDA & IBRD countries),2023,,,,
East Asia & Pacific (IDA & IBRD),1990,,,,
East Asia & Pacific (IDA & IBRD),1991,,,,
East Asia & Pacific (IDA & IBRD),1992,,,,
East Asia & Pacific (IDA & IBRD),1993,,,,
East Asia & Pacific (IDA & IBRD),1994,,,,
East Asia & Pacific (IDA & IBRD),1995,,,,
East Asia & Pacific (IDA & IBRD),1996,,,,
East Asia & Pacific (IDA & IBRD),1997,,,,
East Asia & Pacific (IDA & IBRD),1998,,,,
East Asia & Pacific (IDA & IBRD),1999,,,,
East Asia & Pacific (IDA & IBRD),2000,,,,
East Asia & Pacific (IDA & IBRD),2001,,,,
East Asia & Pacific (IDA & IBRD),2002,,,,
East Asia & Pacific (IDA & IBRD),2003,,,,
East Asia & Pacific (IDA & IBRD),2004,,,,
East Asia & Pacific (IDA & IBRD),2005,,,,
East Asia & Pacific (IDA & IBRD),2006,,,,
East Asia & Pacific (IDA & IBRD),2007,,,,
East Asia & Pacific (IDA & IBRD),2008,,,,
East Asia & Pacific (IDA & IBRD),2009,,,,
East Asia & Pacific (IDA & IBRD),2010,,,,
East Asia & Pacific (IDA & IBRD),2011,,,,
East Asia & Pacific (IDA & IBRD),2012,,,,
East Asia & Pacific (IDA & IBRD),2013,,,,
East Asia & Pacific (IDA & IBRD),2014,,,,
East Asia & Pacific (IDA & IBRD),2015,,,,
East Asia & Pacific (IDA & IBRD),2016,,,,
East Asia & Pacific (IDA & IBRD),2017,,,,
East Asia & Pacific (IDA & IBRD),2018,,,,
East Asia & Pacific (IDA & IBRD),2019,,,,
East Asia & Pacific (IDA & IBRD),2020,,,,
East Asia & Pacific (excluding high income),1990,700806537275.491,67.1365879576351,1601237332.0,2665961.556
East Asia & Pacific (excluding high income),1991,753373284604.071,67.3584271101554,1625903768.0,2823141.84
East Asia & Pacific (excluding high income),1992,877362176380.161,67.8799757949844,1649253074.0,2950892.095028
East Asia & Pacific (excluding high income),1993,1065302995858.91,68.3512714889942,1671947065.0,3212685.429589
East Asia & Pacific (excluding high income),1994,1071935566240.48,68.6172006988594,1694420555.0,3367636.986445
East Asia & Pacific (excluding high income),1995,1322145813137.5,68.9151650384637,1716327374.0,3749195.491962
East Asia & Pacific (excluding high income),1996,1518455507723.8,69.1706053863219,1737860521.0,3774435.93135
East Asia & Pacific (excluding high income),1997,1570740162412.87,69.5605151397101,1759221230.0,3886600.519183
East Asia & Pacific (excluding high income),1998,1433291024362.18,69.980208983269,1779787562.0,3969055.628127
East Asia & Pacific (excluding high income),1999,1578157584193.18,70.1935948923278,1799013672.0,3925971.507523
East Asia & Pacific (excluding high income),2000,1736282412283.76,70.5648357047778,1817006555.0,4141518.42
East Asia & Pacific (excluding high income),2001,1847274952029.41,71.1532923501957,1834101877.0,4366771.71
East Asia & Pacific (excluding high income),2002,2044520658576.39,71.5001923568857,1850472928.0,4664764.44
East Asia & Pacific (excluding high income),2003,2314011252023.51,71.9485362700451,1866240858.0,5344565.0
East Asia & Pacific (excluding high income),2004,2683100487725.37,72.0266088640891,1881561559.0,6090553.99
East Asia & Pacific (excluding high income),2005,3107883641018.91,72.5553601545652,1896788261.0,6834676.03
East Asia & Pacific (excluding high income),2006,3742964683361.41,72.9065334927173,1911721676.0,7477420.9
East Asia & Pacific (excluding high income),2007,4731966528028.2,73.1494608933121,1926306467.0,8074794.43
East Asia & Pacific (excluding high income),2008,5987288782012.8,73.0978709648826,1940768141.0,8311664.1
East Asia & Pacific (excluding high income),2009,6491437866223.52,73.6496121386241,1955042105.0,8816028.69
East Asia & Pacific (excluding high income),2010,7900717379136.99,73.8761728997625,1969186913.0,9654293.1
East Asia & Pacific (excluding high income),2011,9650874833463.72,74.1470345834113,1984267781.0,10515988.7
East Asia & Pacific (excluding high income),2012,10760102571844.5,74.3957726964408,2001264155.0,10809799.3
East Asia & Pacific (excluding high income),2013,11870263413707.7,74.6447464626621,2018068461.0,11252643.83
East Asia & Pacific (excluding high income),2014,12800321230512.3,74.9032685695441,2034264880.0,11372410.3
East Asia & Pacific (excluding high income),2015,13323575118311.0,75.1230351733187,2049757846.0,11254077.3
East Asia & Pacific (excluding high income),2016,13614767442825.3,75.3218632190617,2065173002.0,11291996.0
East Asia & Pacific (excluding high income),2017,14881358665109.3,75.3859113160495,2080919319.0,11608128.4
East Asia & Pacific (excluding high income),2018,16640611153965.4,75.801433724838,2094524854.0,12214599.4
East Asia & Pacific (excluding high income),2019,17213484850175.7,76.0020203002054,2106391925.0,12535996.7
East Asia & Pacific (excluding high income),2020,17487617929386.2,75.9360246370322,2116378687.0,12660698.2
East Asia & Pacific (excluding high income),2021,20839170495754.5,75.5432912976843,2123628421.0,
East Asia & Pacific (excluding high income),2022,21193771562304.2,,2129112126.0,
East Asia & Pacific (excluding high income),2023,,,,
Ecuador,1990,15239272611.5809,69.348,10449837.0,15422.6
Ecuador,1991,16988535267.6338,69.625,10686279.0,15740.3
Ecuador,1992,18094238119.0595,70.117,10914222.0,16845.2
Ecuador,1993,18938717358.6793,70.345,11132829.0,16952.8
Ecuador,1994,22708673336.6683,70.757,11347652.0,18804.1
Ecuador,1995,24432884442.2211,71.041,11561683.0,20917.9
Ecuador,1996,25226393196.5983,71.362,11775221.0,23997.7
Ecuador,1997,28162053026.5133,71.681,11987838.0,24953.6
Ecuador,1998,27981896948.4742,72.045,12199693.0,24469.9
Ecuador,1999,19645272636.3182,72.463,12412046.0,21614.4
Ecuador,2000,18327764882.4412,72.839,12626507.0,22051.5
Ecuador,2001,24468324000.0,73.24,12845521.0,24251.5
Ecuador,2002,28548945000.0,73.613,13070609.0,24172.3
Ecuador,2003,32432858000.0,73.975,13301184.0,24655.8
Ecuador,2004,36591661000.0,74.279,13534593.0,26177.7
Ecuador,2005,41507085000.0,74.514,13770012.0,28220.3
Ecuador,2006,46802044000.0,74.689,14009061.0,30126.3
Ecuador,2007,51007777000.0,74.844,14251835.0,30635.9
Ecuador,2008,61762635000.0,74.983,14496797.0,31688.0
Ecuador,2009,62519686000.0,75.184,14742766.0,34498.5
Ecuador,2010,69555367000.0,75.43,14989585.0,37254.0
Ecuador,2011,79276664000.0,75.743,15237728.0,37096.6
Ecuador,2012,87924544000.0,76.062,15483883.0,37085.1
Ecuador,2013,95129659000.0,76.369,15722989.0,39701.1
Ecuador,2014,101726331000.0,76.622,15957994.0,41801.2
Ecuador,2015,99290381000.0,76.789,16195902.0,41390.3
Ecuador,2016,99937696000.0,76.763,16439585.0,39791.7
Ecuador,2017,104295862000.0,76.972,16696944.0,38549.3
Ecuador,2018,107562008000.0,77.094,17015672.0,40273.2
Ecuador,2019,108108009000.0,77.297,17343740.0,39631.4
Ecuador,2020,99291124000.0,72.153,17588595.0,34431.0
Ecuador,2021,106165866000.0,73.67,17797737.0,
Ecuador,2022,115049476000.0,,18001000.0,
Ecuador,2023,,,,
"Egypt, Arab Rep.",1990,42978914311.3504,64.146,57214630.0,87745.4
"Egypt, Arab Rep.",1991,37387836490.5284,64.755,58611032.0,89369.5
"Egypt, Arab Rep.",1992,41855986519.4235,65.031,59989142.0,90903.6
"Egypt, Arab Rep.",1993,46578631452.581,65.468,61382200.0,92661.9
"Egypt, Arab Rep.",1994,51897983392.6453,65.816,62775847.0,87900.8
"Egypt, Arab Rep.",1995,60159245060.4541,66.312,64166908.0,93722.3
"Egypt, Arab Rep.",1996,67629716981.1321,66.742,65565195.0,98940.1
"Egypt, Arab Rep.",1997,78436578171.0914,67.197,66993728.0,106057.6
"Egypt, Arab Rep.",1998,84828807556.0803,67.471,68446011.0,110982.4
"Egypt, Arab Rep.",1999,90710704806.8416,67.737,69907887.0,116535.3
"Egypt, Arab Rep.",2000,99838543960.0763,68.007,71371371.0,114614.4
"Egypt, Arab Rep.",2001,96684636118.5984,68.308,72854261.0,126704.4
"Egypt, Arab Rep.",2002,85146067415.7303,68.564,74393759.0,129441.2
"Egypt, Arab Rep.",2003,80288461538.4615,68.402,75963322.0,133020.4
"Egypt, Arab Rep.",2004,78782467532.4675,68.613,77522427.0,144503.9
"Egypt, Arab Rep.",2005,89600665557.4043,68.779,79075310.0,162217.1
"Egypt, Arab Rep.",2006,107426086956.522,68.977,80629670.0,170745.0
"Egypt, Arab Rep.",2007,130437828371.278,69.128,82218755.0,183395.7
"Egypt, Arab Rep.",2008,162818181818.182,69.319,83844783.0,189935.2
"Egypt, Arab Rep.",2009,189147005444.646,69.48,85501064.0,197660.5
"Egypt, Arab Rep.",2010,218983666061.706,69.664,87252413.0,200313.3
"Egypt, Arab Rep.",2011,235989672977.625,69.88,89200054.0,205767.3
"Egypt, Arab Rep.",2012,279116666666.667,70.085,91240376.0,215000.9
"Egypt, Arab Rep.",2013,288434108527.132,70.052,93377890.0,213856.4
"Egypt, Arab Rep.",2014,305595408895.265,70.415,95592324.0,219121.1
"Egypt, Arab Rep.",2015,329366576819.407,70.483,97723799.0,226283.6
"Egypt, Arab Rep.",2016,332441717791.411,70.844,99784030.0,235425.8
"Egypt, Arab Rep.",2017,248362771739.13,71.302,101789386.0,244540.5
"Egypt, Arab Rep.",2018,262588632526.73,71.367,103740765.0,237983.0
"Egypt, Arab Rep.",2019,318678815489.749,71.358,105618671.0,217908.3
"Egypt, Arab Rep.",2020,383817841547.099,70.99,107465134.0,210752.3
"Egypt, Arab Rep.",2021,424671765455.704,70.221,109262178.0,
"Egypt, Arab Rep.",2022,476747720364.742,,110990103.0,
"Egypt, Arab Rep.",2023,,,,
El Salvador,1990,4817542204.0,62.55,5367179.0,2383.3
El Salvador,1991,5252342400.0,63.856,5461070.0,3066.3
El Salvador,1992,5813399300.0,64.657,5552206.0,3353.9
El Salvador,1993,6680269200.0,65.235,5630987.0,3923.3
El Salvador,1994,7679384000.0,65.838,5693038.0,4459.3
El Salvador,1995,8921947100.0,66.33,5748195.0,4961.4
El Salvador,1996,9586327800.0,67.076,5797140.0,4389.9
El Salvador,1997,10221705900.0,67.895,5842638.0,5319.2
El Salvador,1998,10936669900.0,68.478,5885083.0,5666.2
El Salvador,1999,11284197000.0,69.379,5923852.0,5606.0
El Salvador,2000,11784927700.0,69.865,5958482.0,5631.6
El Salvador,2001,12282533600.0,69.598,5988095.0,5868.6
El Salvador,2002,12664190300.0,70.232,6011275.0,5935.3
El Salvador,2003,13243892200.0,70.14,6026849.0,6510.2
El Salvador,2004,13724810900.0,70.34,6035655.0,6676.8
El Salvador,2005,14698000000.0,70.44,6037817.0,6836.3
El Salvador,2006,15999890000.0,70.773,6034436.0,7235.0
El Salvador,2007,17011750000.0,71.108,6044131.0,7629.0
El Salvador,2008,17986890000.0,71.424,6068099.0,6909.8
El Salvador,2009,17601620000.0,71.576,6091188.0,6676.8
El Salvador,2010,18447920000.0,71.848,6114034.0,6539.2
El Salvador,2011,20283780000.0,71.859,6137349.0,6778.7
El Salvador,2012,21386150000.0,71.831,6161289.0,6771.6
El Salvador,2013,21990960000.0,71.771,6185642.0,6455.8
El Salvador,2014,22593470000.0,71.746,6209526.0,6592.2
El Salvador,2015,23438240000.0,71.814,6231066.0,6997.6
El Salvador,2016,24191430000.0,72.025,6250510.0,7125.1
El Salvador,2017,24979190000.0,72.311,6266654.0,6344.9
El Salvador,2018,26020850000.0,72.555,6276342.0,6844.9
El Salvador,2019,26881140000.0,72.559,6280217.0,7912.7
El Salvador,2020,24930080000.0,71.061,6292731.0,6376.3
El Salvador,2021,29451240000.0,70.748,6314167.0,
El Salvador,2022,32488720000.0,,6336392.0,
El Salvador,2023,,,,
Equatorial Guinea,1990,112119411.489965,50.86,465549.0,69.6
Equatorial Guinea,1991,110906028.536862,50.969,483142.0,72.6
Equatorial Guinea,1992,134707183.84662,51.113,501334.0,901.9
Equatorial Guinea,1993,136047906.245408,51.308,520236.0,974.5
Equatorial Guinea,1994,100807002.540195,51.415,539992.0,1050.5
Equatorial Guinea,1995,141853360.867855,51.592,560740.0,1117.0
Equatorial Guinea,1996,232463022.802961,51.727,582573.0,1224.9
Equatorial Guinea,1997,442337870.69437,52.061,605570.0,1687.9
Equatorial Guinea,1998,370687634.425712,52.382,629734.0,2051.9
Equatorial Guinea,1999,621117885.668503,52.752,655029.0,3307.0
Equatorial Guinea,2000,1045998496.43872,53.226,684977.0,1982.3
Equatorial Guinea,2001,1461139022.02954,53.636,719270.0,2892.6
Equatorial Guinea,2002,1806742742.27311,54.085,754115.0,2543.5
Equatorial Guinea,2003,2484745935.09329,54.581,789681.0,2795.3
Equatorial Guinea,2004,4410764338.66733,55.036,826355.0,5517.6
Equatorial Guinea,2005,8217369092.65224,55.464,864726.0,5609.9
Equatorial Guinea,2006,10086528698.8604,56.046,905418.0,5584.4
Equatorial Guinea,2007,13071718758.7373,56.54,948814.0,6326.2
Equatorial Guinea,2008,19749893536.3204,57.074,994971.0,5816.1
Equatorial Guinea,2009,15027795173.2187,57.431,1043686.0,6066.1
Equatorial Guinea,2010,16314443436.2903,57.878,1094524.0,6047.8
Equatorial Guinea,2011,21357343668.9447,58.412,1144588.0,6089.1
Equatorial Guinea,2012,22388344143.9131,58.865,1193636.0,5868.9
Equatorial Guinea,2013,21948834283.7856,59.224,1243941.0,5990.0
Equatorial Guinea,2014,21765453081.9826,59.595,1295183.0,5946.6
Equatorial Guinea,2015,13185496881.4055,60.103,1346973.0,5494.2
Equatorial Guinea,2016,11240808846.6928,60.479,1398927.0,5830.1
Equatorial Guinea,2017,12200913887.6419,60.821,1450694.0,5369.3
Equatorial Guinea,2018,13097012124.2267,61.191,1502091.0,5068.5
Equatorial Guinea,2019,11364133546.2488,61.644,1553031.0,4876.5
Equatorial Guinea,2020,9893816016.147,60.708,1596049.0,4350.4
Equatorial Guinea,2021,12104994084.4108,60.594,1634466.0,
Equatorial Guinea,2022,12029633746.519,,1674908.0,
Equatorial Guinea,2023,,,,
Eritrea,1990,,49.769,2149960.0,0.0
Eritrea,1991,,50.607,2039220.0,0.0
Eritrea,1992,477101651.648376,52.465,1921153.0,435.7
Eritrea,1993,467872714.755603,53.234,1981419.0,630.7
Eritrea,1994,531688311.688312,54.1,2042500.0,730.66
Eritrea,1995,578015625.0,54.914,2157220.0,796.67
Eritrea,1996,693535954.190067,55.756,2264073.0,870.42
Eritrea,1997,686490090.140141,56.312,2291561.0,824.07
Eritrea,1998,745523074.701951,49.158,2322753.0,611.05
Eritrea,1999,688918508.950846,43.397,2356477.0,646.32
Eritrea,2000,706370815.584416,56.111,2392880.0,633.19
Eritrea,2001,752371683.221534,58.298,2461927.0,692.92
Eritrea,2002,729321671.428501,58.811,2547424.0,679.15
Eritrea,2003,870248293.699204,59.409,2653390.0,684.98
Eritrea,2004,1109054005.43971,59.899,2763140.0,703.5
Eritrea,2005,1098424709.46293,60.597,2831732.0,589.83
Eritrea,2006,1211161879.6748,61.611,2880093.0,529.57
Eritrea,2007,1317974491.05691,62.116,2926168.0,516.52
Eritrea,2008,1380188800.0,62.573,3005779.0,449.31
Eritrea,2009,1856695551.21951,63.328,3083888.0,467.83
Eritrea,2010,1589515447.15447,63.787,3147727.0,502.95
Eritrea,2011,2065001626.01626,64.402,3207570.0,595.89
Eritrea,2012,,64.838,3252596.0,625.34
Eritrea,2013,,65.067,3296367.0,589.43
Eritrea,2014,,65.6,3323425.0,592.22
Eritrea,2015,,66.033,3340006.0,570.9
Eritrea,2016,,66.289,3365287.0,580.5
Eritrea,2017,,66.577,3396933.0,581.47
Eritrea,2018,,67.067,3445374.0,677.7
Eritrea,2019,,67.3,3498818.0,697.2
Eritrea,2020,,67.133,3555868.0,706.4
Eritrea,2021,,66.536,3620312.0,
Eritrea,2022,,,3684032.0,
Eritrea,2023,,,,
Estonia,1990,,69.4756097560976,1569174.0,34544.9
Estonia,1991,,69.3731707317073,1561314.0,31869.2
Estonia,1992,,68.8634146341464,1533091.0,23010.6
Estonia,1993,,67.909756097561,1494128.0,18332.1
Estonia,1994,,66.5,1462514.0,18685.7
Estonia,1995,4502970889.06373,67.5439024390244,1436634.0,16498.1
Estonia,1996,4786018988.16491,69.6121951219512,1415594.0,17480.0
Estonia,1997,5154420649.23354,69.809756097561,1399535.0,17858.5
Estonia,1998,5674080542.88575,69.3585365853659,1386156.0,16427.8
Estonia,1999,5756912265.75809,70.0634146341463,1390244.0,15487.3
Estonia,2000,5686579747.53524,70.4170731707317,1396985.0,14932.5
Estonia,2001,6254649538.98487,70.2585365853659,1388115.0,15231.7
Estonia,2002,7367975887.72723,70.9048780487805,1379350.0,14795.1
Estonia,2003,9874013098.46432,71.3170731707317,1370720.0,16682.0
Estonia,2004,12145911801.2422,71.909756097561,1362550.0,16755.0
Estonia,2005,14106790200.2239,72.5682926829268,1354775.0,16807.7
Estonia,2006,17022870405.2189,72.6914634146341,1346810.0,16090.0
Estonia,2007,22449129482.617,72.8146341463415,1340680.0,19765.8
Estonia,2008,24341678628.9732,73.7707317073171,1337090.0,17481.5
Estonia,2009,19633031397.6104,74.8243902439024,1334515.0,14047.9
Estonia,2010,19523477325.6235,75.4292682926829,1331475.0,18500.4
Estonia,2011,23213994093.4631,76.2292682926829,1327439.0,18502.6
Estonia,2012,23019150071.1867,76.3268292682927,1322696.0,16989.0
Estonia,2013,25115753366.1114,77.1414634146341,1317997.0,18846.5
Estonia,2014,26634083965.0987,77.0341463414634,1314545.0,17594.9
Estonia,2015,22890762090.1508,77.590243902439,1315407.0,14377.1
Estonia,2016,24072829276.7744,77.6414634146342,1315790.0,15907.2
Estonia,2017,26924385103.0659,78.0926829268293,1317384.0,16773.5
Estonia,2018,30624720196.229,78.2439024390244,1321977.0,15716.9
Estonia,2019,31081901909.2156,78.6463414634147,1326898.0,10060.7
Estonia,2020,31370395572.7658,78.5951219512195,1329522.0,7097.52
Estonia,2021,37191166151.98,76.7414634146342,1330932.0,
Estonia,2022,38100812958.5196,,1348840.0,
Estonia,2023,,,,
Eswatini,1990,1114694040.66987,63.072,854011.0,1101.2
Eswatini,1991,1156135717.94598,62.685,889712.0,1086.3
Eswatini,1992,1284759927.54594,61.735,925165.0,909.2
Eswatini,1993,1357189551.68431,60.233,953451.0,816.9
Eswatini,1994,1419294254.4183,58.268,953737.0,1454.9
Eswatini,1995,1698989463.99106,56.148,953573.0,1413.0
Eswatini,1996,1602741833.70552,53.873,973587.0,1131.0
Eswatini,1997,1716714070.12471,52.044,990734.0,1149.9
Eswatini,1998,1576908856.34674,50.333,1005158.0,1172.0
Eswatini,1999,1547888495.98428,48.733,1018370.0,1257.7
Eswatini,2000,1738093840.36607,47.256,1030496.0,1090.6
Eswatini,2001,1542477308.89408,45.975,1041396.0,1105.8
Eswatini,2002,1432221739.12342,44.486,1050809.0,1074.8
Eswatini,2003,2197598466.25447,43.349,1058797.0,996.5
Eswatini,2004,2770082791.50412,42.538,1065764.0,985.6
Eswatini,2005,3178112498.67911,42.125,1071886.0,982.5
Eswatini,2006,3291330019.17287,43.12,1077735.0,990.9
Eswatini,2007,3469381231.49049,43.641,1084008.0,1024.6
Eswatini,2008,3294084314.15058,44.175,1089870.0,1005.6
Eswatini,2009,3580428052.81393,44.639,1094886.0,1042.3
Eswatini,2010,4438765085.93784,46.619,1099920.0,849.2
Eswatini,2011,4820478680.18375,48.195,1105371.0,814.9
Eswatini,2012,4886551483.93374,49.835,1111444.0,806.3
Eswatini,2013,4597552981.56738,51.486,1118319.0,957.0
Eswatini,2014,4422986271.74767,53.05,1125865.0,977.4
Eswatini,2015,4063245671.29285,55.019,1133936.0,1015.9
Eswatini,2016,3816019193.16561,56.659,1142524.0,1116.0
Eswatini,2017,4402969225.92165,57.895,1151390.0,1105.8
Eswatini,2018,4666598024.18411,59.411,1160428.0,1105.8
Eswatini,2019,4466214591.14854,60.549,1169613.0,1169.5
Eswatini,2020,3982236692.55236,59.692,1180655.0,1147.7
Eswatini,2021,4850842571.59151,57.066,1192271.0,
Eswatini,2022,4790922065.6101,,1201670.0,
Eswatini,2023,,,,
Ethiopia,1990,12175166763.285,44.557,47878073.0,2310.7
Ethiopia,1991,13463868357.4879,46.13,49937430.0,2333.1
Ethiopia,1992,10492993077.6093,46.901,52011554.0,1517.2
Ethiopia,1993,8830712713.90781,47.394,53791672.0,1941.3
Ethiopia,1994,6927950564.55657,47.861,55620211.0,2261.4
Ethiopia,1995,7663984567.90123,48.302,57476536.0,2574.7
Ethiopia,1996,8547939730.62374,48.924,59347649.0,2870.5
Ethiopia,1997,8589233860.17722,49.514,61233480.0,3058.4
Ethiopia,1998,7818205592.92428,49.927,63136493.0,3227.6
Ethiopia,1999,7700833482.00615,49.425,65077579.0,3176.6
Ethiopia,2000,8242349617.8638,50.538,67031867.0,3557.0
Ethiopia,2001,8231326016.47494,51.043,69018932.0,4401.3
Ethiopia,2002,7850809498.16803,51.517,71073215.0,4571.5
Ethiopia,2003,8623691300.04079,52.533,73168838.0,5022.4
Ethiopia,2004,10131187261.4421,53.235,75301026.0,5334.2
Ethiopia,2005,12401139453.9738,54.008,77469940.0,5049.5
Ethiopia,2006,15280861834.6024,55.149,79691050.0,5404.8
Ethiopia,2007,19707616772.7996,56.426,81996185.0,5963.5
Ethiopia,2008,27066912635.2228,57.592,84357105.0,6487.7
Ethiopia,2009,32437389116.038,58.804,86755585.0,6534.5
Ethiopia,2010,29933790334.3418,59.73,89237791.0,6473.2
Ethiopia,2011,31952763089.33,60.721,91817929.0,7551.5
Ethiopia,2012,43310721414.0829,61.543,94451280.0,8559.0
Ethiopia,2013,47648276605.0123,62.373,97084366.0,10190.8
Ethiopia,2014,55612228233.5179,62.905,99746766.0,12490.3
Ethiopia,2015,64589328550.5953,63.649,102471895.0,13046.3
Ethiopia,2016,74296745207.8721,64.392,105293228.0,15247.2
Ethiopia,2017,81770886825.6048,64.838,108197950.0,15882.4
Ethiopia,2018,84269196625.8784,65.412,111129438.0,17028.4
Ethiopia,2019,95912607722.3032,65.838,114120594.0,17708.0
Ethiopia,2020,107657734392.446,65.371,117190911.0,18098.0
Ethiopia,2021,111261882958.426,64.975,120283026.0,
Ethiopia,2022,126783471597.671,,123379924.0,
Ethiopia,2023,,,,
Euro area,1990,5898511575032.55,75.8114974495347,315870845.0,2625211.1
Euro area,1991,6132653935089.69,75.9601490185218,317411362.0,2641358.7
Euro area,1992,6766063239283.2,76.3008691097006,318746422.0,2565850.1
Euro area,1993,6191179704198.15,76.4088353431057,320056200.0,2512544.91
Euro area,1994,6535365784573.06,76.7194295817576,321026530.0,2512016.3
Euro area,1995,7538231147010.79,76.8784396006424,321810273.0,2559822.72
Euro area,1996,7628506032133.83,77.144623946599,322570180.0,2616895.9
Euro area,1997,6976362262242.35,77.5053252539498,323308056.0,2589693.9
Euro area,1998,7175100226665.57,77.7161399032756,323978576.0,2630979.9
Euro area,1999,7139982837082.76,77.9419790274605,324784751.0,2614065.7
Euro area,2000,6517630044431.91,78.1959091124709,325792924.0,2632598.97
Euro area,2001,6619383365977.04,78.5400040844943,326862028.0,2679463.0
Euro area,2002,7226690863566.02,78.6301924780688,328443707.0,2684265.9
Euro area,2003,8897544706855.88,78.6520340668657,330208234.0,2741292.4
Euro area,2004,10202235398147.7,79.2282585114188,332006792.0,2754053.7
Euro area,2005,10568559669251.5,79.3706269145857,333709006.0,2746418.1
Euro area,2006,11233646571123.0,79.8031961914222,335250759.0,2729756.3
Euro area,2007,12938431100771.3,80.0433364925514,336971054.0,2692546.8
Euro area,2008,14226776960849.6,80.2467136096166,338599969.0,2635002.3
Euro area,2009,13000592654770.3,80.4506879591034,339682801.0,2438244.8
Euro area,2010,12700497319995.6,80.6936166663087,340467048.0,2502105.4
Euro area,2011,13700718631878.4,81.1778468433023,339722971.0,2412403.2
Euro area,2012,12695551676378.3,81.1741476978751,340450693.0,2382523.5
Euro area,2013,13255496085721.2,81.4589731233284,341584506.0,2333241.5
Euro area,2014,13569853388306.0,81.8896754080461,342725321.0,2209017.5
Euro area,2015,11726885430565.4,81.5187535513769,343718279.0,2256390.7
Euro area,2016,12025583921664.0,81.9086902798181,344683796.0,2256275.0
Euro area,2017,12736564381784.9,81.8854775039638,345370612.0,2259522.6
Euro area,2018,13760663487274.4,82.0045418889234,346153001.0,2202668.9
Euro area,2019,13480528531193.6,82.281962811136,346517987.0,2095558.337
Euro area,2020,13154981793981.9,81.4934312334359,346961127.0,1872835.52
Euro area,2021,14754736438720.2,81.5949466885559,346942979.0,
Euro area,2022,14207593902747.6,,348331511.0,
Euro area,2023,,,,
Europe & Central Asia,1990,8844416306688.16,72.2259182982363,842030509.0,7966959.675113
Europe & Central Asia,1991,9129547622124.36,72.1692512851586,846364518.0,7846626.453843
Europe & Central Asia,1992,9793519248255.8,71.8906790558254,849816712.0,7499646.758356
Europe & Central Asia,1993,9002961946838.44,71.5324934583788,852735458.0,7110491.562417
Europe & Central Asia,1994,9412764456412.24,71.7035134247026,854892657.0,6738164.877635
Europe & Central Asia,1995,10869124487155.2,71.795317762704,856511549.0,6687518.121854
Europe & Central Asia,1996,11093995531284.8,72.2250773287105,858209225.0,6714980.890606
Europe & Central Asia,1997,10522039639341.4,72.6304388882559,859711482.0,6490296.501429
Europe & Central Asia,1998,10794675569889.6,72.9401445700135,860876126.0,6487492.669298
Europe & Central Asia,1999,10676421794307.5,72.8899373236112,861848594.0,6429218.086505
Europe & Central Asia,2000,10065921815731.6,73.1320898765724,862786211.0,6507573.874391
Europe & Central Asia,2001,10168292218080.4,73.3925992458532,863909133.0,6566293.03127
Europe & Central Asia,2002,11134322383715.6,73.5029038659978,865474170.0,6578328.567749
Europe & Central Asia,2003,13534592292253.0,73.6134514629794,867701442.0,6788126.321864
Europe & Central Asia,2004,15775499878104.7,74.0545430722738,870270838.0,6793339.070517
Europe & Central Asia,2005,16780902188907.0,74.1946289810641,872913705.0,6788006.384322
Europe & Central Asia,2006,18167734620079.1,74.6931935248229,875627934.0,6908752.5068
Europe & Central Asia,2007,21227695909963.3,75.0513621926259,878456268.0,6907496.871925
Europe & Central Asia,2008,23363317725408.3,75.3128229233566,882088404.0,6856012.433867
Europe & Central Asia,2009,20544984633327.2,75.7017086710685,885659803.0,6339923.148673
Europe & Central Asia,2010,21016244485056.3,75.98639222958,889169629.0,6579733.278439
Europe & Central Asia,2011,23305492283126.4,76.4584767730372,891329416.0,6594980.407993
Europe & Central Asia,2012,22453172441445.4,76.6433094890551,894660467.0,6524680.837447
Europe & Central Asia,2013,23454504187753.0,76.9863779705497,898607432.0,6386728.464887
Europe & Central Asia,2014,23783815080046.5,77.2972046609851,902670860.0,6104308.52317
Europe & Central Asia,2015,20480970346558.5,77.2322450351642,906695444.0,6073951.401794
Europe & Central Asia,2016,20408422727022.5,77.5668781842823,910633273.0,6099478.730256
Europe & Central Asia,2017,21652739213015.3,77.7798730510133,914078289.0,6166584.297397
Europe & Central Asia,2018,23188460071899.6,77.911987231714,917380453.0,6177967.890403
Europe & Central Asia,2019,22907909231787.3,78.1865953998752,920277481.0,6034379.546716
Europe & Central Asia,2020,22156584402676.9,76.960093929662,922353365.0,5641772.700492
Europe & Central Asia,2021,25324876871395.7,76.6250531517707,923564027.0,
Europe & Central Asia,2022,25344209837077.1,,920375568.0,
Europe & Central Asia,2023,,,,
Europe & Central Asia (IDA & IBRD countries),1990,1004870546469.25,68.9202832810128,427949024.0,4381209.140257
Europe & Central Asia (IDA & IBRD countries),1991,995788653279.655,68.6446988524617,430328718.0,4240031.740692
Europe & Central Asia (IDA & IBRD countries),1992,931485784159.175,67.7695205899005,432000567.0,3991060.703865
Europe & Central Asia (IDA & IBRD countries),1993,928725528824.849,66.9758293228897,433339079.0,3675716.299997
Europe & Central Asia (IDA & IBRD countries),1994,834828070354.584,66.9744202407592,434279162.0,3309124.222545
Europe & Central Asia (IDA & IBRD countries),1995,924001755656.672,67.0301362318244,434804610.0,3222587.43624
Europe & Central Asia (IDA & IBRD countries),1996,950621808513.411,67.5949821812948,435461598.0,3149439.974239
Europe & Central Asia (IDA & IBRD countries),1997,980496944235.474,68.0831337990858,436014905.0,2992756.726938
Europe & Central Asia (IDA & IBRD countries),1998,947828018893.934,68.5060242109996,436294062.0,2952683.974585
Europe & Central Asia (IDA & IBRD countries),1999,821675351388.17,68.1874334678386,436191659.0,2923459.770108
Europe & Central Asia (IDA & IBRD countries),2000,894544565018.177,68.379542167384,435816101.0,2980028.252393
Europe & Central Asia (IDA & IBRD countries),2001,909540950477.433,68.555882691225,435418872.0,2973900.71822
Europe & Central Asia (IDA & IBRD countries),2002,1022699839151.1,68.650378485346,435070718.0,3000972.599476
Europe & Central Asia (IDA & IBRD countries),2003,1258196358985.56,68.7734207924604,435154320.0,3125391.313348
Europe & Central Asia (IDA & IBRD countries),2004,1628013641798.5,69.112331849457,435471706.0,3125612.097687
Europe & Central Asia (IDA & IBRD countries),2005,2039291684089.26,69.2018594416428,435872410.0,3139915.8
Europe & Central Asia (IDA & IBRD countries),2006,2466363755929.98,69.7890954070327,436426410.0,3268927.2
Europe & Central Asia (IDA & IBRD countries),2007,3172403579220.17,70.2551576704082,436798968.0,3323990.6
Europe & Central Asia (IDA & IBRD countries),2008,3926829039903.42,70.5576524880787,437985547.0,3355739.26
Europe & Central Asia (IDA & IBRD countries),2009,3113730517230.92,71.1029278968907,439691944.0,3101978.35
Europe & Central Asia (IDA & IBRD countries),2010,3657668750248.08,71.4173722976296,441664138.0,3251419.1
Europe & Central Asia (IDA & IBRD countries),2011,4449815096966.39,71.8872603018798,443820083.0,3411004.8
Europe & Central Asia (IDA & IBRD countries),2012,4646400812533.98,72.2609056332359,445763231.0,3362262.5
Europe & Central Asia (IDA & IBRD countries),2013,4915322787867.55,72.6961193529707,447902778.0,3292199.8
Europe & Central Asia (IDA & IBRD countries),2014,4643909258334.67,72.9106835177885,450071285.0,3184532.8
Europe & Central Asia (IDA & IBRD countries),2015,3627524552717.48,73.1288176348978,452273365.0,3118703.7
Europe & Central Asia (IDA & IBRD countries),2016,3485669672370.61,73.4453041984172,454426367.0,3159626.5
Europe & Central Asia (IDA & IBRD countries),2017,3909241583631.23,73.8765363434964,456393433.0,3237220.9
Europe & Central Asia (IDA & IBRD countries),2018,4076953150706.89,74.0424787181956,458211234.0,3316919.5
Europe & Central Asia (IDA & IBRD countries),2019,4159143876282.08,74.3379358435459,460092452.0,3307604.6
Europe & Central Asia (IDA & IBRD countries),2020,3900173017455.42,72.6960818764773,461273023.0,3194229.5
Europe & Central Asia (IDA & IBRD countries),2021,4616362221588.67,71.8692448544197,462431038.0,
Europe & Central Asia (IDA & IBRD countries),2022,5189746524698.23,,457549063.0,
Europe & Central Asia (IDA & IBRD countries),2023,,,,
Europe & Central Asia (IDA & IBRD),1990,,,,
Europe & Central Asia (IDA & IBRD),1991,,,,
Europe & Central Asia (IDA & IBRD),1992,,,,
Europe & Central Asia (IDA & IBRD),1993,,,,
Europe & Central Asia (IDA & IBRD),1994,,,,
Europe & Central Asia (IDA & IBRD),1995,,,,
Europe & Central Asia (IDA & IBRD),1996,,,,
Europe & Central Asia (IDA & IBRD),1997,,,,
Europe & Central Asia (IDA & IBRD),1998,,,,
Europe & Central Asia (IDA & IBRD),1999,,,,
Europe & Central Asia (IDA & IBRD),2000,,,,
Europe & Central Asia (IDA & IBRD),2001,,,,
Europe & Central Asia (IDA & IBRD),2002,,,,
Europe & Central Asia (IDA & IBRD),2003,,,,
Europe & Central Asia (IDA & IBRD),2004,,,,
Europe & Central Asia (IDA & IBRD),2005,,,,
Europe & Central Asia (IDA & IBRD),2006,,,,
Europe & Central Asia (IDA & IBRD),2007,,,,
Europe & Central Asia (IDA & IBRD),2008,,,,
Europe & Central Asia (IDA & IBRD),2009,,,,
Europe & Central Asia (IDA & IBRD),2010,,,,
Europe & Central Asia (IDA & IBRD),2011,,,,
Europe & Central Asia (IDA & IBRD),2012,,,,
Europe & Central Asia (IDA & IBRD),2013,,,,
Europe & Central Asia (IDA & IBRD),2014,,,,
Europe & Central Asia (IDA & IBRD),2015,,,,
Europe & Central Asia (IDA & IBRD),2016,,,,
Europe & Central Asia (IDA & IBRD),2017,,,,
Europe & Central Asia (IDA & IBRD),2018,,,,
Europe & Central Asia (IDA & IBRD),2019,,,,
Europe & Central Asia (IDA & IBRD),2020,,,,
Europe & Central Asia (excluding high income),1990,879067803641.86,68.6172608937264,361859039.0,3838019.540257
Europe & Central Asia (excluding high income),1991,859564888121.993,68.323251674641,364392348.0,3730906.740692
Europe & Central Asia (excluding high income),1992,791014140633.35,67.2529310055231,366266798.0,3506475.403865
Europe & Central Asia (excluding high income),1993,785265792624.011,66.2752220329238,367513928.0,3198472.599997
Europe & Central Asia (excluding high income),1994,674045599737.302,66.2630353110826,368354275.0,2839358.722545
Europe & Central Asia (excluding high income),1995,721536976115.354,66.3089431823406,368905312.0,2746260.83624
Europe & Central Asia (excluding high income),1996,729341592559.418,66.9577843628076,369661127.0,2654664.474239
Europe & Central Asia (excluding high income),1997,761417341296.376,67.4966436294185,370276347.0,2517460.926938
Europe & Central Asia (excluding high income),1998,705490152949.695,67.9117863039328,370591102.0,2516228.874585
Europe & Central Asia (excluding high income),1999,591797663564.306,67.4855085794094,370546751.0,2510998.670108
Europe & Central Asia (excluding high income),2000,662865533121.624,67.6033710320653,370646199.0,2577216.352393
Europe & Central Asia (excluding high income),2001,655068116328.393,67.7489930065596,370739184.0,2565856.51822
Europe & Central Asia (excluding high income),2002,750707740327.68,67.8388759216773,370807684.0,2599642.599476
Europe & Central Asia (excluding high income),2003,947224219829.565,67.9585859395451,371072025.0,2707914.413348
Europe & Central Asia (excluding high income),2004,1256021644137.52,68.3074280975041,371533136.0,2707329.097687
Europe & Central Asia (excluding high income),2005,1589623253702.44,68.3823219019124,372077135.0,2722434.9
Europe & Central Asia (excluding high income),2006,1950105962933.63,69.0362855721712,372780224.0,2833981.6
Europe & Central Asia (excluding high income),2007,2509469282749.61,69.553869930144,373485209.0,2891014.6
Europe & Central Asia (excluding high income),2008,3110392920503.27,69.8792072473863,375012208.0,2930278.56
Europe & Central Asia (excluding high income),2009,2437810906121.28,70.460913633749,376867673.0,2703712.95
Europe & Central Asia (excluding high income),2010,2953123347551.59,70.7664211000226,379079046.0,2840620.8
Europe & Central Asia (excluding high income),2011,3670091075706.84,71.2192011981416,381328678.0,2997334.1
Europe & Central Asia (excluding high income),2012,3914682847733.44,71.6511044430463,383374474.0,2959664.3
Europe & Central Asia (excluding high income),2013,4150280509009.24,72.0999843461511,385623200.0,2904794.2
Europe & Central Asia (excluding high income),2014,3845772639012.83,72.2984327488753,387912182.0,2811027.4
Europe & Central Asia (excluding high income),2015,2921672028195.23,72.5728845776421,390267733.0,2739709.6
Europe & Central Asia (excluding high income),2016,2777844494431.75,72.8819504834875,392579664.0,2771362.1
Europe & Central Asia (excluding high income),2017,3118391538150.36,73.3911082279521,394705361.0,2832835.0
Europe & Central Asia (excluding high income),2018,3183375960368.65,73.5955524261838,396674671.0,2913541.0
Europe & Central Asia (excluding high income),2019,3250597309710.46,73.8949272433323,398690076.0,2922190.2
Europe & Central Asia (excluding high income),2020,2991607694833.72,72.2098434402938,400061023.0,2830714.8
Europe & Central Asia (excluding high income),2021,3580124604033.79,71.4224672787838,401682855.0,
Europe & Central Asia (excluding high income),2022,4129330109662.66,,397824705.0,
Europe & Central Asia (excluding high income),2023,,,,
European Union,1990,6497764960998.87,74.6973268751305,420308868.0,3567900.9
European Union,1991,6735918095931.52,74.8099607606176,421744728.0,3530556.1
European Union,1992,7406346647462.83,75.1268928818128,422972438.0,3414360.0
European Union,1993,6761164498941.44,75.2554013396409,424347768.0,3350884.41
European Union,1994,7161925326227.77,75.5257365222868,425406851.0,3340150.1
European Union,1995,8295832183149.51,75.6712437555643,426212138.0,3391251.72
European Union,1996,8431354015024.83,75.9240218299761,426906931.0,3490934.2
European Union,1997,7733772686274.65,76.2418754686719,427549432.0,3421979.1
European Union,1998,7969828384040.82,76.5112416250113,428122323.0,3413106.8
European Union,1999,7925877863372.77,76.7452001888737,428828749.0,3355112.6
European Union,2000,7276390991857.45,77.0753168840645,429342455.0,3364061.47
European Union,2001,7393612739232.78,77.4229501748974,429910140.0,3421057.2
European Union,2002,8083519004561.54,77.531003298642,430898141.0,3412869.0
European Union,2003,9932133486284.8,77.5893359969316,432434810.0,3502699.1
European Union,2004,11418900352971.1,78.1144998957159,434059923.0,3507059.1
European Union,2005,11910068707011.7,78.2714286678124,435600393.0,3489983.9
European Union,2006,12712635610430.1,78.668010036854,437014860.0,3498536.7
European Union,2007,14727519982190.6,78.9018190892451,438484072.0,3456870.4
European Union,2008,16295383915395.2,79.1252964098769,439892213.0,3378385.8
European Union,2009,14762732184092.9,79.3576360232167,440934530.0,3131197.5
European Union,2010,14556037351406.0,79.6300337124674,441552554.0,3215802.7
European Union,2011,15765045684120.1,80.1387421492485,440769682.0,3121388.9
European Union,2012,14641507897977.1,80.1576594861261,441419873.0,3061105.0
European Union,2013,15294695568087.0,80.4647937689601,442496175.0,2984329.5
European Union,2014,15651155752825.7,80.8719823965856,443601373.0,2839976.1
European Union,2015,13553676666875.9,80.5684394242096,444570054.0,2897317.9
European Union,2016,13888512857169.0,80.9512974807301,445515422.0,2907404.0
European Union,2017,14765543450855.0,80.9325986173981,446215182.0,2932145.5
European Union,2018,15980992271824.8,81.0287289990803,447001100.0,2867932.0
European Union,2019,15693432719569.6,81.3148579639404,447367191.0,2729768.437
European Union,2020,15381174426002.4,80.452093051787,447692315.0,2465025.42
European Union,2021,17315218527836.1,80.3875285216872,447178112.0,
European Union,2022,16746544871112.0,,447370510.0,
European Union,2023,,,,
Faroe Islands,1990,960805408.949872,76.1146341463415,47479.0,
Faroe Islands,1991,909253214.82608,76.3634146341464,46810.0,
Faroe Islands,1992,912670413.325883,76.6146341463415,46005.0,
Faroe Islands,1993,760957189.757646,76.9146341463415,45096.0,
Faroe Islands,1994,758739178.612171,77.1658536585366,44131.0,
Faroe Islands,1995,901404709.830684,77.3658536585366,43805.0,
Faroe Islands,1996,989536914.659081,77.5682926829268,44138.0,
Faroe Islands,1997,933763083.395627,77.8219512195122,44495.0,
Faroe Islands,1998,1104744235.30111,78.0268292682927,44865.0,
Faroe Islands,1999,1127684827.35686,78.2317073170732,45203.0,
Faroe Islands,2000,1067109530.64798,78.4365853658537,45660.0,
Faroe Islands,2001,1160268212.07291,78.6414634146341,46245.0,
Faroe Islands,2002,1275093689.27107,78.8439024390244,46813.0,
Faroe Islands,2003,1501941580.88903,78.9439024390244,47392.0,
Faroe Islands,2004,1724770770.83393,79.0926829268293,47989.0,
Faroe Islands,2005,1759739599.22694,79.290243902439,48291.0,
Faroe Islands,2006,2017680834.89917,79.6390243902439,48313.0,
Faroe Islands,2007,2339015313.29513,79.9878048780488,48361.0,
Faroe Islands,2008,2489873249.62815,80.0853658536585,48411.0,
Faroe Islands,2009,2296065170.05552,80.3853658536585,48429.0,
Faroe Islands,2010,2331796784.36009,80.6365853658537,48410.0,
Faroe Islands,2011,2505740669.27039,80.9390243902439,48386.0,
Faroe Islands,2012,2427200388.91831,81.190243902439,48392.0,
Faroe Islands,2013,2690110520.92548,81.4414634146341,48418.0,
Faroe Islands,2014,2914012679.27277,81.5926829268293,48465.0,
Faroe Islands,2015,2573905971.05459,81.7926829268293,48816.0,
Faroe Islands,2016,2813278868.78208,82.0439024390244,49500.0,
Faroe Islands,2017,2980057377.87967,82.3439024390244,50230.0,
Faroe Islands,2018,3188600927.46688,82.5951219512195,50955.0,
Faroe Islands,2019,3266432734.22819,82.9463414634147,51681.0,
Faroe Islands,2020,3262045883.37293,83.1975609756098,52415.0,
Faroe Islands,2021,3655063937.93145,83.4975609756098,52889.0,
Faroe Islands,2022,3555929833.05051,,53090.0,
Faroe Islands,2023,,,,
Fiji,1990,1337017559.49728,65.508,780430.0,712.98
Fiji,1991,1383883249.591,65.643,784832.0,721.15
Fiji,1992,1532411039.05479,65.827,786859.0,758.35
Fiji,1993,1636101246.9394,65.928,789198.0,745.09
Fiji,1994,1825732092.54674,66.125,790803.0,743.33
Fiji,1995,1970301486.20561,66.286,792246.0,751.67
Fiji,1996,2128696643.62574,66.408,796538.0,808.6
Fiji,1997,2090221137.02876,66.448,804572.0,785.91
Fiji,1998,1653146716.58235,66.68,813947.0,766.25
Fiji,1999,1936459986.03795,66.763,823422.0,786.32
Fiji,2000,1678219507.89829,66.31,832509.0,836.58
Fiji,2001,1652462023.46215,66.34,841320.0,1040.4
Fiji,2002,1833279985.36741,65.748,849891.0,877.0
Fiji,2003,2300492465.32276,66.177,858306.0,1036.5
Fiji,2004,2708078476.63012,66.424,866694.0,1319.6
Fiji,2005,2980403844.72096,66.632,874923.0,1071.1
Fiji,2006,3076305452.86506,66.855,883083.0,1200.0
Fiji,2007,3378314599.76402,66.826,890648.0,1128.8
Fiji,2008,3523185919.55826,66.935,896731.0,863.4
Fiji,2009,2870624635.68032,67.089,901383.0,766.7
Fiji,2010,3140166712.79624,67.328,905169.0,1126.3
Fiji,2011,3779411899.37483,67.523,908355.0,1055.8
Fiji,2012,3972028104.47328,67.552,911059.0,993.5
Fiji,2013,4189967998.51424,67.428,913453.0,1066.9
Fiji,2014,4857104791.00386,67.376,915560.0,1213.6
Fiji,2015,4682479912.05203,66.844,917200.0,1263.8
Fiji,2016,4930213634.35692,67.24,918371.0,1198.6
Fiji,2017,5353469171.0611,67.79,919019.0,1331.1
Fiji,2018,5581425324.91185,67.81,918996.0,1387.2
Fiji,2019,5444407214.31758,67.893,918465.0,1393.5
Fiji,2020,4432466237.09588,67.924,920422.0,1028.2
Fiji,2021,4305031630.81808,67.114,924610.0,
Fiji,2022,4979979546.0123,,929766.0,
Fiji,2023,,,,
Finland,1990,141438345513.917,74.8131707317073,4986431.0,54562.8
Finland,1991,127773856785.767,75.2275609756098,5013740.0,55132.7
Finland,1992,112532519246.084,75.4553658536585,5041992.0,52280.5
Finland,1993,89214114708.0254,75.7051219512195,5066447.0,53461.8
Finland,1994,103299943084.804,76.3956097560976,5088333.0,59927.6
Finland,1995,134189814814.815,76.409512195122,5107790.0,56092.5
Finland,1996,132129174216.93,76.6934146341464,5124573.0,62574.4
Finland,1997,126912152101.707,76.8785365853659,5139835.0,60624.0
Finland,1998,134038718291.055,77.0907317073171,5153498.0,57265.6
Finland,1999,135264083658.688,77.2912195121951,5165474.0,56509.9
Finland,2000,126019543413.334,77.4658536585366,5176209.0,55097.5
Finland,2001,129533107311.811,77.9658536585366,5188008.0,61088.1
Finland,2002,140404460203.138,78.119512195122,5200598.0,63439.7
Finland,2003,171652458349.411,78.3682926829268,5213014.0,71708.1
Finland,2004,197479443979.151,78.7146341463415,5228172.0,67682.9
Finland,2005,204885494686.381,78.8170731707317,5246096.0,55460.2
Finland,2006,217089269791.764,79.2146341463415,5266268.0,67024.9
Finland,2007,256378067752.158,79.2634146341464,5288720.0,65102.7
Finland,2008,285716311136.719,79.5682926829268,5313399.0,56660.1
Finland,2009,253497520828.515,79.719512195122,5338871.0,54180.9
Finland,2010,249424310816.667,79.8707317073171,5363352.0,62526.4
Finland,2011,275604356167.316,80.4707317073171,5388272.0,55123.4
Finland,2012,258290060227.734,80.6268292682927,5413971.0,49408.1
Finland,2013,271362405890.589,80.9756097560976,5438972.0,50191.3
Finland,2014,274862826772.156,81.1804878048781,5461512.0,46161.7
Finland,2015,234534382384.766,81.4804878048781,5479531.0,42815.4
Finland,2016,240771351298.833,81.4292682926829,5495303.0,45700.3
Finland,2017,255647979916.471,81.6317073170732,5508214.0,43015.4
Finland,2018,275708001767.843,81.7341463414634,5515525.0,44395.5
Finland,2019,268514916972.549,81.9829268292683,5521606.0,40987.1
Finland,2020,271886077382.102,81.9317073170732,5529543.0,36329.9
Finland,2021,296470417085.267,81.9341463414634,5541017.0,
Finland,2022,282649838009.729,,5556106.0,
Finland,2023,,,,
Fragile and conflict affected situations,1990,560666457491.834,53.298778900632,483047361.0,1048294.010181
Fragile and conflict affected situations,1991,400453801388.535,53.3049598405255,493847579.0,1011796.297094
Fragile and conflict affected situations,1992,364561464352.062,53.277820942241,506292313.0,964972.850723
Fragile and conflict affected situations,1993,373427180677.554,53.6690214262448,519880341.0,915663.549142
Fragile and conflict affected situations,1994,387422713800.059,54.2846849250333,534413493.0,846579.971085
Fragile and conflict affected situations,1995,470647685122.784,53.9995180039875,548545703.0,855511.175767
Fragile and conflict affected situations,1996,513501426607.287,54.0772674745566,560925893.0,830252.441325
Fragile and conflict affected situations,1997,573407469041.262,54.3743248802428,573118372.0,837187.024587
Fragile and conflict affected situations,1998,589888835850.822,54.1606942722973,585815261.0,787773.207441
Fragile and conflict affected situations,1999,455600793837.411,54.8761594968142,599148682.0,765267.100746
Fragile and conflict affected situations,2000,528316634352.906,55.5059038051956,612628069.0,790011.143652
Fragile and conflict affected situations,2001,525114548136.601,55.7251105112269,626414685.0,815387.911617
Fragile and conflict affected situations,2002,516350189034.356,56.1453096516832,641818620.0,808605.232257
Fragile and conflict affected situations,2003,543431874598.577,56.4152039362988,658026690.0,838486.016164
Fragile and conflict affected situations,2004,683098771396.301,56.6619696203327,674005044.0,827935.186363
Fragile and conflict affected situations,2005,858449973800.714,57.0548996100905,690401342.0,841070.693225
Fragile and conflict affected situations,2006,1064256763313.3,57.5401985452426,707149927.0,843265.126212
Fragile and conflict affected situations,2007,1297384802017.51,58.0074424609044,723853346.0,837503.184679
Fragile and conflict affected situations,2008,1646380142467.61,58.0172242637398,741306396.0,862219.515288
Fragile and conflict affected situations,2009,1521389688311.18,59.0613722295222,759795159.0,818411.601108
Fragile and conflict affected situations,2010,1802880871890.26,59.307740958904,778717407.0,883972.857224
Fragile and conflict affected situations,2011,1689762063599.3,59.9661420832919,797785010.0,887772.307189
Fragile and conflict affected situations,2012,1888886097184.81,60.166584242796,817412582.0,927721.76
Fragile and conflict affected situations,2013,1958466454077.63,60.4660138869474,837410155.0,943408.52
Fragile and conflict affected situations,2014,2080902833468.12,60.7099873553869,857018106.0,918574.88
Fragile and conflict affected situations,2015,1656886439480.07,61.014309073599,876436311.0,834153.97
Fragile and conflict affected situations,2016,1562107520266.63,61.2919989986991,896272698.0,845830.84
Fragile and conflict affected situations,2017,1654879733899.76,61.6565362206611,916427867.0,837379.39
Fragile and conflict affected situations,2018,1735106586576.45,61.9713531803634,936721531.0,866573.51
Fragile and conflict affected situations,2019,1838740662563.75,62.2688995265103,957785553.0,854476.82
Fragile and conflict affected situations,2020,1666563897610.01,61.7617589134804,979763631.0,759327.426
Fragile and conflict affected situations,2021,1782595197342.36,61.2530471670404,1001844479.0,
Fragile and conflict affected situations,2022,1906134056808.84,,1019139254.0,
Fragile and conflict affected situations,2023,,,,
France,1990,1269179616913.63,76.6,58044701.0,356297.9
France,1991,1269276828275.78,76.8487804878049,58557577.0,380691.3
France,1992,1401465923172.24,77.1,58849943.0,368655.7
France,1993,1322815612694.0,77.3,59106166.0,349524.6
France,1994,1393982750472.59,77.6487804878049,59327585.0,344475.4
France,1995,1601094756209.75,77.7512195121951,59543659.0,352283.1
France,1996,1605675086549.56,77.9536585365854,59756533.0,367959.6
France,1997,1452884917959.09,78.3048780487805,59969944.0,359140.5
France,1998,1503108739159.44,78.6048780487805,60192790.0,381182.3
France,1999,1493151737698.46,78.7560975609756,60504420.0,375003.6
France,2000,1365639660792.16,79.0560975609756,60921384.0,373235.8
France,2001,1377657339291.34,79.1585365853659,61367388.0,376860.3
France,2002,1501409382971.38,79.2609756097561,61816234.0,371167.2
France,2003,1844544792036.86,79.1146341463415,62256970.0,376838.7
France,2004,2119633181634.37,80.1634146341463,62716306.0,377948.5
France,2005,2196945232435.8,80.1634146341463,63188395.0,380816.1
France,2006,2320536221304.7,80.8121951219512,63628261.0,371741.0
France,2007,2660591246211.77,81.1121951219512,64021737.0,363052.2
France,2008,2930303780828.12,81.2146341463415,64379696.0,358211.2
France,2009,2700887366932.03,81.4146341463415,64710879.0,343882.5
France,2010,2645187882116.67,81.6634146341463,65030575.0,347940.1
France,2011,2865157541994.17,82.1146341463415,65345233.0,335031.9
France,2012,2683671716967.19,81.9682926829268,65662240.0,338315.4
France,2013,2811876903329.03,82.219512195122,66002289.0,338453.1
France,2014,2855964488590.19,82.719512195122,66312067.0,306017.4
France,2015,2439188643162.5,82.3219512195122,66548272.0,311175.4
France,2016,2472964344587.17,82.5731707317073,66724104.0,313835.2
France,2017,2595151045197.65,82.5756097560976,66918020.0,317721.2
France,2018,2790956878746.66,82.6756097560976,67158348.0,306948.4
France,2019,2728870246705.88,82.8268292682927,67388001.0,300561.6
France,2020,2647418691598.45,82.1756097560976,67571107.0,267154.7
France,2021,2959355819170.5,82.3243902439024,67764304.0,
France,2022,2779092236505.85,,67971311.0,
France,2023,,,,
French Polynesia,1990,3320159522.36573,73.983,211089.0,
French Polynesia,1991,3410078967.89823,74.149,215444.0,
French Polynesia,1992,3713785765.42205,74.419,219621.0,
French Polynesia,1993,3544608548.41734,74.804,223714.0,
French Polynesia,1994,3676123788.0323,75.311,227682.0,
French Polynesia,1995,4186994249.08861,76.008,231446.0,
French Polynesia,1996,4166072829.60099,76.833,235189.0,
French Polynesia,1997,3762859093.26192,77.7,239036.0,
French Polynesia,1998,3903186592.82431,78.386,242882.0,
French Polynesia,1999,3911602004.14205,79.18,246821.0,
French Polynesia,2000,3599845480.34359,79.536,250927.0,
French Polynesia,2001,3573808556.31268,79.685,255049.0,
French Polynesia,2002,3965405552.5203,79.711,259137.0,
French Polynesia,2003,4927780606.7707,79.703,263173.0,
French Polynesia,2004,5564109981.9138,79.696,267132.0,
French Polynesia,2005,5705052134.54253,79.736,271060.0,
French Polynesia,2006,5877997979.62266,79.842,274901.0,
French Polynesia,2007,6631156405.59637,80.02,278178.0,
French Polynesia,2008,7136741421.95908,80.301,280558.0,
French Polynesia,2009,6584557973.9375,80.665,282283.0,
French Polynesia,2010,6086644798.55982,81.039,283788.0,
French Polynesia,2011,6203940036.91982,81.429,285265.0,
French Polynesia,2012,5692858099.00217,81.759,286584.0,
French Polynesia,2013,6031827122.60663,82.017,288032.0,
French Polynesia,2014,6151996560.84289,82.214,289873.0,
French Polynesia,2015,5325846361.81186,82.354,291787.0,
French Polynesia,2016,5497036476.8031,82.488,293541.0,
French Polynesia,2017,5833352692.7995,82.618,295450.0,
French Polynesia,2018,6135116253.33452,82.783,297606.0,
French Polynesia,2019,6022276196.13871,82.996,299717.0,
French Polynesia,2020,5792545870.80614,82.217,301920.0,
French Polynesia,2021,6150640646.38319,79.486,304032.0,
French Polynesia,2022,5814661208.90544,,306279.0,
French Polynesia,2023,,,,
Gabon,1990,5952293764.84777,60.311,983028.0,4099.12
Gabon,1991,5402919784.57004,60.397,1009995.0,4556.56
Gabon,1992,5592390827.39854,60.545,1037446.0,4531.88
Gabon,1993,4378645081.01769,60.718,1065390.0,4654.94
Gabon,1994,4190819344.22255,60.701,1093611.0,4615.51
Gabon,1995,4958845648.04778,60.704,1121964.0,5211.04
Gabon,1996,5694040002.89863,60.612,1150601.0,5806.06
Gabon,1997,5326817114.53586,60.662,1179806.0,5564.93
Gabon,1998,4483417309.83011,60.79,1209832.0,6389.29
Gabon,1999,4662992036.2073,60.849,1240764.0,6027.89
Gabon,2000,5080483628.53013,61.069,1272935.0,6080.0
Gabon,2001,5023265413.2623,61.27,1306590.0,6225.75
Gabon,2002,5335451099.88223,61.292,1341696.0,5955.4
Gabon,2003,6511903365.47554,61.671,1378398.0,6436.4
Gabon,2004,7770219008.21293,61.838,1417110.0,6091.1
Gabon,2005,9582783990.85345,61.959,1458353.0,6058.3
Gabon,2006,10327598306.4575,62.375,1502534.0,5437.1
Gabon,2007,12455409587.3371,62.618,1549774.0,4941.11
Gabon,2008,15571348344.3379,63.083,1599978.0,5272.57
Gabon,2009,12113699068.2517,63.303,1653542.0,5207.58
Gabon,2010,14372593020.2885,63.898,1711105.0,5762.09
Gabon,2011,18210307743.5816,64.045,1772500.0,5777.14
Gabon,2012,17170464016.0593,64.587,1836705.0,5601.97
Gabon,2013,17595744798.3398,64.776,1902226.0,5790.27
Gabon,2014,18203966895.8433,64.974,1966855.0,5962.05
Gabon,2015,14383107762.6952,65.46,2028517.0,6115.8
Gabon,2016,14023890265.3665,65.802,2086206.0,6383.7
Gabon,2017,14929487485.1623,66.189,2140215.0,5344.7
Gabon,2018,16867326401.9626,66.306,2192012.0,5120.4
Gabon,2019,16874405465.391,66.603,2242785.0,5274.5
Gabon,2020,15314577154.8076,66.531,2292573.0,5349.2
Gabon,2021,20217946922.4528,65.821,2341179.0,
Gabon,2022,21071739224.8918,,2388992.0,
Gabon,2023,,,,
"Gambia, The",1990,317083695.477797,51.319,1040616.0,194.5
"Gambia, The",1991,690311080.515018,52.127,1083536.0,198.1
"Gambia, The",1992,714254256.122189,52.941,1127152.0,198.1
"Gambia, The",1993,755040974.087322,53.748,1168309.0,207.2
"Gambia, The",1994,746493951.900959,54.721,1205882.0,207.2
"Gambia, The",1995,785999864.840299,55.464,1242155.0,216.9
"Gambia, The",1996,848239446.21576,56.009,1279070.0,219.9
"Gambia, The",1997,803633342.473706,56.06,1317002.0,229.3
"Gambia, The",1998,840285264.631545,56.554,1356189.0,244.9
"Gambia, The",1999,814724032.065735,56.816,1396499.0,259.9
"Gambia, The",2000,782913871.80966,56.942,1437539.0,244.8
"Gambia, The",2001,687410645.063943,57.043,1479449.0,308.6
"Gambia, The",2002,578235309.327198,57.08,1522223.0,296.2
"Gambia, The",2003,487038685.045496,57.586,1566257.0,296.2
"Gambia, The",2004,961900651.423441,58.088,1612225.0,314.6
"Gambia, The",2005,1027701067.55688,58.394,1660368.0,329.5
"Gambia, The",2006,1054112487.74083,59.06,1711294.0,357.2
"Gambia, The",2007,1279703047.0221,59.394,1764883.0,409.0
"Gambia, The",2008,1561766955.73024,60.082,1820542.0,427.7
"Gambia, The",2009,1450142508.57808,60.427,1878119.0,484.9
"Gambia, The",2010,1543294926.87301,60.717,1937275.0,434.2
"Gambia, The",2011,1409693596.93594,61.526,1998212.0,446.9
"Gambia, The",2012,1415004738.26621,62.096,2061014.0,452.9
"Gambia, The",2013,1375609453.43746,62.114,2124869.0,430.6
"Gambia, The",2014,1229461721.40861,62.269,2189019.0,506.8
"Gambia, The",2015,1378176608.93204,62.494,2253133.0,585.9
"Gambia, The",2016,1484578885.97132,63.013,2317206.0,593.2
"Gambia, The",2017,1504909462.69521,62.995,2381182.0,602.3
"Gambia, The",2018,1670671327.81651,63.04,2444916.0,597.8
"Gambia, The",2019,1813609692.49994,63.755,2508883.0,606.9
"Gambia, The",2020,1812170891.19069,62.612,2573995.0,611.4
"Gambia, The",2021,2038414968.60683,62.083,2639916.0,
"Gambia, The",2022,2187194563.48605,,2705992.0,
"Gambia, The",2023,,,,
Georgia,1990,7500000000.0,68.389,4802000.0,33488.3
Georgia,1991,6400000000.0,68.245,4835900.0,25505.9
Georgia,1992,3730000000.0,67.783,4873500.0,20072.9
Georgia,1993,2701301482.70181,67.656,4911100.0,16093.7
Georgia,1994,2514070771.80273,68.554,4836076.0,10443.86
Georgia,1995,2693768412.89179,68.851,4657722.0,8177.32
Georgia,1996,3095047603.8083,68.974,4491699.0,6363.3
Georgia,1997,3510520231.21387,69.059,4349913.0,5518.89
Georgia,1998,3613497316.55319,69.102,4243607.0,4990.37
Georgia,1999,2800025882.71672,69.319,4157192.0,4522.2
Georgia,2000,3057475335.18846,69.575,4077131.0,4772.8
Georgia,2001,3219462262.0075,69.606,4014373.0,3516.2
Georgia,2002,3395766677.67315,70.024,3978515.0,2958.4
Georgia,2003,3991377904.13162,70.333,3951736.0,3157.2
Georgia,2004,5125365191.98664,70.567,3927340.0,3373.1
Georgia,2005,6410912049.87105,71.13,3902469.0,4243.1
Georgia,2006,7745250733.95067,71.394,3880347.0,4701.3
Georgia,2007,10172931088.5655,71.568,3860158.0,5626.6
Georgia,2008,12795145130.9103,71.332,3848449.0,4838.8
Georgia,2009,10766920065.8251,71.95,3814419.0,5624.3
Georgia,2010,12243217070.5734,72.128,3786695.0,5322.1
Georgia,2011,15107486236.2474,72.39,3756441.0,6521.8
Georgia,2012,16488822461.4203,72.412,3728874.0,7193.0
Georgia,2013,17190068235.7892,72.628,3717668.0,8024.0
Georgia,2014,17627332900.2581,73.099,3719414.0,8654.0
Georgia,2015,14953673796.1929,73.297,3725276.0,9399.4
Georgia,2016,15141598622.5692,73.569,3727505.0,9813.6
Georgia,2017,16242645072.2881,73.57,3728004.0,9907.1
Georgia,2018,17596922469.9152,73.341,3726549.0,9725.2
Georgia,2019,17470436258.5131,73.47,3720161.0,10549.6
Georgia,2020,15842922532.7202,72.765,3722716.0,10255.0
Georgia,2021,18629365612.096,71.694,3708610.0,
Georgia,2022,24780791063.7131,,3712502.0,
Georgia,2023,,,,
Germany,1990,1771671206875.68,75.0856341463415,79433029.0,955307.7
Germany,1991,1868945197407.19,75.319512195122,80013896.0,932548.1
Germany,1992,2131571696931.75,75.819512195122,80624598.0,892817.4
Germany,1993,2071323790370.28,75.8707317073171,81156363.0,887057.0
Germany,1994,2205074123177.05,76.2707317073171,81438348.0,875897.1
Germany,1995,2585792275146.72,76.4219512195122,81678051.0,874659.4
Germany,1996,2497244606186.64,76.6731707317073,81914831.0,904337.4
Germany,1997,2211989623279.95,77.0731707317073,82034771.0,872646.5
Germany,1998,2238990774702.68,77.4756097560976,82047195.0,865253.7
Germany,1999,2194945278872.59,77.7268292682927,82100243.0,833594.9
Germany,2000,1947981991011.77,77.9268292682927,82211508.0,830284.1
Germany,2001,1945790973803.15,78.3292682926829,82349925.0,847678.2
Germany,2002,2078484517474.51,78.2292682926829,82488495.0,833382.2
Germany,2003,2501640388482.35,78.3804878048781,82534176.0,836794.5
Germany,2004,2814353869359.08,78.6804878048781,82516260.0,821073.6
Germany,2005,2846864211175.1,78.9317073170732,82469422.0,802383.2
Germany,2006,2994703642023.53,79.1317073170732,82376451.0,814413.1
Germany,2007,3425578382921.58,79.5341463414634,82266372.0,783803.0
Germany,2008,3745264093617.19,79.7365853658537,82110097.0,789690.4
Germany,2009,3411261212652.34,79.8365853658537,81902307.0,734805.5
Germany,2010,3399667820000.01,79.9878048780488,81776930.0,773069.1
Germany,2011,3749314991050.59,80.4365853658537,80274983.0,746477.3
Germany,2012,3527143188785.16,80.5390243902439,80425823.0,760127.7
Germany,2013,3733804649549.03,80.490243902439,80645605.0,776151.8
Germany,2014,3889093051023.52,81.090243902439,80982500.0,736011.7
Germany,2015,3357585719351.56,80.6414634146341,81686611.0,742314.4
Germany,2016,3469853463945.53,80.990243902439,82348669.0,747147.2
Germany,2017,3690849152517.65,80.9926829268293,82657002.0,732204.2
Germany,2018,3974443355019.6,80.8926829268293,82905782.0,707770.2
Germany,2019,3889177589254.9,81.2926829268293,83092962.0,658693.5
Germany,2020,3887727161914.41,81.0414634146342,83160871.0,603350.5
Germany,2021,4278503934689.85,80.9009756097561,83196078.0,
Germany,2022,4082469490797.68,,83797985.0,
Germany,2023,,,,
Ghana,1990,5889106573.46088,55.62,15446982.0,2516.9
Ghana,1991,6603185267.79643,56.012,15843471.0,2257.2
Ghana,1992,6416103925.83267,56.231,16241548.0,2657.6
Ghana,1993,5968922939.37198,56.416,16643633.0,2696.5
Ghana,1994,5446383726.77047,56.112,17040854.0,2914.6
Ghana,1995,6464382807.67884,56.565,17438874.0,3184.4
Ghana,1996,6932991739.37767,56.82,17844010.0,3483.3
Ghana,1997,6891443192.24985,57.199,18268040.0,3604.6
Ghana,1998,7482069162.42008,57.6,18714708.0,5438.7
Ghana,1999,7718109982.26093,58.03,19176791.0,5818.9
Ghana,2000,4982850662.20851,58.195,19665502.0,4949.5
Ghana,2001,5314872854.4405,58.107,20195577.0,5444.5
Ghana,2002,6166197847.85031,58.608,20758326.0,6669.7
Ghana,2003,7632723555.66221,59.111,21329514.0,6381.0
Ghana,2004,8881417906.71432,59.191,21906444.0,5924.8
Ghana,2005,10744568381.4456,59.76,22496951.0,6331.1
Ghana,2006,20885037596.6963,59.988,23098586.0,7798.5
Ghana,2007,24827339138.4906,60.224,23708320.0,8418.5
Ghana,2008,28679383241.0729,60.49,24326087.0,7966.9
Ghana,2009,26048720005.5233,60.946,24950762.0,9320.3
Ghana,2010,32197655566.5347,61.157,25574719.0,10382.6
Ghana,2011,39336668080.559,61.652,26205941.0,10803.1
Ghana,2012,41271701060.954,62.081,26858762.0,12876.5
Ghana,2013,62824629066.0408,62.42,27525597.0,13899.7
Ghana,2014,54783320576.8882,63.045,28196358.0,13366.7
Ghana,2015,49406009811.9819,63.175,28870939.0,14320.7
Ghana,2016,56164928691.0359,63.89,29554303.0,14545.3
Ghana,2017,60405920071.5652,64.013,30222262.0,15135.0
Ghana,2018,67298913752.0241,64.122,30870641.0,16774.9
Ghana,2019,68337974418.3315,64.74,31522290.0,18039.1
Ghana,2020,70043095503.6675,64.114,32180401.0,19401.16
Ghana,2021,79524421861.2743,63.795,32833031.0,
Ghana,2022,73766052451.5256,,33475870.0,
Ghana,2023,,,,
Gibraltar,1990,,77.072,27317.0,
Gibraltar,1991,,76.994,26988.0,
Gibraltar,1992,,75.559,26945.0,
Gibraltar,1993,,78.52,27118.0,
Gibraltar,1994,,79.164,27282.0,
Gibraltar,1995,,76.556,27412.0,
Gibraltar,1996,,77.65,27491.0,
Gibraltar,1997,,80.343,27564.0,
Gibraltar,1998,,80.663,27636.0,
Gibraltar,1999,,81.533,27695.0,
Gibraltar,2000,,81.37,27741.0,
Gibraltar,2001,,81.087,27721.0,
Gibraltar,2002,,80.26,27892.0,
Gibraltar,2003,,79.694,28301.0,
Gibraltar,2004,,80.948,28716.0,
Gibraltar,2005,,81.442,29155.0,
Gibraltar,2006,,80.393,29587.0,
Gibraltar,2007,,78.514,29996.0,
Gibraltar,2008,,80.13,30398.0,
Gibraltar,2009,,81.243,30819.0,
Gibraltar,2010,,80.958,31262.0,
Gibraltar,2011,,81.871,31701.0,
Gibraltar,2012,,83.366,32160.0,
Gibraltar,2013,,80.55,32411.0,
Gibraltar,2014,,81.882,32452.0,
Gibraltar,2015,,80.427,32520.0,
Gibraltar,2016,,81.702,32565.0,
Gibraltar,2017,,81.83,32602.0,
Gibraltar,2018,,82.154,32648.0,
Gibraltar,2019,,82.363,32685.0,
Gibraltar,2020,,82.198,32709.0,
Gibraltar,2021,,79.329,32669.0,
Gibraltar,2022,,,32649.0,
Gibraltar,2023,,,,
Greece,1990,97891092003.4394,76.9390243902439,10196792.0,75619.4
Greece,1991,105143232379.884,77.1365853658537,10319927.0,75818.0
Greece,1992,116224672863.783,77.3829268292683,10399061.0,78176.9
Greece,1993,108809059155.767,77.390243902439,10460415.0,78090.9
Greece,1994,116601801966.292,77.6390243902439,10512922.0,79730.8
Greece,1995,136878365936.167,77.5853658536585,10562153.0,82834.5
Greece,1996,145861612400.906,77.6853658536585,10608800.0,82753.7
Greece,1997,143157600149.757,78.1365853658537,10661259.0,83761.7
Greece,1998,144428172489.335,77.8390243902439,10720509.0,87127.2
Greece,1999,142588875293.749,77.9878048780488,10761698.0,87395.5
Greece,2000,130457756628.436,77.8878048780488,10805808.0,94460.6
Greece,2001,136309295225.34,78.3878048780488,10862132.0,96607.8
Greece,2002,154564203586.954,78.6414634146341,10902022.0,96596.2
Greece,2003,202370140236.265,78.8414634146341,10928070.0,100216.6
Greece,2004,240963562236.127,79.0390243902439,10955141.0,99844.6
Greece,2005,247875422204.414,79.2390243902439,10987314.0,101947.3
Greece,2006,273546728473.073,79.4390243902439,11020362.0,100702.8
Greece,2007,318902829550.733,79.4390243902439,11048473.0,104309.9
Greece,2008,355908689477.445,79.9390243902439,11077841.0,100405.6
Greece,2009,331308500253.274,80.1878048780488,11107017.0,94740.2
Greece,2010,297124961971.501,80.3878048780488,11121341.0,87578.5
Greece,2011,282995942006.557,80.7317073170732,11104899.0,84547.2
Greece,2012,242029307133.408,80.6341463414634,11045011.0,80085.3
Greece,2013,238907690051.13,81.2853658536585,10965211.0,72484.2
Greece,2014,235458133124.608,81.3853658536585,10892413.0,69548.7
Greece,2015,195683527003.375,81.0365853658537,10820883.0,68010.2
Greece,2016,193148146586.933,81.3878048780488,10775971.0,66848.6
Greece,2017,199844406013.531,81.2878048780488,10754679.0,66795.5
Greece,2018,212049447242.111,81.7878048780488,10732882.0,65021.2
Greece,2019,205252760889.364,81.6390243902439,10721582.0,59990.3
Greece,2020,188480337285.605,81.2878048780488,10698599.0,51002.2
Greece,2021,214667807441.202,80.1829268292683,10569207.0,
Greece,2022,217581324512.059,,10426919.0,
Greece,2023,,,,
Greenland,1990,1018977280.32928,65.0682926829268,55600.0,
Greenland,1991,1016500069.25708,65.0317073170732,55500.0,
Greenland,1992,1037916162.54976,65.1960975609756,55300.0,
Greenland,1993,927214151.76793,65.5853658536585,55200.0,
Greenland,1994,1005887539.32049,65.9009756097561,55500.0,
Greenland,1995,1208953287.06598,65.6441463414634,55800.0,
Greenland,1996,1197515569.08202,65.7673170731707,55900.0,
Greenland,1997,1072154433.84538,65.7980487804878,56000.0,
Greenland,1998,1149858069.75766,66.1570731707317,56100.0,
Greenland,1999,1131555107.04907,66.4887804878049,56100.0,
Greenland,2000,1068025016.00862,66.1007317073171,56200.0,
Greenland,2001,1086170703.9816,66.7348780487805,56350.0,
Greenland,2002,1169136716.03557,67.1529268292683,56609.0,
Greenland,2003,1558759823.08169,68.0224390243903,56765.0,
Greenland,2004,1822499769.23938,68.6439024390244,56911.0,
Greenland,2005,1849802648.36391,68.4224390243902,56935.0,
Greenland,2006,2013106929.50031,68.6165853658537,56774.0,
Greenland,2007,2249811295.6608,69.3229268292683,56555.0,
Greenland,2008,2499092314.41875,70.0151219512195,56328.0,
Greenland,2009,2529963903.22685,70.5280487804878,56323.0,
Greenland,2010,2503167187.49305,70.2919512195122,56905.0,
Greenland,2011,2684461375.46585,69.8248780487805,56890.0,
Greenland,2012,2609678486.36749,70.55,56810.0,
Greenland,2013,2684946990.12448,71.5734146341464,56483.0,
Greenland,2014,2842065708.35962,71.9856097560976,56295.0,
Greenland,2015,2499113022.81675,71.9773170731707,56114.0,
Greenland,2016,2707139544.46695,71.8251219512195,56186.0,
Greenland,2017,2851613679.03433,71.6412195121951,56172.0,
Greenland,2018,3055782146.15957,71.8865853658537,56023.0,
Greenland,2019,2997309971.87623,72.0436585365854,56225.0,
Greenland,2020,3082884653.2456,71.6368292682927,56367.0,
Greenland,2021,3235809504.29871,71.1475609756098,56653.0,
Greenland,2022,,,56661.0,
Greenland,2023,,,,
Grenada,1990,278098762.962963,70.683,99047.0,114.9
Grenada,1991,300757888.888889,70.974,99758.0,121.8
Grenada,1992,310160444.444444,71.291,101040.0,125.5
Grenada,1993,309812185.185185,71.576,102173.0,129.3
Grenada,1994,325111814.814815,71.786,103174.0,138.9
Grenada,1995,342172518.518519,72.109,104060.0,149.4
Grenada,1996,366911444.444444,72.331,104846.0,173.0
Grenada,1997,392190592.592593,72.568,105549.0,183.2
Grenada,1998,445903592.592593,72.805,106200.0,198.0
Grenada,1999,482009370.37037,72.903,106823.0,205.2
Grenada,2000,520044370.37037,72.783,107432.0,198.6
Grenada,2001,520444185.185185,73.118,107936.0,207.2
Grenada,2002,540336925.925926,73.167,108231.0,210.5
Grenada,2003,591018407.407407,73.188,108740.0,223.2
Grenada,2004,599118592.592593,71.788,109516.0,216.8
Grenada,2005,695555555.555555,73.521,110254.0,228.0
Grenada,2006,698700666.666667,73.7,110988.0,235.9
Grenada,2007,758683592.592593,74.317,111725.0,250.8
Grenada,2008,825976037.037037,74.656,112478.0,261.5
Grenada,2009,771275555.555555,75.036,113249.0,262.4
Grenada,2010,771014814.814815,74.999,114039.0,273.6
Grenada,2011,778655555.555555,75.295,114918.0,260.3
Grenada,2012,799881481.481481,75.042,115912.0,278.6
Grenada,2013,842618518.518518,75.116,116945.0,317.1
Grenada,2014,911496296.296296,74.985,117972.0,253.5
Grenada,2015,997007407.407407,75.013,118980.0,272.6
Grenada,2016,1061640740.74074,74.762,119966.0,277.4
Grenada,2017,1125685185.18519,74.765,120921.0,287.5
Grenada,2018,1166514814.81481,74.808,121838.0,320.3
Grenada,2019,1213485185.18519,74.863,122724.0,346.2
Grenada,2020,1043411111.11111,74.924,123663.0,324.5
Grenada,2021,1122800000.0,74.936,124610.0,
Grenada,2022,1215379155.67282,,125438.0,
Grenada,2023,,,,
Guam,1990,,72.473,138263.0,
Guam,1991,,72.497,140739.0,
Guam,1992,,72.718,143173.0,
Guam,1993,,72.952,145541.0,
Guam,1994,,73.058,147843.0,
Guam,1995,,73.29,150094.0,
Guam,1996,,73.092,152261.0,
Guam,1997,,73.349,154330.0,
Guam,1998,,73.632,156357.0,
Guam,1999,,74.066,158395.0,
Guam,2000,,74.417,160188.0,
Guam,2001,,75.41,161524.0,
Guam,2002,3394000000.0,75.793,162563.0,
Guam,2003,3569000000.0,76.504,163385.0,
Guam,2004,3869000000.0,76.923,164004.0,
Guam,2005,4213000000.0,77.182,164430.0,
Guam,2006,4238000000.0,77.136,164675.0,
Guam,2007,4397000000.0,77.098,164763.0,
Guam,2008,4658000000.0,77.185,164725.0,
Guam,2009,4828000000.0,77.094,164580.0,
Guam,2010,4949000000.0,76.879,164905.0,
Guam,2011,4984000000.0,76.872,165649.0,
Guam,2012,5265000000.0,76.707,166392.0,
Guam,2013,5399000000.0,76.72,167054.0,
Guam,2014,5610000000.0,76.749,167543.0,
Guam,2015,5799000000.0,76.616,167978.0,
Guam,2016,5901000000.0,76.877,168346.0,
Guam,2017,6013000000.0,77.155,168606.0,
Guam,2018,6056000000.0,77.439,168678.0,
Guam,2019,6366000000.0,77.717,168624.0,
Guam,2020,5886000000.0,76.612,169231.0,
Guam,2021,6123000000.0,76.656,170534.0,
Guam,2022,,,171774.0,
Guam,2023,,,,
Guatemala,1990,7650196845.21546,62.473,9050115.0,3932.0
Guatemala,1991,9406135143.41165,62.725,9296814.0,4034.7
Guatemala,1992,10440781587.5435,62.913,9544055.0,4834.9
Guatemala,1993,11400017301.4587,63.349,9790619.0,5118.0
Guatemala,1994,12983233310.7467,63.726,10037522.0,5445.4
Guatemala,1995,14655404433.2771,64.195,10286786.0,6369.1
Guatemala,1996,15674835615.3139,64.863,10536942.0,6202.0
Guatemala,1997,17790026221.6139,65.536,10788362.0,6566.3
Guatemala,1998,19395491992.9939,66.114,11046215.0,8305.3
Guatemala,1999,18318412251.3642,66.869,11311078.0,8218.5
Guatemala,2000,19288929030.0508,67.446,11589761.0,9443.3
Guatemala,2001,18405220247.4412,67.946,11871565.0,9840.0
Guatemala,2002,20444205991.025,68.386,12147518.0,10494.3
Guatemala,2003,21576351798.9145,68.797,12415334.0,10568.6
Guatemala,2004,23577298094.6571,69.165,12682108.0,10780.4
Guatemala,2005,26783389293.922,69.168,12948292.0,11557.6
Guatemala,2006,29744246827.1839,69.812,13213330.0,11550.1
Guatemala,2007,33567850824.1039,70.1,13477017.0,12442.2
Guatemala,2008,38503720224.3166,70.356,13739299.0,11272.3
Guatemala,2009,37126148264.6383,70.641,14000190.0,11884.4
Guatemala,2010,40676578423.4871,70.878,14259687.0,11477.6
Guatemala,2011,46876006272.2387,71.177,14521515.0,11774.9
Guatemala,2012,49593929487.1263,71.463,14781942.0,12183.7
Guatemala,2013,52996446269.442,71.728,15043981.0,13046.3
Guatemala,2014,57852153058.502,71.964,15306316.0,13998.5
Guatemala,2015,62186064718.7424,72.103,15567419.0,16455.9
Guatemala,2016,66053403469.0024,72.355,15827690.0,17451.9
Guatemala,2017,71653754066.2763,72.551,16087418.0,16530.1
Guatemala,2018,73328365862.4329,72.726,16346950.0,18075.7
Guatemala,2019,77172317258.6478,73.129,16604026.0,19017.8
Guatemala,2020,77715183063.2054,71.797,16858333.0,16865.2
Guatemala,2021,86053083476.0294,69.237,17109746.0,
Guatemala,2022,95003330315.8754,,17357886.0,
Guatemala,2023,,,,
Guinea,1990,2666750819.15337,47.004,6354145.0,999.1
Guinea,1991,3015058206.91718,47.546,6615734.0,1024.9
Guinea,1992,3284620423.06095,48.363,6832195.0,1055.3
Guinea,1993,3279096492.96264,48.962,7046097.0,1085.2
Guinea,1994,3383092768.69818,49.171,7262112.0,1121.9
Guinea,1995,3693710532.91191,49.866,7468347.0,1161.5
Guinea,1996,3868968367.42785,50.544,7683115.0,1230.4
Guinea,1997,3783700461.64359,51.356,7842806.0,1289.9
Guinea,1998,3588375621.82568,52.049,7992545.0,1362.6
Guinea,1999,3461282460.79752,52.356,8174897.0,1433.9
Guinea,2000,2995361111.48224,52.479,8336967.0,1494.9
Guinea,2001,2829435908.64657,52.662,8445717.0,1568.5
Guinea,2002,2950198723.60858,53.278,8577790.0,1630.5
Guinea,2003,3446441784.82252,53.678,8772254.0,1707.9
Guinea,2004,3635458213.65962,54.117,8961039.0,1772.9
Guinea,2005,2937071740.68756,54.632,9140114.0,1835.6
Guinea,2006,4220019242.72882,55.108,9330625.0,1901.4
Guinea,2007,6281917649.94033,55.553,9547082.0,1978.5
Guinea,2008,6964179187.85579,56.044,9779785.0,2012.8
Guinea,2009,6716904516.97953,56.348,10021323.0,2124.1
Guinea,2010,6853467832.49407,56.72,10270728.0,2502.8
Guinea,2011,6785137215.55736,57.019,10527712.0,2621.7
Guinea,2012,7638045226.04416,57.406,10788692.0,2468.8
Guinea,2013,8376613880.84932,57.791,11055430.0,2160.0
Guinea,2014,8778473643.31852,57.886,11333365.0,2225.7
Guinea,2015,8794202394.29076,58.134,11625998.0,2522.3
Guinea,2016,8595955600.36601,58.763,11930985.0,2806.5
Guinea,2017,10324668271.1032,59.109,12240789.0,3321.6
Guinea,2018,11857030367.2441,59.349,12554864.0,3735.0
Guinea,2019,13442861496.4128,59.72,12877539.0,4517.0
Guinea,2020,14177835841.3923,59.327,13205153.0,4537.9
Guinea,2021,16091817842.1318,58.892,13531906.0,
Guinea,2022,20999229260.4955,,13859341.0,
Guinea,2023,,,,
Guinea-Bissau,1990,243961995.512687,47.084,973551.0,171.9
Guinea-Bissau,1991,257150374.069711,47.465,993856.0,173.1
Guinea-Bissau,1992,226313443.749086,47.92,1022904.0,177.6
Guinea-Bissau,1993,236880821.656388,48.228,1056761.0,185.2
Guinea-Bissau,1994,235620043.500927,48.156,1089617.0,183.6
Guinea-Bissau,1995,253966922.278198,48.952,1117222.0,185.0
Guinea-Bissau,1996,270419779.418107,49.065,1140604.0,177.0
Guinea-Bissau,1997,268551010.941186,47.997,1162443.0,197.3
Guinea-Bissau,1998,206457553.397101,47.716,1184071.0,172.4
Guinea-Bissau,1999,224446663.800548,48.006,1206474.0,191.6
Guinea-Bissau,2000,371095522.049969,50.121,1230849.0,147.0
Guinea-Bissau,2001,392621389.507734,50.445,1257380.0,148.2
Guinea-Bissau,2002,417806651.117672,50.986,1285678.0,153.6
Guinea-Bissau,2003,477458577.163666,51.405,1315653.0,195.1
Guinea-Bissau,2004,532062894.803123,52.15,1347009.0,205.4
Guinea-Bissau,2005,587029096.028696,52.249,1379713.0,209.5
Guinea-Bissau,2006,592365659.818537,53.371,1414091.0,216.7
Guinea-Bissau,2007,696910784.011006,54.155,1450572.0,229.9
Guinea-Bissau,2008,868154627.875233,54.646,1488431.0,223.6
Guinea-Bissau,2009,830126428.788601,55.541,1527196.0,234.6
Guinea-Bissau,2010,849878489.118426,56.23,1567220.0,241.0
Guinea-Bissau,2011,1099818591.95479,56.967,1609017.0,243.5
Guinea-Bissau,2012,989271155.135142,57.69,1652717.0,246.0
Guinea-Bissau,2013,1046087367.45447,58.232,1697753.0,247.4
Guinea-Bissau,2014,1054915581.35773,58.61,1743309.0,263.6
Guinea-Bissau,2015,1048229633.00189,59.128,1788919.0,281.9
Guinea-Bissau,2016,1179004911.26676,59.674,1834552.0,305.0
Guinea-Bissau,2017,1350177012.24273,60.066,1879826.0,306.6
Guinea-Bissau,2018,1504630233.68158,60.502,1924955.0,317.8
Guinea-Bissau,2019,1439638410.99683,60.882,1970457.0,325.3
Guinea-Bissau,2020,1431758231.68522,59.999,2015828.0,329.0
Guinea-Bissau,2021,1638517606.89496,59.652,2060721.0,
Guinea-Bissau,2022,1633559092.08861,,2105566.0,
Guinea-Bissau,2023,,,,
Guyana,1990,396582263.291139,62.415,747116.0,1171.9
Guyana,1991,348533094.812165,62.622,744096.0,1144.2
Guyana,1992,373573141.486811,62.787,744998.0,1080.7
Guyana,1993,454101382.488479,63.152,747189.0,1087.0
Guyana,1994,540874934.201012,63.372,749546.0,1413.1
Guyana,1995,621626785.915493,63.136,751689.0,1530.6
Guyana,1996,705406001.424501,63.205,753571.0,1580.0
Guyana,1997,749138009.56454,63.356,755211.0,1722.2
Guyana,1998,717530683.169567,63.9,756697.0,1747.6
Guyana,1999,694754988.258295,64.17,758014.0,1735.8
Guyana,2000,712667896.727512,64.483,759051.0,1660.3
Guyana,2001,712167450.162898,64.788,759809.0,1643.8
Guyana,2002,726131434.715338,64.728,760323.0,1621.9
Guyana,2003,743063950.317749,64.6,760562.0,1617.8
Guyana,2004,787814379.183843,64.93,760424.0,1671.7
Guyana,2005,824880550.343965,65.132,759709.0,1481.6
Guyana,2006,2379817990.6918,65.667,758367.0,1332.8
Guyana,2007,2730971595.39574,66.254,756521.0,1605.2
Guyana,2008,3025187433.33637,66.288,754150.0,1603.7
Guyana,2009,3165663152.73351,66.563,751258.0,1627.2
Guyana,2010,3432912516.92427,66.743,747932.0,1759.3
Guyana,2011,3691384317.52178,66.982,744230.0,1831.6
Guyana,2012,4063088535.76331,67.23,743966.0,2000.8
Guyana,2013,4167800935.59876,67.473,747420.0,1975.6
Guyana,2014,4127660158.47257,67.882,751115.0,2063.3886
Guyana,2015,4279840193.7046,68.201,755031.0,2079.93
Guyana,2016,4482697336.56174,68.384,759087.0,2478.6
Guyana,2017,4748174334.14044,68.667,763252.0,2473.8
Guyana,2018,4787637005.53562,68.896,785514.0,2587.1
Guyana,2019,5173760191.84652,69.124,798753.0,2795.9
Guyana,2020,5471256594.72422,68.486,797202.0,2768.5
Guyana,2021,8041362110.31175,65.673,804567.0,
Guyana,2022,14718388489.2086,,808726.0,
Guyana,2023,,,,
Haiti,1990,3096289800.0,52.975,6925331.0,1020.42
Haiti,1991,3473562850.25798,53.391,7066055.0,1001.6
Haiti,1992,2257129873.66261,53.842,7205780.0,901.01
Haiti,1993,1878253818.03275,54.35,7345940.0,694.5
Haiti,1994,2167569095.07336,54.653,7486091.0,189.0
Haiti,1995,2813313278.81082,55.547,7627316.0,902.3
Haiti,1996,2907517543.41886,56.154,7770593.0,1058.2
Haiti,1997,3338949151.59927,56.516,7915172.0,1274.2
Haiti,1998,3723903723.63772,57.135,8060896.0,1310.0
Haiti,1999,4153725966.80203,57.961,8208941.0,1381.7
Haiti,2000,6813565983.23285,58.365,8360225.0,1473.3
Haiti,2001,6331970412.79653,58.489,8511728.0,1600.5
Haiti,2002,6205847136.95396,58.855,8661546.0,1827.2
Haiti,2003,5071947798.02544,59.507,8812245.0,1810.3
Haiti,2004,6087360734.62315,58.475,8961489.0,1666.8
Haiti,2005,7030149790.90123,60.415,9111900.0,1704.8
Haiti,2006,7638739123.63747,60.763,9266288.0,1718.8
Haiti,2007,9228637766.35319,61.103,9420826.0,2045.4
Haiti,2008,10432962724.6183,61.332,9575247.0,2029.3
Haiti,2009,11597002929.7039,61.741,9730638.0,1991.4
Haiti,2010,11859312627.1744,46.019,9842880.0,2458.2
Haiti,2011,13008746038.8867,61.623,9954312.0,2697.54
Haiti,2012,13708925402.9447,62.291,10108539.0,2415.34
Haiti,2013,14902488489.1696,62.605,10261206.0,2650.86
Haiti,2014,15146883647.3239,62.987,10412740.0,3021.14
Haiti,2015,14849629407.8872,63.237,10563757.0,3280.44
Haiti,2016,14069277532.5199,63.392,10713849.0,3364.54
Haiti,2017,15093357143.2889,63.854,10863543.0,3326.24
Haiti,2018,16403864522.0538,64.019,11012421.0,3289.74
Haiti,2019,15016090929.5125,64.255,11160438.0,3317.34
Haiti,2020,14508222518.3018,64.052,11306801.0,3209.04
Haiti,2021,20877414952.6375,63.192,11447569.0,
Haiti,2022,20253551884.6055,,11584996.0,
Haiti,2023,,,,
Heavily indebted poor countries (HIPC),1990,164021216548.024,49.2102059169223,358121820.0,59679.75
Heavily indebted poor countries (HIPC),1991,178848812133.216,49.2081967029127,367531126.0,61800.5628
Heavily indebted poor countries (HIPC),1992,133471906673.795,49.1878018441342,378502714.0,61682.293
Heavily indebted poor countries (HIPC),1993,137981322384.669,49.7959998525053,390576688.0,59177.292
Heavily indebted poor countries (HIPC),1994,116865539463.731,50.1610412329072,402287229.0,59789.644
Heavily indebted poor countries (HIPC),1995,136391947077.548,50.6678357081371,413913354.0,63207.063
Heavily indebted poor countries (HIPC),1996,148210088017.774,50.7884550000317,425839678.0,66857.095
Heavily indebted poor countries (HIPC),1997,154524113488.515,51.1365267919311,437721228.0,71473.086
Heavily indebted poor countries (HIPC),1998,163053123872.592,50.9523041530546,449883034.0,75518.595
Heavily indebted poor countries (HIPC),1999,163851765874.226,51.8352413766677,462533086.0,78133.474
Heavily indebted poor countries (HIPC),2000,177609052466.514,52.6617541209546,475127894.0,79236.603
Heavily indebted poor countries (HIPC),2001,172625858368.129,53.1310992050946,488040621.0,82995.648
Heavily indebted poor countries (HIPC),2002,186767852588.124,53.6299965169525,502494432.0,87765.76
Heavily indebted poor countries (HIPC),2003,211405013752.738,54.229668876524,517663749.0,91838.104
Heavily indebted poor countries (HIPC),2004,243337539451.888,54.740409284175,532571131.0,96808.522
Heavily indebted poor countries (HIPC),2005,279216950627.647,55.4083228176931,547936900.0,101825.947
Heavily indebted poor countries (HIPC),2006,329779224429.823,56.2336206746725,563930944.0,110324.642
Heavily indebted poor countries (HIPC),2007,395383048262.46,56.889887989301,579864063.0,118850.086
Heavily indebted poor countries (HIPC),2008,470413768080.616,57.5040701855321,596301357.0,124934.147
Heavily indebted poor countries (HIPC),2009,476559744369.175,58.2403116950517,613535903.0,133168.86
Heavily indebted poor countries (HIPC),2010,525994492647.268,58.577688567925,630953183.0,143523.907
Heavily indebted poor countries (HIPC),2011,589555494365.611,59.4752203982531,648927117.0,155242.9249
Heavily indebted poor countries (HIPC),2012,610600221849.418,60.0780176229233,667520863.0,164030.6
Heavily indebted poor countries (HIPC),2013,678796388932.862,60.6445607537013,686620331.0,172090.18
Heavily indebted poor countries (HIPC),2014,721566723616.048,61.1470730930553,706617213.0,182498.5086
Heavily indebted poor countries (HIPC),2015,700456747973.292,61.6125477293904,727129254.0,194550.88
Heavily indebted poor countries (HIPC),2016,734760223878.46,62.1619619402239,748356635.0,204997.72
Heavily indebted poor countries (HIPC),2017,813073071032.465,62.5497604688077,770390212.0,212449.09
Heavily indebted poor countries (HIPC),2018,774573998850.907,62.9475759474084,792615894.0,221875.68
Heavily indebted poor countries (HIPC),2019,802980678249.156,63.3380569471644,815100831.0,235656.82
Heavily indebted poor countries (HIPC),2020,811638956819.199,62.7617201814617,838066650.0,224996.636
Heavily indebted poor countries (HIPC),2021,901695869344.623,62.3027853999622,861156745.0,
Heavily indebted poor countries (HIPC),2022,980688371242.572,,884288332.0,
Heavily indebted poor countries (HIPC),2023,,,,
High income,1990,19038584120519.8,75.2611055114913,1027500717.0,11431204.714856
High income,1991,20141226030673.2,75.4464825170491,1035875187.0,11426219.563151
High income,1992,21667616559850.2,75.7071793438136,1044477102.0,11461159.154491
High income,1993,21845057481105.6,75.7775362260166,1052626906.0,11543226.82242
High income,1994,23425501389994.8,76.0570904681048,1060148248.0,11729499.56509
High income,1995,26014334904341.4,76.1174888329274,1067301466.0,11897952.965614
High income,1996,26238484750119.7,76.4767291184746,1074550287.0,12265568.566367
High income,1997,25790805396452.5,76.8009046269515,1081668120.0,12504640.374491
High income,1998,25887178510680.1,76.9962366355323,1088601219.0,12493836.314713
High income,1999,27193488574949.8,77.1396076359069,1095437130.0,12571708.396397
High income,2000,27763709846117.0,77.4502088963391,1102139639.0,12857970.821998
High income,2001,27490207880780.3,77.75196863211,1108870086.0,12923293.83305
High income,2002,28660779913534.8,77.9121078412331,1115681856.0,12842274.548273
High income,2003,32123363956699.7,78.0298911718154,1122515138.0,13069861.818516
High income,2004,35770309886950.3,78.4568355617226,1129571825.0,13209657.27283
High income,2005,37829846771041.5,78.5711127806716,1136981371.0,13256910.784322
High income,2006,39961525167019.7,78.8891042560346,1145510251.0,13201018.6068
High income,2007,43754245600209.2,79.1192226213356,1154791752.0,13365230.371925
High income,2008,46622467342703.6,79.2792806811776,1164409232.0,13096255.973867
High income,2009,43665289317606.3,79.5758331600873,1173066945.0,12354107.898673
High income,2010,45764260594016.4,79.7607626278268,1180459116.0,12887172.878439
High income,2011,49420915501761.6,80.0323921593513,1185474102.0,12666917.357993
High income,2012,49446936532750.0,80.1520237389253,1192042103.0,12522106.257447
High income,2013,50053500714034.2,80.3434089995538,1198818424.0,12611681.634887
High income,2014,51135722778258.5,80.5989152806484,1205686277.0,12411919.08177
High income,2015,48269197364265.6,80.4840323835436,1212444178.0,12370867.601794
High income,2016,49296300074775.0,80.6424818528005,1219354936.0,12276032.900256
High income,2017,51568259173072.6,80.6822807328723,1225544265.0,12200901.367397
High income,2018,54836830985504.0,80.7690416014898,1231508785.0,12221420.260403
High income,2019,55313082529074.3,80.9842921361628,1236709936.0,11869050.116716
High income,2020,53962245346670.1,80.0808652638566,1241718902.0,10864997.070492
High income,2021,60245547578675.2,79.9239229936161,1241268556.0,
High income,2022,61729512123777.8,,1244364814.0,
High income,2023,,,,
Honduras,1990,4923009551.55642,65.243,5053234.0,2453.7
Honduras,1991,4648668478.56753,65.752,5196887.0,2454.6
Honduras,1992,4943700431.07368,65.991,5344774.0,2734.2
Honduras,1993,4926728932.95069,66.251,5496841.0,2900.7
Honduras,1994,4642280682.14252,66.574,5652934.0,3252.1
Honduras,1995,5347445005.21376,67.139,5812832.0,3868.5
Honduras,1996,5215028986.48649,67.439,5976550.0,3904.6
Honduras,1997,5737099650.19011,67.777,6144112.0,4036.7
Honduras,1998,6366340265.87888,62.721,6308537.0,4679.0
Honduras,1999,6414520529.61672,68.422,6477365.0,4745.2
Honduras,2000,7186638029.05875,68.662,6656725.0,4987.2
Honduras,2001,7651162302.3456,69.006,6837861.0,5800.1
Honduras,2002,7858255412.86038,69.366,7019908.0,6087.8
Honduras,2003,8230391346.67228,69.507,7201881.0,6726.2
Honduras,2004,8869299234.3377,69.796,7383407.0,7557.8
Honduras,2005,9757012696.56212,70.104,7564613.0,6973.6
Honduras,2006,10917477066.1429,70.261,7745200.0,7974.5
Honduras,2007,12361257680.5627,70.376,7924462.0,8536.1
Honduras,2008,13881731875.7466,70.441,8101777.0,8587.1
Honduras,2009,14587496229.1811,70.911,8277302.0,8072.9
Honduras,2010,15839344591.9842,71.088,8450933.0,7926.8
Honduras,2011,17710275685.4074,71.439,8622504.0,9470.4
Honduras,2012,18528554397.5695,71.734,8792367.0,9985.4
Honduras,2013,18499729214.904,71.963,8960657.0,9685.0
Honduras,2014,19756533971.8698,72.259,9127846.0,9884.1
Honduras,2015,20979791685.416,72.487,9294505.0,10538.2
Honduras,2016,21717604952.1835,72.588,9460798.0,10394.7
Honduras,2017,23136247990.5977,72.692,9626842.0,9377.0
Honduras,2018,24067750760.499,72.814,9792850.0,9031.3
Honduras,2019,25089937021.5418,72.881,9958829.0,10196.4
Honduras,2020,23827859226.8834,71.462,10121763.0,8835.4
Honduras,2021,28488721680.8502,70.123,10278345.0,
Honduras,2022,31717699764.3621,,10432860.0,
Honduras,2023,,,,
"Hong Kong SAR, China",1990,76928784620.8158,77.3804878048781,5704500.0,
"Hong Kong SAR, China",1991,88959997899.9293,77.8829268292683,5752000.0,
"Hong Kong SAR, China",1992,104272507639.282,77.6780487804878,5800500.0,
"Hong Kong SAR, China",1993,120354212475.0,78.0317073170732,5901000.0,
"Hong Kong SAR, China",1994,135811771026.33,78.5292682926829,6035400.0,
"Hong Kong SAR, China",1995,144652295363.667,78.6829268292683,6156100.0,
"Hong Kong SAR, China",1996,159718183550.734,79.6268292682927,6435500.0,
"Hong Kong SAR, China",1997,177353174849.714,80.1268292682927,6489300.0,
"Hong Kong SAR, China",1998,168885443660.072,80.1317073170732,6543700.0,
"Hong Kong SAR, China",1999,165768095391.557,80.3829268292683,6606500.0,
"Hong Kong SAR, China",2000,171668891194.349,80.8780487804878,6665000.0,
"Hong Kong SAR, China",2001,169404327616.605,81.4243902439025,6714300.0,
"Hong Kong SAR, China",2002,166348866131.028,81.4268292682927,6744100.0,
"Hong Kong SAR, China",2003,161385558801.811,81.3780487804878,6730800.0,
"Hong Kong SAR, China",2004,169099768875.193,81.8292682926829,6783500.0,
"Hong Kong SAR, China",2005,181569311742.213,81.6292682926829,6813200.0,
"Hong Kong SAR, China",2006,193535442896.365,82.3756097560976,6857100.0,
"Hong Kong SAR, China",2007,211596944503.8,82.3268292682927,6916300.0,
"Hong Kong SAR, China",2008,219278749139.734,82.3756097560976,6957800.0,
"Hong Kong SAR, China",2009,214047795659.045,82.7756097560976,6972800.0,
"Hong Kong SAR, China",2010,228638668727.291,82.9780487804878,7024200.0,
"Hong Kong SAR, China",2011,248513617677.287,83.4219512195122,7071600.0,
"Hong Kong SAR, China",2012,262628865879.697,83.4804878048781,7150100.0,
"Hong Kong SAR, China",2013,275696879834.966,83.8317073170732,7178900.0,
"Hong Kong SAR, China",2014,291459995978.893,83.9804878048781,7229500.0,
"Hong Kong SAR, China",2015,309385622601.348,84.2780487804878,7291300.0,
"Hong Kong SAR, China",2016,320860317562.562,84.2268292682927,7336600.0,
"Hong Kong SAR, China",2017,341273289534.466,84.6804878048781,7393200.0,
"Hong Kong SAR, China",2018,361731070995.726,84.9341463414634,7452600.0,
"Hong Kong SAR, China",2019,363074545072.389,85.1804878048781,7507900.0,
"Hong Kong SAR, China",2020,344943149590.058,85.4975609756098,7481000.0,
"Hong Kong SAR, China",2021,368911387845.418,85.4926829268293,7413100.0,
"Hong Kong SAR, China",2022,359838583490.063,,7346100.0,
"Hong Kong SAR, China",2023,,,,
Hungary,1990,,69.3156097560976,10373988.0,67421.0
Hungary,1991,34753569692.915,69.3770731707317,10373400.0,64552.2
Hungary,1992,38730585922.2189,69.1170731707317,10369341.0,58001.9
Hungary,1993,40124916940.5945,69.1012195121951,10357523.0,58382.4
Hungary,1994,43166678735.2183,69.469756097561,10343355.0,57784.3
Hungary,1995,46425677734.1435,69.7917073170732,10328965.0,57431.3
Hungary,1996,46658755151.6017,70.3287804878049,10311238.0,58454.9
Hungary,1997,47296952928.7561,70.7024390243902,10290486.0,56990.1
Hungary,1998,48706787306.2574,70.5578048780488,10266570.0,57353.3
Hungary,1999,49073380173.7159,70.6770731707317,10237530.0,57910.5
Hungary,2000,47218405892.4258,71.2463414634146,10210971.0,54633.3
Hungary,2001,53749989092.0197,72.2487804878049,10187576.0,56280.4
Hungary,2002,67608919144.3684,72.3487804878049,10158608.0,55599.9
Hungary,2003,85285062818.0077,72.3,10129552.0,58186.9
Hungary,2004,104120820258.669,72.6487804878049,10107146.0,56349.8
Hungary,2005,113211158292.936,72.6487804878049,10087065.0,55921.2
Hungary,2006,115715618613.052,73.0975609756098,10071370.0,55457.5
Hungary,2007,140186716681.425,73.1512195121951,10055780.0,53850.4
Hungary,2008,158325614580.628,73.7024390243903,10038188.0,53014.2
Hungary,2009,131069255620.567,73.9048780487805,10022650.0,47839.1
Hungary,2010,132175349953.713,74.2073170731707,10000023.0,47880.5
Hungary,2011,141942264554.475,74.8585365853659,9971727.0,46907.3
Hungary,2012,128814279315.132,75.0634146341463,9920362.0,43427.2
Hungary,2013,135684315697.713,75.5658536585366,9893082.0,40762.6
Hungary,2014,141033843265.669,75.7634146341463,9866468.0,40625.2
Hungary,2015,125174166987.372,75.5682926829269,9843028.0,43384.1
Hungary,2016,128609822750.039,76.0634146341464,9814023.0,44248.4
Hungary,2017,143112196040.326,75.8170731707317,9787966.0,49449.8
Hungary,2018,160565642983.587,76.0658536585366,9775564.0,49202.9
Hungary,2019,164020460331.659,76.3195121951219,9771141.0,47261.8
Hungary,2020,157227094449.074,75.5682926829269,9750149.0,44769.3
Hungary,2021,182090041757.269,74.4658536585366,9709891.0,
Hungary,2022,177337436677.365,,9643048.0,
Hungary,2023,,,,
IBRD only,1990,3651722902871.0,65.1953765911626,3454425770.0,8932851.548354
IBRD only,1991,3532186083374.32,65.4747669067558,3512455528.0,9042337.602764
IBRD only,1992,3751674050194.4,65.7714639021482,3567767393.0,9027596.935912
IBRD only,1993,4178561247227.87,66.0232525026147,3621503071.0,9090520.142019
IBRD only,1994,4359648199588.92,66.2925403613243,3674720648.0,9033243.735342
IBRD only,1995,4917192704220.21,66.6316509652045,3727380975.0,9453145.487407
IBRD only,1996,5368935707824.07,66.9554172852941,3779600328.0,9542421.227776
IBRD only,1997,5694558884719.1,67.328691300914,3831608284.0,9665417.822845
IBRD only,1998,5541013125786.21,67.6934684834038,3882839036.0,9747255.073862
IBRD only,1999,5397084617176.04,67.9011062617258,3932457638.0,9737601.162755
IBRD only,2000,5873696631999.68,68.2416312578469,3980362565.0,10112500.232393
IBRD only,2001,5951097981281.82,68.6546066926548,4027427875.0,10424840.67822
IBRD only,2002,6039799127447.15,68.9875853336328,4073344085.0,10813590.109476
IBRD only,2003,6784137742762.9,69.2564792281821,4118689510.0,11713930.133348
IBRD only,2004,8080737354198.1,69.5010398216093,4164013241.0,12668614.817687
IBRD only,2005,9655876822627.41,69.9234436166427,4208938572.0,13582248.01
IBRD only,2006,11448899080449.6,70.2801342889741,4252600296.0,14512525.17
IBRD only,2007,14215804352690.4,70.5716407600286,4294824957.0,15401788.09
IBRD only,2008,17052207760183.9,70.7894320894216,4338065967.0,15864152.26
IBRD only,2009,16531766759462.7,71.1673722205584,4382047562.0,16269906.92
IBRD only,2010,20098100461405.3,71.4524215705921,4425784776.0,17493003.36
IBRD only,2011,23790827490517.8,71.7953175985338,4471184320.0,18681912.707
IBRD only,2012,25288537909920.5,72.1422299341433,4518973677.0,19248774.835
IBRD only,2013,26673612339015.9,72.4922093037563,4567977613.0,19792020.549
IBRD only,2014,27568004914940.8,72.8493885353059,4616584921.0,20038180.862
IBRD only,2015,25819766400979.8,73.1496969083597,4663653202.0,19836736.512
IBRD only,2016,26009532000369.7,73.4173751998779,4709004177.0,19913335.898
IBRD only,2017,28726091683851.0,73.6399129644708,4753252242.0,20409330.842
IBRD only,2018,30560357864180.0,73.9326481913079,4794555928.0,21214156.1175
IBRD only,2019,31223142705198.9,74.1291154022738,4832928887.0,21462940.42
IBRD only,2020,30066587396556.6,73.3793146107883,4867091692.0,20952613.307
IBRD only,2021,35660094024046.1,72.1241925502819,4895372787.0,
IBRD only,2022,37752366428370.0,,4913887020.0,
IBRD only,2023,,,,
IDA & IBRD total,1990,4035818991051.47,62.8608419733897,4319686835.0,9355846.65953501
IDA & IBRD total,1991,3947474577664.38,63.0201617944928,4400104121.0,9481601.569658
IDA & IBRD total,1992,4128966254640.91,63.3017840620266,4478741276.0,9471676.055663
IDA & IBRD total,1993,4577141433970.32,63.5298329274195,4556953494.0,9529523.03975
IDA & IBRD total,1994,4783054163518.13,63.7929026936773,4634770438.0,9461070.429872
IDA & IBRD total,1995,5429299294434.39,64.0802521499896,4712144657.0,9894124.281136
IDA & IBRD total,1996,5961126871332.43,64.3419141116123,4789545395.0,10013909.712451
IDA & IBRD total,1997,6315971522962.11,64.7078786532678,4866752668.0,10146379.119615
IDA & IBRD total,1998,6191844899227.08,65.0233359871889,4943424234.0,10245927.27943
IDA & IBRD total,1999,5898574066305.08,65.3658053582662,5019066614.0,10251558.285024
IDA & IBRD total,2000,6445789744803.73,65.7045768390257,5093905754.0,10647805.916045
IDA & IBRD total,2001,6523917271838.97,66.0848900924115,5168706338.0,10977442.979837
IDA & IBRD total,2002,6654344248634.89,66.4075070109689,5243283354.0,11368770.501733
IDA & IBRD total,2003,7471198634842.61,66.6886964998408,5317576423.0,12282835.556512
IDA & IBRD total,2004,8885336661716.19,66.925120584484,5391795246.0,13262195.66405
IDA & IBRD total,2005,10593544069650.3,67.3217373114344,5465994258.0,14195904.770225
IDA & IBRD total,2006,12565507315212.9,67.7169936346465,5539726956.0,15148734.180212
IDA & IBRD total,2007,15527372361528.0,67.9957817453245,5612590218.0,16058158.214679
IDA & IBRD total,2008,18615302047142.9,68.1794231603928,5686534868.0,16535903.892288
IDA & IBRD total,2009,18075505351641.8,68.6032804531533,5761985631.0,16934330.031108
IDA & IBRD total,2010,21881244963110.8,68.9004481242895,5838720255.0,18195832.897224
IDA & IBRD total,2011,25596991001243.9,69.2696317726522,5917716358.0,19410301.744189
IDA & IBRD total,2012,27192415324133.5,69.5858153989514,5998432110.0,19971471.635
IDA & IBRD total,2013,28739943780302.4,69.9110032811911,6079501853.0,20532522.319
IDA & IBRD total,2014,29796533207352.6,70.2364937646997,6160290229.0,20808546.9406
IDA & IBRD total,2015,27995761337463.7,70.5234705052996,6240231201.0,20620384.742
IDA & IBRD total,2016,28205801019262.2,70.8049755698199,6319805369.0,20755543.988
IDA & IBRD total,2017,31023477908142.9,71.0422905890968,6399653365.0,21305472.432
IDA & IBRD total,2018,32938136046152.3,71.321107049324,6477695468.0,22135333.6975
IDA & IBRD total,2019,33691655159953.4,71.5250955699875,6553978299.0,22406640.81
IDA & IBRD total,2020,32484256023838.5,70.8214615449699,6627317499.0,21862973.943
IDA & IBRD total,2021,38289419290322.9,69.7795281325264,6695487825.0,
IDA & IBRD total,2022,40573962163610.3,,6754029970.0,
IDA & IBRD total,2023,,,,
IDA blend,1990,146279086047.285,55.3581201665674,284421830.0,281986.53
IDA blend,1991,157325761051.649,55.2090734140957,292714523.0,298836.77
IDA blend,1992,151862384792.499,55.0201122945286,300471959.0,310019.92
IDA blend,1993,161704299771.583,54.8267211922196,308233041.0,309791.18
IDA blend,1994,179925426234.566,54.6920622109694,316476824.0,295781.73
IDA blend,1995,253248829885.236,54.453501636878,324995506.0,300168.48
IDA blend,1996,307301651328.227,54.6036739111338,333878799.0,319586.84
IDA blend,1997,322680919144.555,54.6637400559667,342814697.0,321642.433
IDA blend,1998,337878207132.533,54.9213790010906,351849692.0,330029.15
IDA blend,1999,181301356226.561,55.3547080778183,361007750.0,339086.22
IDA blend,2000,223926346786.424,55.7800007528308,370910722.0,355972.766
IDA blend,2001,223607794993.703,56.0286057591218,381142622.0,364006.3
IDA blend,2002,245790557167.044,56.3822425571284,390704440.0,358228.8
IDA blend,2003,276922900686.399,56.7018841471596,399995493.0,360578.4
IDA blend,2004,335978761902.387,57.0266398254545,409622323.0,375386.3
IDA blend,2005,397895729455.572,57.0632692744767,419337831.0,375055.23
IDA blend,2006,493902796512.371,57.8649628007402,429250772.0,385155.26
IDA blend,2007,573019713708.32,58.1120724228649,439576756.0,387040.12
IDA blend,2008,672162101824.388,58.4018996707658,450269469.0,392838.39
IDA blend,2009,626150635593.919,58.7361689858069,461410153.0,378407.16
IDA blend,2010,735134171647.773,59.078973449543,473204510.0,400194.95
IDA blend,2011,840905605485.165,59.4617650180505,484919898.0,411020.57
IDA blend,2012,934909812511.599,59.6525713647095,495868522.0,397276.85
IDA blend,2013,1017046114859.84,59.9596238215923,506443358.0,413788.91
IDA blend,2014,1104016218004.08,60.1279103643597,516900084.0,425235.4
IDA blend,2015,1047797673744.04,60.3602067828121,527175885.0,425262.9
IDA blend,2016,978035938194.536,60.5636098224754,537358412.0,451539.2
IDA blend,2017,960766047737.056,60.8771183772815,547984961.0,471480.4
IDA blend,2018,1049969368721.42,61.0773195307108,559155599.0,470381.4
IDA blend,2019,1070881784785.96,61.3315960546325,570633332.0,478944.6
IDA blend,2020,1003544540837.38,61.0062879415561,582637127.0,465301.4
IDA blend,2021,1097399972030.71,60.6802512013328,595016031.0,
IDA blend,2022,1175091814528.12,,607735968.0,
IDA blend,2023,,,,
IDA only,1990,239664058778.662,52.6505491402713,580839235.0,141008.581181
IDA only,1991,261663913756.846,52.3715299280702,594934070.0,140427.196894
IDA only,1992,226421090353.39,52.9450705257658,610501924.0,134059.199751
IDA only,1993,237758033526.855,53.4100572443775,627217382.0,129211.717731
IDA only,1994,244184968263.922,53.9956870362395,643572966.0,132044.96453
IDA only,1995,258714064134.518,54.4080900460008,659768176.0,140810.313729
IDA only,1996,284804315907.085,54.5402726439308,676066268.0,151901.644675
IDA only,1997,298505284428.643,55.1768686553326,692329687.0,159318.86377
IDA only,1998,313613696469.315,55.4100545325108,708735506.0,168643.055568
IDA only,1999,321538153870.541,56.606406481422,725601226.0,174870.902269
IDA only,2000,349607946078.908,57.06333768301,742632467.0,179332.917652
IDA only,2001,350543839419.149,57.5121871826401,760135841.0,188596.001617
IDA only,2002,370610252657.522,57.9471816023942,779234829.0,196951.592257
IDA only,2003,412110772878.779,58.4508200570714,798891420.0,208327.023164
IDA only,2004,470420842513.034,58.7708788192104,818159682.0,218194.546363
IDA only,2005,541377938385.039,59.3851053710707,837717855.0,238601.530225
IDA only,2006,624110705645.024,59.9408448104188,857875888.0,251053.750212
IDA only,2007,739402914800.052,60.3457558357221,878188505.0,269330.004679
IDA only,2008,892113844640.013,60.4753203789228,898199432.0,278913.242288
IDA only,2009,919028869274.786,61.3273574482248,918527916.0,286015.951108
IDA only,2010,1049403737086.95,61.8272835461901,939730969.0,302634.587224
IDA only,2011,965429726326.677,62.4719523598495,961612140.0,317368.467189
IDA only,2012,968834387413.899,62.8485146168041,983589911.0,325419.95
IDA only,2013,1049285326426.68,63.1940957587241,1005080882.0,326712.86
IDA only,2014,1124512074407.7,63.5775127520473,1026805224.0,345130.6786
IDA only,2015,1126635418058.47,63.9578892057894,1049402114.0,358385.33
IDA only,2016,1216619446909.72,64.471642932639,1073442780.0,390668.89
IDA only,2017,1336045725103.54,64.872728648715,1098416162.0,424661.19
IDA only,2018,1327821959516.08,65.277193059858,1123983941.0,450796.18
IDA only,2019,1397275344254.42,65.6417933972898,1150416080.0,464755.79
IDA only,2020,1413399718729.76,65.1059048304073,1177588680.0,445059.236
IDA only,2021,1533308141483.89,64.7477851426933,1205099007.0,
IDA only,2022,1647744371553.08,,1232406982.0,
IDA only,2023,,,,
IDA total,1990,384692691432.245,53.5405606492881,865261065.0,422995.111181
IDA total,1991,417465134693.705,53.3072495298966,887648593.0,439263.966894
IDA total,1992,377852524737.54,53.6294939509618,910973883.0,444079.119751
IDA total,1993,399076025459.369,53.8768512357876,935450423.0,439002.897731
IDA total,1994,424030668562.696,54.2252445090982,960049790.0,427826.69453
IDA total,1995,513311732244.9,54.4230769542562,984763682.0,440978.793729
IDA total,1996,594243503316.733,54.5612325353551,1009945067.0,471488.484675
IDA total,1997,623440212234.679,55.006932916867,1035144384.0,480961.29677
IDA total,1998,653834021707.924,55.2479361703629,1060585198.0,498672.205568
IDA total,1999,501461374257.408,56.1905505163563,1086608976.0,513957.122269
IDA total,2000,572649240694.815,56.6358702690433,1113543189.0,535305.683652
IDA total,2001,573243742622.015,57.0167286840859,1141278463.0,552602.301617
IDA total,2002,615648870425.845,57.4245658995831,1169939269.0,555180.392257
IDA total,2003,688254226050.527,57.867306738238,1198886913.0,568905.423164
IDA total,2004,805822065245.776,58.1889520393913,1227782005.0,593580.846363
IDA total,2005,938785562650.242,58.6105703019192,1257055686.0,613656.760225
IDA total,2006,1118003774780.22,59.2485477871908,1287126660.0,636209.010212
IDA total,2007,1312220682230.47,59.6006494517446,1317765261.0,656370.124679
IDA total,2008,1563730603373.67,59.7829810594301,1348468901.0,671751.632288
IDA total,2009,1544429951481.55,60.4609412721985,1379938069.0,664423.111108
IDA total,2010,1783739113511.21,60.9068503403282,1412935479.0,702829.537224
IDA total,2011,1806066652279.07,61.4628494154278,1446532038.0,728389.037189
IDA total,2012,1903732425291.61,61.7773336890652,1479458433.0,722696.8
IDA total,2013,2066331441286.52,62.1103706117177,1511524240.0,740501.77
IDA total,2014,2228528292411.78,62.422434930703,1543705308.0,770366.0786
IDA total,2015,2174433091802.5,62.7548967648921,1576577999.0,783648.23
IDA total,2016,2194655385104.26,63.1679348918512,1610801192.0,842208.09
IDA total,2017,2296811772840.6,63.542837464741,1646401123.0,896141.59
IDA total,2018,2377791328237.5,63.8819535428096,1683139540.0,921177.58
IDA total,2019,2468157129040.39,64.2126988843322,1721049412.0,943700.39
IDA total,2020,2416944259567.14,63.748926085736,1760225807.0,910360.636
IDA total,2021,2630708113514.59,63.4032889018113,1800115038.0,
IDA total,2022,2822821779328.87,,1840142950.0,
IDA total,2023,,,,
Iceland,1990,6468736355.55678,78.0363414634146,254826.0,1947.46
Iceland,1991,6909730288.17061,77.9919512195122,257797.0,1913.98
Iceland,1992,7080981738.05606,78.760243902439,261057.0,1944.8
Iceland,1993,6218581531.64347,78.9346341463415,263725.0,1983.65
Iceland,1994,6389460342.78656,79.2470731707317,266021.0,2090.64
Iceland,1995,7123633418.19739,77.9843902439024,267468.0,2001.14
Iceland,1996,7426082270.67669,78.7778048780488,268916.0,2266.72
Iceland,1997,7569672925.33739,78.8853658536585,271128.0,2153.97
Iceland,1998,8503693098.62271,79.6024390243903,274047.0,2153.38
Iceland,1999,8982047589.4895,79.3512195121951,277381.0,2115.39
Iceland,2000,9025660361.75842,79.6536585365854,281205.0,2225.44
Iceland,2001,8234846804.60582,80.690243902439,284968.0,2163.29
Iceland,2002,9318395054.85934,80.5024390243903,287523.0,2243.77
Iceland,2003,11429333037.8443,80.9634146341464,289521.0,2226.41
Iceland,2004,13825302535.7699,80.9975609756098,292074.0,2309.99
Iceland,2005,16852963067.0496,81.5024390243902,296734.0,2261.25
Iceland,2006,17465318552.2941,81.1585365853659,303782.0,2311.85
Iceland,2007,21652505596.7528,81.4536585365854,311566.0,2382.97
Iceland,2008,18074622987.0185,81.609756097561,317414.0,2182.63
Iceland,2009,13154414219.207,81.7512195121951,318499.0,2108.0
Iceland,2010,13751161917.7398,81.8975609756097,318041.0,1959.124
Iceland,2011,15221622925.9319,82.3585365853659,319014.0,1888.35
Iceland,2012,14751508133.5443,82.9170731707317,320716.0,1859.9
Iceland,2013,16125060515.3117,82.0609756097561,323764.0,2031.8
Iceland,2014,17867662177.8911,82.8609756097561,327386.0,2047.5
Iceland,2015,17517210519.0912,82.4682926829268,330815.0,2057.5
Iceland,2016,20793168030.9524,82.2048780487805,335439.0,1633.0
Iceland,2017,24728285177.4603,82.6609756097561,343400.0,1671.0
Iceland,2018,26260850582.0687,82.8609756097561,352721.0,1699.3
Iceland,2019,24681343649.2952,83.1634146341463,360563.0,1638.2
Iceland,2020,21565767851.144,83.0634146341463,366463.0,1446.6
Iceland,2021,25595940169.5879,83.1170731707317,372520.0,
Iceland,2022,28064529851.3098,,382003.0,
Iceland,2023,,,,
India,1990,320979026420.035,58.652,870452165.0,563575.4
India,1991,270105341879.226,59.055,888941756.0,607224.0
India,1992,288208070278.013,59.452,907574049.0,626293.3
India,1993,279295648982.529,59.815,926351297.0,651351.1
India,1994,327275583530.004,60.216,945261958.0,685903.0
India,1995,360281909643.489,60.596,964279129.0,737856.4
India,1996,392896866204.516,60.984,983281218.0,774070.2
India,1997,415867563592.829,61.388,1002335230.0,819268.8
India,1998,421351317224.941,61.792,1021434576.0,836269.9
India,1999,458820417337.807,62.207,1040500054.0,901325.2
India,2000,468394937255.803,62.669,1059633675.0,937858.4
India,2001,485441014538.638,63.091,1078970907.0,953537.3
India,2002,514937948874.212,63.616,1098313039.0,985453.3
India,2003,607699285436.048,64.094,1117415123.0,1011770.9
India,2004,709148514815.787,64.524,1136264583.0,1085666.9
India,2005,820381595510.643,64.996,1154638713.0,1136466.4
India,2006,940259888794.351,65.412,1172373788.0,1215205.2
India,2007,1216736438842.41,65.788,1189691809.0,1336737.1
India,2008,1198895139014.62,66.149,1206734806.0,1424383.0
India,2009,1341888016984.36,66.513,1223640160.0,1564881.1
India,2010,1675615519489.35,66.909,1240613620.0,1659983.0
India,2011,1823051829900.81,67.359,1257621191.0,1756744.0
India,2012,1827637590787.19,67.887,1274487215.0,1909442.0
India,2013,1856721507681.08,68.46,1291132063.0,1972429.4
India,2014,2039126479228.11,69.074,1307246509.0,2147107.0
India,2015,2103588360066.32,69.636,1322866505.0,2158023.2
India,2016,2294796885682.55,70.117,1338636340.0,2195248.5
India,2017,2651474262735.28,70.467,1354195680.0,2308804.4
India,2018,2702929641707.38,70.71,1369003306.0,2458175.9
India,2019,2835606256616.03,70.91,1383112050.0,2423951.4
India,2020,2671595405986.86,70.15,1396387127.0,2200836.3
India,2021,3150306839142.13,67.24,1407563842.0,
India,2022,3416645826052.87,,1417173173.0,
India,2023,,,,
Indonesia,1990,106140727333.636,63.181,182159874.0,148342.9
Indonesia,1991,116621996217.133,63.537,185361228.0,162314.5
Indonesia,1992,128026966579.964,64.126,188558416.0,171415.6
Indonesia,1993,158006700301.533,64.598,191737287.0,185087.3
Indonesia,1994,176892143931.505,64.856,194928533.0,199175.8
Indonesia,1995,202132028723.115,65.237,198140162.0,223678.8
Indonesia,1996,227369679374.973,65.355,201373791.0,236717.1
Indonesia,1997,215748998609.635,65.733,204628007.0,261157.0
Indonesia,1998,95445547872.715,65.962,207855486.0,262705.1
Indonesia,1999,140001351215.462,66.221,210996910.0,279482.9
Indonesia,2000,165021012077.81,66.433,214072421.0,280635.7
Indonesia,2001,160446947784.909,66.758,217112437.0,302055.0
Indonesia,2002,195660611165.183,67.134,220115092.0,305633.0
Indonesia,2003,234772463823.808,67.413,223080121.0,333878.1
Indonesia,2004,256836875295.452,65.75,225938595.0,341235.4
Indonesia,2005,285868619196.085,67.649,228805144.0,342148.1
Indonesia,2006,364570515618.357,67.914,231797427.0,364467.0
Indonesia,2007,432216737774.861,68.189,234858289.0,379956.6
Indonesia,2008,510228634990.598,68.226,237936543.0,376137.8
Indonesia,2009,539580085616.492,68.494,240981299.0,391082.7
Indonesia,2010,755094157621.936,68.679,244016173.0,415536.6
Indonesia,2011,892969104563.171,68.823,247099697.0,475800.9
Indonesia,2012,917869913332.649,68.973,250222695.0,481791.3
Indonesia,2013,912524136718.018,69.264,253275918.0,448400.2
Indonesia,2014,890814755533.537,69.533,256229761.0,484640.1
Indonesia,2015,860854232686.214,69.699,259091970.0,489052.8
Indonesia,2016,931877364037.698,69.798,261850182.0,483978.7
Indonesia,2017,1015618744159.73,69.936,264498852.0,515395.7
Indonesia,2018,1042271532988.63,70.338,267066843.0,568007.6
Indonesia,2019,1119099871350.2,70.518,269582878.0,605290.6
Indonesia,2020,1059054842698.48,68.808,271857970.0,563197.0
Indonesia,2021,1186505455736.54,67.57,273753191.0,
Indonesia,2022,1319100220407.72,,275501339.0,
Indonesia,2023,,,,
"Iran, Islamic Rep.",1990,124813263926.225,64.367,55793629.0,198471.7
"Iran, Islamic Rep.",1991,,66.459,57990883.0,219101.2
"Iran, Islamic Rep.",1992,,66.776,59372016.0,233650.9
"Iran, Islamic Rep.",1993,63743623231.2312,67.139,59755430.0,236729.0
"Iran, Islamic Rep.",1994,71841461172.2365,67.468,59985749.0,266697.1
"Iran, Islamic Rep.",1995,96419225744.9927,67.785,60794809.0,271519.5
"Iran, Islamic Rep.",1996,120403931883.348,68.07,61598378.0,279812.1
"Iran, Islamic Rep.",1997,113919163421.479,68.359,62480533.0,292398.6
"Iran, Islamic Rep.",1998,110276913362.445,68.73,63461421.0,290997.4
"Iran, Islamic Rep.",1999,113848450088.686,69.297,64474745.0,323360.4
"Iran, Islamic Rep.",2000,109591707801.431,69.691,65544383.0,340456.2
"Iran, Islamic Rep.",2001,126878750295.583,69.955,66674851.0,354068.4
"Iran, Islamic Rep.",2002,128626917504.398,70.445,67327117.0,369875.8
"Iran, Islamic Rep.",2003,153544751396.211,69.823,67954699.0,389777.1
"Iran, Islamic Rep.",2004,190043433963.866,71.37,69061674.0,417660.4
"Iran, Islamic Rep.",2005,226452138295.726,71.838,70182594.0,450795.7
"Iran, Islamic Rep.",2006,266298911663.707,72.276,71275760.0,484179.1
"Iran, Islamic Rep.",2007,349881601462.439,72.772,72319418.0,514142.8
"Iran, Islamic Rep.",2008,412336172443.795,72.624,73318394.0,523048.3
"Iran, Islamic Rep.",2009,416397025729.898,72.698,74322685.0,542297.1
"Iran, Islamic Rep.",2010,486807616876.696,73.069,75373855.0,541171.1
"Iran, Islamic Rep.",2011,626133112195.928,73.679,76342971.0,552050.9
"Iran, Islamic Rep.",2012,644035512181.481,74.186,77324451.0,559122.1
"Iran, Islamic Rep.",2013,492775566425.881,74.449,78458928.0,583703.1
"Iran, Islamic Rep.",2014,460382791480.428,74.782,79961672.0,605356.1
"Iran, Islamic Rep.",2015,408212917874.964,75.124,81790841.0,599182.7
"Iran, Islamic Rep.",2016,457954614593.746,75.6,83306231.0,607216.3
"Iran, Islamic Rep.",2017,486630147094.486,75.971,84505076.0,626427.9
"Iran, Islamic Rep.",2018,329691934144.504,76.195,85617562.0,637433.7
"Iran, Islamic Rep.",2019,283649531542.631,76.103,86564202.0,625251.5
"Iran, Islamic Rep.",2020,239735486745.704,74.832,87290193.0,616561.3
"Iran, Islamic Rep.",2021,359096907772.985,73.875,87923432.0,
"Iran, Islamic Rep.",2022,413493207349.265,,88550570.0,
"Iran, Islamic Rep.",2023,,,,
Iraq,1990,180408064516.129,58.435,17658381.0,64206.4
Iraq,1991,407796349.663785,62.519,17846378.0,45545.1
Iraq,1992,553671957.671958,66.708,18385673.0,67338.2
Iraq,1993,1031944881.13189,66.897,19295818.0,89562.0
Iraq,1994,3991349282.75729,66.744,20248073.0,102116.0
Iraq,1995,12894029888.1122,66.464,20948858.0,100068.8
Iraq,1996,10433698621.3427,66.391,21639332.0,98880.8
Iraq,1997,20764857056.3795,65.837,22330770.0,118910.2
Iraq,1998,20617405044.2425,65.486,23053488.0,91784.1
Iraq,1999,36881601583.8194,66.182,23820734.0,72714.4
Iraq,2000,48364250943.9051,66.817,24628858.0,87630.5
Iraq,2001,36176430128.8057,67.034,25425663.0,97553.3
Iraq,2002,32928454672.4246,67.084,26255343.0,91164.8
Iraq,2003,21921569478.8163,65.643,27068823.0,81278.1
Iraq,2004,36627901762.063,65.031,27858948.0,88108.3
Iraq,2005,49954890353.2609,64.844,28698684.0,85127.9
Iraq,2006,65140147197.1215,63.587,28905607.0,82958.1
Iraq,2007,88837055195.2619,63.553,28660887.0,76650.1
Iraq,2008,131614433712.245,64.942,29218381.0,88136.3
Iraq,2009,111657581662.35,66.446,30289040.0,94205.5
Iraq,2010,138516722649.573,67.062,31264875.0,108550.3
Iraq,2011,185749664444.444,67.659,32378061.0,113039.8
Iraq,2012,218002481737.691,68.023,33864447.0,129004.3
Iraq,2013,234637675128.645,68.253,35481800.0,139103.6
Iraq,2014,228415656174.957,68.914,36746488.0,134045.9
Iraq,2015,166774104959.102,69.44,37757813.0,133169.7
Iraq,2016,166602488747.885,68.988,38697943.0,143281.1
Iraq,2017,187217660050.676,70.413,39621162.0,156456.4
Iraq,2018,227367469034.031,71.514,40590700.0,168154.3
Iraq,2019,233636097800.338,71.576,41563520.0,180687.6
Iraq,2020,180924091442.953,69.123,42556984.0,163511.5
Iraq,2021,207691599310.345,70.378,43533592.0,
Iraq,2022,264182173793.103,,44496122.0,
Iraq,2023,,,,
Ireland,1990,49305632408.4929,74.8460731707317,3513974.0,30961.5
Ireland,1991,49787501584.4847,75.025,3534235.0,31466.7
Ireland,1992,55918538121.3989,75.4150975609756,3558430.0,31505.4
Ireland,1993,52417477613.676,75.2921951219512,3576261.0,31653.6
Ireland,1994,57097656065.96,75.7871219512195,3590386.0,32818.7
Ireland,1995,69139823232.3232,75.4698048780488,3608841.0,33448.2
Ireland,1996,75790786290.3226,75.8317073170732,3637510.0,34821.2
Ireland,1997,82856648758.3572,75.9853658536585,3674171.0,35972.5
Ireland,1998,90199410115.5097,76.1804878048781,3712696.0,38419.0
Ireland,1999,98893958262.6438,76.0829268292683,3754786.0,39973.3
Ireland,2000,100207610429.909,76.5365853658537,3805174.0,42533.5
Ireland,2001,109346669229.695,77.1341463414634,3866243.0,44815.3
Ireland,2002,128596035288.401,77.6341463414634,3931947.0,43929.8
Ireland,2003,164670771259.602,78.1390243902439,3996521.0,44086.8
Ireland,2004,194372115041.065,78.5390243902439,4070262.0,44687.6
Ireland,2005,211876989655.907,78.9439024390244,4159914.0,46650.5
Ireland,2006,232180617162.279,79.2414634146342,4273591.0,47263.3
Ireland,2007,270079279419.5,79.6414634146341,4398942.0,46604.8
Ireland,2008,275447471451.063,80.0951219512195,4489544.0,45911.3
Ireland,2009,236443115853.695,80.190243902439,4535375.0,40583.3
Ireland,2010,221913560882.367,80.7439024390244,4560155.0,40347.7
Ireland,2011,239170638711.314,80.7463414634146,4580084.0,36488.1
Ireland,2012,225118718207.156,80.8463414634146,4599533.0,37009.5
Ireland,2013,238112475390.796,80.9487804878049,4623816.0,35688.2
Ireland,2014,259681883575.706,81.3487804878049,4657740.0,35556.5
Ireland,2015,292364226871.756,81.4536585365854,4701957.0,37087.2
Ireland,2016,298559265006.398,81.6536585365854,4755335.0,39009.8
Ireland,2017,337241811320.896,82.1560975609756,4807388.0,37729.1
Ireland,2018,386693357874.056,82.2048780487805,4867316.0,37473.6
Ireland,2019,398933010007.356,82.7024390243903,4934340.0,35812.2
Ireland,2020,428608687830.239,82.5560975609756,4985382.0,33742.2
Ireland,2021,513391778882.86,82.1024390243903,5033164.0,
Ireland,2022,533140011838.276,,5127170.0,
Ireland,2023,,,,
Isle of Man,1990,,71.959,68865.0,
Isle of Man,1991,,72.151,69770.0,
Isle of Man,1992,,73.078,70307.0,
Isle of Man,1993,,72.31,70710.0,
Isle of Man,1994,,73.339,71094.0,
Isle of Man,1995,914762873.689153,73.264,71454.0,
Isle of Man,1996,1023005862.77927,73.756,71981.0,
Isle of Man,1997,1180968165.4086,73.691,72793.0,
Isle of Man,1998,1382605389.32055,74.603,73727.0,
Isle of Man,1999,1567402513.69642,73.666,74668.0,
Isle of Man,2000,1563667799.61578,74.725,75562.0,
Isle of Man,2001,1659131243.73837,75.51,76398.0,
Isle of Man,2002,1947332921.74718,75.42,77183.0,
Isle of Man,2003,2328658227.8481,76.096,77939.0,
Isle of Man,2004,2822358473.16983,76.966,78677.0,
Isle of Man,2005,3032409189.13713,77.623,79415.0,
Isle of Man,2006,3422735301.67301,78.191,80228.0,
Isle of Man,2007,4466353634.79678,78.331,81100.0,
Isle of Man,2008,5928788780.55394,78.449,81997.0,
Isle of Man,2009,5486918994.75922,78.681,82915.0,
Isle of Man,2010,5920366628.33329,78.983,83828.0,
Isle of Man,2011,6565668780.73505,79.19,84350.0,
Isle of Man,2012,6690228489.39991,79.337,84338.0,
Isle of Man,2013,7001180245.83103,79.473,84144.0,
Isle of Man,2014,7708459144.9826,80.037,83896.0,
Isle of Man,2015,7084795708.28406,78.905,83593.0,
Isle of Man,2016,6846373276.59372,80.314,83450.0,
Isle of Man,2017,6979791187.12712,80.457,83580.0,
Isle of Man,2018,7491654051.07858,80.596,83775.0,
Isle of Man,2019,7314966839.12782,80.737,83933.0,
Isle of Man,2020,6684229268.50545,80.588,84046.0,
Isle of Man,2021,,80.525,84263.0,
Isle of Man,2022,,,84519.0,
Isle of Man,2023,,,,
Israel,1990,,76.6073170731707,4660000.0,33805.9
Israel,1991,,76.7585365853659,4949000.0,34523.6
Israel,1992,,76.5048780487805,5123000.0,36857.3
Israel,1993,,77.1536585365854,5261000.0,40504.6
Israel,1994,,77.4024390243903,5399000.0,43361.2
Israel,1995,104892955202.072,77.4512195121951,5545000.0,46775.3
Israel,1996,114505860826.519,78.1048780487805,5692000.0,48734.1
Israel,1997,118859377862.817,78.0,5836000.0,50967.4
Israel,1998,120056692192.311,78.1487804878049,5971000.0,51504.7
Israel,1999,120922937410.923,78.6585365853659,6125000.0,52983.6
Israel,2000,136035771711.672,78.9536585365854,6289000.0,56997.3
Israel,2001,134635822098.58,79.4073170731707,6439000.0,57952.5
Israel,2002,125060622862.932,79.4512195121951,6570000.0,61080.6
Israel,2003,131299915899.958,79.6487804878049,6689700.0,62925.5
Israel,2004,139973148371.263,80.1463414634146,6809000.0,63159.9
Israel,2005,147083996033.603,80.1512195121951,6930100.0,61012.4
Israel,2006,158670456932.537,80.5536585365854,7053700.0,64331.0
Israel,2007,184052121662.082,80.5048780487805,7180100.0,66597.9
Israel,2008,220531065217.391,80.9512195121951,7308800.0,66708.0
Israel,2009,211970040942.96,81.4048780487805,7485600.0,65727.7
Israel,2010,238364092298.023,81.6024390243903,7623600.0,70520.3
Israel,2011,266791854430.897,81.6560975609756,7765800.0,69822.8
Israel,2012,262282344091.849,81.7048780487805,7910500.0,76063.2
Israel,2013,297732778479.129,82.0560975609756,8059500.0,67002.5
Israel,2014,314330061977.263,82.1536585365854,8215700.0,64717.8
Israel,2015,303414276832.04,82.0512195121951,8380100.0,66314.7
Israel,2016,322102790386.835,82.4073170731707,8546000.0,65233.0
Israel,2017,358245427458.541,82.5512195121951,8713300.0,65906.3
Israel,2018,376691526553.276,82.8024390243903,8882800.0,61424.5
Israel,2019,402470513619.148,82.8048780487805,9054000.0,62796.3
Israel,2020,413267669231.522,82.6487804878049,9215100.0,58471.8
Israel,2021,488526545878.891,82.5,9371400.0,
Israel,2022,525002447652.773,,9557500.0,
Israel,2023,,,,
Italy,1990,1181222653522.95,76.9707317073171,56719240.0,405262.0
Italy,1991,1246220156079.29,77.0195121951219,56758521.0,404074.1
Italy,1992,1320161644933.23,77.419512195122,56797087.0,402274.3
Italy,1993,1064958075550.63,77.7219512195122,56831821.0,396927.9
Italy,1994,1099216688280.5,77.9219512195122,56843400.0,392285.5
Italy,1995,1174662070605.02,78.1707317073171,56844303.0,416415.0
Italy,1996,1312426527795.21,78.5219512195122,56860281.0,412153.5
Italy,1997,1241879604365.62,78.8243902439024,56890372.0,415517.3
Italy,1998,1270052525928.4,78.9756097560976,56906744.0,426372.2
Italy,1999,1252446659833.79,79.4243902439024,56916317.0,433010.6
Italy,2000,1146676894209.73,79.7780487804878,56942108.0,436296.6
Italy,2001,1168023426056.38,80.1268292682927,56974100.0,436571.4
Italy,2002,1276769338449.3,80.2292682926829,57059007.0,443473.1
Italy,2003,1577621707050.51,79.9829268292683,57313203.0,462197.8
Italy,2004,1806542968545.56,80.7804878048781,57685327.0,472404.8
Italy,2005,1858217147203.73,80.7829268292683,57969484.0,473831.8
Italy,2006,1949551719389.64,81.2829268292683,58143979.0,466654.5
Italy,2007,2213102482751.46,81.4341463414634,58438310.0,459371.1
Italy,2008,2408655348718.59,81.4853658536585,58826731.0,444984.5
Italy,2009,2199928804118.63,81.6365853658537,59095365.0,397057.1
Italy,2010,2136099955236.67,82.0365853658537,59277417.0,405272.3
Italy,2011,2294994296589.5,82.1878048780488,59379449.0,396687.4
Italy,2012,2086957656821.6,82.2390243902439,59539717.0,376747.2
Italy,2013,2141924094298.56,82.690243902439,60233948.0,346458.3
Italy,2014,2162009615996.54,83.090243902439,60789140.0,327498.0
Italy,2015,1836637711060.55,82.5439024390244,60730582.0,337862.1
Italy,2016,1877071687633.78,83.2439024390244,60627498.0,333344.8
Italy,2017,1961796197354.36,82.9463414634147,60536709.0,329193.3
Italy,2018,2091932426266.98,83.3463414634146,60421760.0,324884.2
Italy,2019,2011302198827.45,83.4975609756098,59729081.0,317223.0
Italy,2020,1897461635591.91,82.1951219512195,59438851.0,281286.8
Italy,2021,2155360298998.03,82.7951219512195,59133173.0,
Italy,2022,2049737165407.98,,58940425.0,
Italy,2023,,,,
Jamaica,1990,4592208086.69235,72.304,2392030.0,7466.8
Jamaica,1991,4106207649.05547,72.186,2411867.0,7405.3
Jamaica,1992,3535460089.80719,72.189,2434574.0,8148.5
Jamaica,1993,5440075675.74067,71.921,2459062.0,8327.1
Jamaica,1994,5452558947.03045,71.739,2484182.0,8384.8
Jamaica,1995,6577520642.82297,71.549,2509372.0,8682.8
Jamaica,1996,7393891920.80358,71.488,2532894.0,9047.7
Jamaica,1997,8400041723.54861,71.207,2554954.0,9204.3
Jamaica,1998,8787195622.43502,70.99,2576567.0,9731.1
Jamaica,1999,8887057997.36228,70.968,2596271.0,9986.5
Jamaica,2000,9005064474.93003,70.944,2612205.0,10071.4
Jamaica,2001,9194727831.07318,70.758,2625405.0,10086.3
Jamaica,2002,9719009494.84779,70.888,2638244.0,10251.4
Jamaica,2003,9430234810.78586,70.806,2651027.0,10597.0
Jamaica,2004,10174664853.9476,70.86,2664024.0,10572.0
Jamaica,2005,11243865777.7131,71.044,2676863.0,10563.7
Jamaica,2006,11930179089.8855,71.199,2689660.0,12059.8
Jamaica,2007,12799600047.1845,71.418,2701221.0,12029.5
Jamaica,2008,13709401520.0326,71.612,2711373.0,9625.4
Jamaica,2009,12120458114.8318,72.124,2722401.0,7889.0
Jamaica,2010,13220549908.2494,72.622,2733896.0,7479.8
Jamaica,2011,14444661522.1463,73.094,2746169.0,7529.4
Jamaica,2012,14807086555.5283,73.433,2759817.0,6959.0
Jamaica,2013,14264205152.6126,73.412,2773129.0,7402.3
Jamaica,2014,13899217721.6818,72.982,2784543.0,7191.3
Jamaica,2015,14188936958.4343,72.394,2794445.0,7088.7
Jamaica,2016,14077096714.1279,72.02,2802695.0,7549.5
Jamaica,2017,14808985171.3441,71.911,2808376.0,7225.0
Jamaica,2018,15730792835.5811,71.793,2811835.0,8589.0
Jamaica,2019,15830766570.7266,71.767,2813773.0,8394.3
Jamaica,2020,13812421803.4084,71.869,2820436.0,5835.6
Jamaica,2021,14657586127.0331,70.5,2827695.0,
Jamaica,2022,17097760723.9201,,2827377.0,
Jamaica,2023,,,,
Japan,1990,3185904656663.85,78.8370731707317,123478000.0,1090508.1
Japan,1991,3648065760648.88,79.0368292682927,123964000.0,1103961.3
Japan,1992,3980702922117.66,79.080243902439,124425000.0,1115035.1
Japan,1993,4536940479038.25,79.3036585365854,124829000.0,1107586.8
Japan,1994,4998797547740.97,79.6968292682927,125178000.0,1160755.1
Japan,1995,5545563663889.7,79.5360975609756,125472000.0,1170985.4
Japan,1996,4923391533851.63,80.219756097561,125757000.0,1184646.6
Japan,1997,4492448605638.94,80.4241463414634,126057000.0,1172604.1
Japan,1998,4098362709531.24,80.5014634146342,126400000.0,1130280.5
Japan,1999,4635982224063.88,80.4609756097561,126631000.0,1168954.7
Japan,2000,4968359075956.59,81.0760975609756,126843000.0,1184424.9
Japan,2001,4374711694090.87,81.4163414634146,127149000.0,1172339.5
Japan,2002,4182846045873.61,81.6907317073171,127445000.0,1206760.2
Japan,2003,4519561645253.53,81.76,127718000.0,1213929.5
Japan,2004,4893116005656.56,82.030243902439,127761000.0,1207285.7
Japan,2005,4831467035389.8,81.9551219512195,127773000.0,1215474.4
Japan,2006,4601663122649.92,82.3219512195122,127854000.0,1193043.3
Japan,2007,4579750920354.81,82.5070731707317,128001000.0,1227990.8
Japan,2008,5106679115127.3,82.5875609756098,128063000.0,1158836.1
Japan,2009,5289493117993.89,82.9314634146342,128047000.0,1102386.2
Japan,2010,5759071769013.11,82.8426829268293,128070000.0,1157241.8
Japan,2011,6233147172341.35,82.5912195121951,127833000.0,1213775.6
Japan,2012,6272362996105.03,83.0960975609756,127629000.0,1254319.4
Japan,2013,5212328181166.18,83.3319512195122,127445000.0,1267376.2
Japan,2014,4896994405353.29,83.5878048780488,127276000.0,1217306.6
Japan,2015,4444930651964.18,83.7939024390244,127141000.0,1178349.1
Japan,2016,5003677627544.24,83.9848780487805,127076000.0,1164869.4
Japan,2017,4930837369151.42,84.099756097561,126972000.0,1150835.0
Japan,2018,5040880939324.86,84.2109756097561,126811000.0,1111115.3
Japan,2019,5117993853016.51,84.3563414634146,126633000.0,1073645.3
Japan,2020,5055587093501.59,84.56,126261000.0,1014064.7
Japan,2021,5034620784584.98,84.4456097560976,125681593.0,
Japan,2022,4256410760723.75,,125124989.0,
Japan,2023,,,,
Jordan,1990,4160087507.83472,69.854,3480587.0,9934.0
Jordan,1991,4344467193.25095,70.093,3666379.0,9781.2
Jordan,1992,5310833193.59005,70.316,3866887.0,11925.3
Jordan,1993,5606400221.69269,70.518,4075759.0,12203.8
Jordan,1994,6236295978.24531,70.699,4278166.0,12994.3
Jordan,1995,6727597031.96347,70.87,4458195.0,13604.1
Jordan,1996,6927503526.09309,71.064,4608676.0,13868.3
Jordan,1997,7245839210.15515,71.272,4733665.0,14373.6
Jordan,1998,7912270803.94922,71.474,4844403.0,14616.0
Jordan,1999,8149929478.13822,71.694,4950775.0,14630.8
Jordan,2000,8460789844.8519,71.918,5056174.0,16268.1
Jordan,2001,8975814652.8196,72.147,5163310.0,16250.9
Jordan,2002,9582510578.27927,72.359,5275532.0,16873.5
Jordan,2003,10195627644.5698,72.573,5396117.0,17309.8
Jordan,2004,11411706629.055,72.772,5532423.0,18580.9
Jordan,2005,12588998589.5628,72.932,5678534.0,19869.0
Jordan,2006,15056981664.3159,73.145,6075548.0,20167.0
Jordan,2007,17110437235.543,73.373,6473457.0,21090.3
Jordan,2008,22658715989.3302,73.591,6632873.0,20009.0
Jordan,2009,24537876056.338,73.801,6780493.0,20665.0
Jordan,2010,27133804225.3521,74.0,6931258.0,20196.8
Jordan,2011,29524149154.9296,74.189,7109980.0,20756.3
Jordan,2012,31634561690.1408,74.366,7211863.0,24123.3
Jordan,2013,34454440140.8451,74.562,7694814.0,23803.7
Jordan,2014,36847643521.1268,74.789,8658026.0,25553.1
Jordan,2015,38587017887.3239,75.011,9494246.0,25309.1
Jordan,2016,39892551126.7606,75.215,9964656.0,24730.0
Jordan,2017,41608435915.493,75.502,10215381.0,26021.8
Jordan,2018,43370860704.2254,75.774,10459865.0,24710.0
Jordan,2019,44502816901.4085,76.044,10698683.0,23147.9
Jordan,2020,43700383098.5916,75.184,10928721.0,20974.1
Jordan,2021,46296100140.8451,74.256,11148278.0,
Jordan,2022,48653381780.6397,,11285869.0,
Jordan,2023,,,,
Kazakhstan,1990,26932016269.6107,68.3365853658537,16348000.0,237250.9
Kazakhstan,1991,24923076923.0769,67.6,16451711.0,246366.0
Kazakhstan,1992,24917355371.9008,67.4,16439095.0,253841.7
Kazakhstan,1993,23409260879.9427,65.4,16380672.0,219245.6
Kazakhstan,1994,21250792886.1054,64.9,16145766.0,199170.1
Kazakhstan,1995,20374302652.3819,63.5,15816243.0,175237.63
Kazakhstan,1996,21035357936.8796,63.6,15578227.0,153394.84
Kazakhstan,1997,22165932062.966,64.0,15334405.0,132240.74
Kazakhstan,1998,22135245507.3656,64.5,15071640.0,135838.36
Kazakhstan,1999,16870817181.7799,65.63,14928374.0,122649.272
Kazakhstan,2000,18291990662.0356,65.45,14883626.0,120151.999
Kazakhstan,2001,22152689179.8815,65.76,14858335.0,117443.4
Kazakhstan,2002,24636598527.4437,65.95,14858948.0,131067.44
Kazakhstan,2003,30833692900.1091,65.74,14909019.0,146142.22
Kazakhstan,2004,43151647002.6096,66.06,15012984.0,158029.6
Kazakhstan,2005,57123671733.8952,65.86,15147029.0,169217.6
Kazakhstan,2006,81003864630.018,66.15,15308085.0,185299.3
Kazakhstan,2007,104849915058.376,66.34,15484192.0,198392.4
Kazakhstan,2008,133441648851.982,67.11,15776938.0,242038.0
Kazakhstan,2009,115308686941.38,68.39,16092822.0,213617.1
Kazakhstan,2010,148047348240.643,68.45,16321872.0,229702.2
Kazakhstan,2011,192626464617.071,68.69,16557202.0,245455.3
Kazakhstan,2012,207998568865.789,69.52,16792090.0,244599.0
Kazakhstan,2013,236634603409.089,70.62,17035551.0,260015.4
Kazakhstan,2014,221415613595.469,71.44,17288285.0,209261.3
Kazakhstan,2015,184388404706.042,71.97,17542806.0,191059.6
Kazakhstan,2016,137278320084.171,72.41,17794055.0,202475.7
Kazakhstan,2017,166805788827.233,72.95,18037776.0,214897.7
Kazakhstan,2018,179339977690.485,73.15,18276452.0,216896.7
Kazakhstan,2019,181667184854.501,73.18,18513673.0,204592.2
Kazakhstan,2020,171082365861.423,71.37,18755666.0,211896.7
Kazakhstan,2021,197112255360.612,70.23,19000988.0,
Kazakhstan,2022,225496328925.494,,19621972.0,
Kazakhstan,2023,,,,
Kenya,1990,8572359038.16958,58.614,23162269.0,6269.0
Kenya,1991,8151488783.19064,58.005,23918235.0,6017.7
Kenya,1992,8209120763.04955,57.259,24655723.0,6088.8
Kenya,1993,5751786642.55871,56.617,25391830.0,5991.3
Kenya,1994,7148148564.04239,56.273,26133744.0,6107.0
Kenya,1995,9046320255.40507,55.617,26878347.0,6571.2
Kenya,1996,12045865396.1323,55.161,27615736.0,7198.2
Kenya,1997,13115764358.2846,54.816,28364264.0,6797.8
Kenya,1998,14093998843.7334,54.526,29137373.0,7411.2
Kenya,1999,12896010459.3711,54.495,29965129.0,7712.5
Kenya,2000,12705350097.8044,54.411,30851606.0,8630.2
Kenya,2001,12986007425.8781,54.508,31800343.0,7879.7
Kenya,2002,13147736898.5176,54.99,32779823.0,7664.8
Kenya,2003,14904517649.8476,55.601,33767122.0,6837.0
Kenya,2004,16095337093.8366,56.361,34791836.0,7662.7
Kenya,2005,18737895512.7378,57.344,35843010.0,8707.6
Kenya,2006,25825512284.2891,58.222,36925253.0,9765.4
Kenya,2007,31958195182.2406,58.865,38036793.0,9868.9
Kenya,2008,35895153327.8497,59.614,39186895.0,10411.7
Kenya,2009,42347217912.9176,60.365,40364444.0,12424.4
Kenya,2010,45405615063.7551,60.649,41517895.0,13424.4
Kenya,2011,46869473150.61,61.046,42635144.0,13963.9
Kenya,2012,56396704671.5777,61.115,43725806.0,12981.3
Kenya,2013,61671440407.8387,61.389,44792368.0,14387.7
Kenya,2014,68285796514.2896,61.816,45831863.0,16700.0
Kenya,2015,70120446896.8359,61.892,46851488.0,18090.3
Kenya,2016,74815144163.8931,62.163,47894670.0,19310.1
Kenya,2017,82036510877.2599,62.481,48948137.0,20097.2
Kenya,2018,92202979985.2863,62.676,49953304.0,19253.9
Kenya,2019,100378436207.371,62.943,50951450.0,19481.9
Kenya,2020,100657505750.545,62.675,51985780.0,19446.8
Kenya,2021,109703658904.994,61.427,53005614.0,
Kenya,2022,113420008178.793,,54027487.0,
Kenya,2023,,,,
Kiribati,1990,42933296.4887589,60.917,75124.0,24.0
Kiribati,1991,47516817.8376576,61.422,76612.0,24.7
Kiribati,1992,47736272.5168325,61.893,77901.0,25.2
Kiribati,1993,46920900.8812969,62.321,79093.0,29.0
Kiribati,1994,54834542.2522082,62.697,80264.0,27.3
Kiribati,1995,56336650.0300586,63.014,81481.0,30.1
Kiribati,1996,66517302.7155493,63.291,82832.0,34.6
Kiribati,1997,67538482.0911695,63.575,84308.0,32.9
Kiribati,1998,65333691.831027,63.854,85805.0,31.4
Kiribati,1999,69034484.9833866,64.136,87289.0,32.1
Kiribati,2000,67253121.6174144,64.409,88826.0,35.5
Kiribati,2001,63099901.6262189,64.655,90531.0,34.7
Kiribati,2002,72197909.0093629,64.84,92400.0,43.7
Kiribati,2003,90231037.5286819,64.954,94302.0,46.5
Kiribati,2004,102370652.883761,64.989,96224.0,50.8
Kiribati,2005,112136256.341291,64.967,98164.0,61.8
Kiribati,2006,110237181.027024,64.906,100083.0,68.3
Kiribati,2007,132674851.389707,64.844,101998.0,58.2
Kiribati,2008,141045213.047045,64.834,103966.0,64.0
Kiribati,2009,132421039.331955,64.892,105996.0,58.6
Kiribati,2010,155305602.21032,65.016,107995.0,54.3
Kiribati,2011,180672702.310454,65.19,109871.0,54.2
Kiribati,2012,189629954.825062,65.378,111618.0,57.7
Kiribati,2013,184543120.916973,65.588,113311.0,63.8
Kiribati,2014,177868200.039122,65.815,114985.0,60.1
Kiribati,2015,170292316.823055,66.059,116707.0,60.7
Kiribati,2016,178507954.868147,66.332,118513.0,56.7
Kiribati,2017,188540710.231323,66.597,120362.0,72.7
Kiribati,2018,196501525.688652,66.855,122261.0,73.2
Kiribati,2019,175181629.286475,67.15,124241.0,73.6
Kiribati,2020,177553274.584763,67.266,126463.0,56.9
Kiribati,2021,227610079.145208,67.417,128874.0,
Kiribati,2022,223353014.294593,,131232.0,
Kiribati,2023,,,,
"Korea, Dem. People's Rep.",1990,,70.21,20799523.0,119307.5
"Korea, Dem. People's Rep.",1991,,70.313,21115534.0,112936.2
"Korea, Dem. People's Rep.",1992,,70.824,21439991.0,99712.1
"Korea, Dem. People's Rep.",1993,,71.871,21773017.0,91419.3
"Korea, Dem. People's Rep.",1994,,70.718,22105225.0,83612.6
"Korea, Dem. People's Rep.",1995,,60.894,22385536.0,78242.3
"Korea, Dem. People's Rep.",1996,,60.956,22614347.0,68660.5
"Korea, Dem. People's Rep.",1997,,60.974,22827373.0,66037.9
"Korea, Dem. People's Rep.",1998,,60.906,23023636.0,60918.6
"Korea, Dem. People's Rep.",1999,,60.798,23204498.0,66615.4
"Korea, Dem. People's Rep.",2000,,60.763,23367059.0,71822.9
"Korea, Dem. People's Rep.",2001,,60.745,23512522.0,74385.1
"Korea, Dem. People's Rep.",2002,,60.792,23638411.0,71198.0
"Korea, Dem. People's Rep.",2003,,69.546,23781707.0,72738.2
"Korea, Dem. People's Rep.",2004,,69.437,23948930.0,74323.7
"Korea, Dem. People's Rep.",2005,,69.285,24100982.0,77678.2
"Korea, Dem. People's Rep.",2006,,69.085,24235761.0,78937.1
"Korea, Dem. People's Rep.",2007,,68.911,24356506.0,65633.8
"Korea, Dem. People's Rep.",2008,,68.958,24469047.0,72831.5
"Korea, Dem. People's Rep.",2009,,69.732,24581509.0,55256.9
"Korea, Dem. People's Rep.",2010,,70.419,24686435.0,51689.8
"Korea, Dem. People's Rep.",2011,,70.978,24783789.0,37098.9
"Korea, Dem. People's Rep.",2012,,71.626,24887770.0,38483.4
"Korea, Dem. People's Rep.",2013,,72.319,25001819.0,27629.1
"Korea, Dem. People's Rep.",2014,,72.942,25126131.0,31223.3
"Korea, Dem. People's Rep.",2015,,72.784,25258015.0,25101.5
"Korea, Dem. People's Rep.",2016,,72.805,25389611.0,28127.7
"Korea, Dem. People's Rep.",2017,,72.978,25516321.0,54286.0
"Korea, Dem. People's Rep.",2018,,73.031,25638149.0,50121.3
"Korea, Dem. People's Rep.",2019,,73.198,25755441.0,55548.4
"Korea, Dem. People's Rep.",2020,,73.274,25867467.0,52437.2
"Korea, Dem. People's Rep.",2021,,73.284,25971909.0,
"Korea, Dem. People's Rep.",2022,,,26069416.0,
"Korea, Dem. People's Rep.",2023,,,,
"Korea, Rep.",1990,283365844161.092,71.5975609756098,42869283.0,247675.8
"Korea, Rep.",1991,330647042837.334,72.0463414634146,43295704.0,274792.7
"Korea, Rep.",1992,355524903068.056,72.4975609756098,43747962.0,297049.9
"Korea, Rep.",1993,392665710525.411,72.9975609756098,44194628.0,327604.4
"Korea, Rep.",1994,463619823515.164,73.3975609756098,44641540.0,354277.1
"Korea, Rep.",1995,566581003128.204,73.7,45092991.0,385406.0
"Korea, Rep.",1996,610167053824.007,74.1512195121951,45524681.0,409990.3
"Korea, Rep.",1997,569755022973.035,74.6024390243903,45953580.0,431637.6
"Korea, Rep.",1998,383331833681.821,75.0048780487805,46286503.0,366567.2
"Korea, Rep.",1999,497514040642.262,75.409756097561,46616677.0,401878.5
"Korea, Rep.",2000,576179387819.613,75.909756097561,47008111.0,447237.3
"Korea, Rep.",2001,547656279894.587,76.4121951219512,47370164.0,456674.0
"Korea, Rep.",2002,627246933729.618,76.7658536585366,47644736.0,461000.1
"Korea, Rep.",2003,702714855193.904,77.2146341463415,47892330.0,463913.9
"Korea, Rep.",2004,793175561887.027,77.6658536585366,48082519.0,485909.6
"Korea, Rep.",2005,934901071332.984,78.1682926829268,48184561.0,481002.1
"Korea, Rep.",2006,1053216909887.56,78.6682926829268,48438292.0,487852.1
"Korea, Rep.",2007,1172614086539.86,79.119512195122,48683638.0,503693.8
"Korea, Rep.",2008,1047339010225.25,79.5170731707317,49054708.0,514924.5
"Korea, Rep.",2009,943941876218.743,79.9682926829268,49307835.0,526639.5
"Korea, Rep.",2010,1143672241149.72,80.1170731707317,49554112.0,575215.7
"Korea, Rep.",2011,1253289537500.81,80.5682926829269,49936638.0,598480.8
"Korea, Rep.",2012,1278046536287.01,80.819512195122,50199853.0,600316.3
"Korea, Rep.",2013,1370632955321.2,81.2707317073171,50428893.0,599601.4
"Korea, Rep.",2014,1484488526271.8,81.7219512195122,50746659.0,588088.6
"Korea, Rep.",2015,1466038936206.43,82.0243902439024,51014947.0,607827.1
"Korea, Rep.",2016,1499679823909.61,82.2756097560976,51217803.0,615443.6
"Korea, Rep.",2017,1623074183501.9,82.6268292682927,51361911.0,626178.4
"Korea, Rep.",2018,1725373496825.43,82.6268292682927,51585058.0,630186.6
"Korea, Rep.",2019,1651422932447.77,83.2268292682927,51764822.0,612133.7
"Korea, Rep.",2020,1644312831906.17,83.4268292682927,51836239.0,569681.8
"Korea, Rep.",2021,1818432106880.04,83.5268292682927,51744876.0,
"Korea, Rep.",2022,1673916469026.56,,51628117.0,
"Korea, Rep.",2023,,,,
Kosovo,1990,,70.917,1862000.0,
Kosovo,1991,,71.246,1898000.0,
Kosovo,1992,,71.487,1932000.0,
Kosovo,1993,,71.817,1965000.0,
Kosovo,1994,,72.125,1997000.0,
Kosovo,1995,,72.441,2029000.0,
Kosovo,1996,,72.76,2059000.0,
Kosovo,1997,,73.066,2086000.0,
Kosovo,1998,,71.306,1966000.0,
Kosovo,1999,,69.418,1762000.0,
Kosovo,2000,,74.072,1700000.0,
Kosovo,2001,,74.394,1701154.0,
Kosovo,2002,,74.676,1702310.0,
Kosovo,2003,,74.968,1703466.0,
Kosovo,2004,,75.304,1704622.0,
Kosovo,2005,,75.616,1705780.0,
Kosovo,2006,,75.636,1719536.0,
Kosovo,2007,,76.516,1733404.0,
Kosovo,2008,5181776768.71247,77.392,1747383.0,
Kosovo,2009,5015894692.97027,77.665,1761474.0,
Kosovo,2010,5343950556.07185,77.63,1775680.0,
Kosovo,2011,6341613609.97976,77.74,1791000.0,
Kosovo,2012,6163484244.63408,78.28,1807106.0,
Kosovo,2013,6735328609.6594,78.587,1818117.0,
Kosovo,2014,7074394734.88431,78.88,1812771.0,
Kosovo,2015,6295848422.71573,78.922,1788196.0,
Kosovo,2016,6682677289.98994,78.981,1777557.0,
Kosovo,2017,7180764703.35718,78.783,1791003.0,
Kosovo,2018,7878759714.82322,78.696,1797085.0,
Kosovo,2019,7899737577.47286,79.022,1788878.0,
Kosovo,2020,7717145217.81247,76.567,1790133.0,
Kosovo,2021,9412034299.23122,76.806,1786038.0,
Kosovo,2022,9409473517.95304,,1761985.0,
Kosovo,2023,,,,
Kuwait,1990,18427777777.7778,73.281,1674938.0,29128.4
Kuwait,1991,11009993703.1474,74.216,1339500.0,7823.39
Kuwait,1992,19858555214.7239,75.691,1620633.0,23045.8
Kuwait,1993,23941391390.7285,75.794,1653645.0,30742.6
Kuwait,1994,24848483838.3838,75.763,1641106.0,36671.6
Kuwait,1995,27186980646.5448,75.537,1655222.0,36248.7
Kuwait,1996,31492373308.7516,75.618,1703318.0,35628.6
Kuwait,1997,30350190704.4361,75.879,1761468.0,37306.5
Kuwait,1998,25943705784.2996,76.157,1819544.0,42133.6
Kuwait,1999,30122365849.2518,76.416,1877427.0,45741.6
Kuwait,2000,37718743480.0751,76.722,1934901.0,49838.2
Kuwait,2001,34889559869.8326,76.891,1991674.0,53188.7
Kuwait,2002,38135788413.8276,76.982,2047364.0,55593.6
Kuwait,2003,47874582231.588,76.985,2101506.0,58121.0
Kuwait,2004,59439090600.6108,76.792,2153481.0,61917.8
Kuwait,2005,80798630136.9863,76.903,2235403.0,69910.7
Kuwait,2006,101557330723.423,76.887,2363409.0,72438.0
Kuwait,2007,114634043361.692,77.017,2506769.0,70599.5
Kuwait,2008,147379737229.753,77.145,2650930.0,75847.1
Kuwait,2009,105968691905.415,77.442,2795550.0,77654.2
Kuwait,2010,115416580893.0,77.982,2943356.0,80725.6
Kuwait,2011,154079839408.071,78.464,3143825.0,83291.1
Kuwait,2012,174047996684.957,78.812,3394663.0,85316.1
Kuwait,2013,174167897908.593,79.164,3646518.0,87363.8
Kuwait,2014,162650272167.89,79.445,3761584.0,85576.0
Kuwait,2015,114585576961.43,79.562,3908743.0,89021.7
Kuwait,2016,109406328917.014,79.701,4048085.0,91376.2
Kuwait,2017,120687539805.505,79.781,4124904.0,90378.3
Kuwait,2018,138202535799.918,79.722,4317185.0,92652.1
Kuwait,2019,136191825724.364,79.685,4441100.0,93863.6
Kuwait,2020,105948807280.731,76.92,4360444.0,92308.9
Kuwait,2021,137384258875.558,78.673,4250114.0,
Kuwait,2022,175363265306.122,,4268873.0,
Kuwait,2023,,,,
Kyrgyz Republic,1990,2675000000.0,68.2975609756098,4391200.0,22762.3
Kyrgyz Republic,1991,2569444444.44444,68.5512195121951,4463600.0,20422.9
Kyrgyz Republic,1992,2316562500.0,68.1024390243903,4515400.0,13764.1
Kyrgyz Republic,1993,2028295454.54545,67.1926829268293,4516700.0,10080.7
Kyrgyz Republic,1994,1681006993.00699,66.0390243902439,4515100.0,6544.5
Kyrgyz Republic,1995,1661018518.51852,65.790243902439,4560400.0,4594.3
Kyrgyz Republic,1996,1827570586.16784,66.5439024390244,4628400.0,5760.6
Kyrgyz Republic,1997,1767864035.71943,66.8926829268293,4696400.0,5679.5
Kyrgyz Republic,1998,1645963749.83146,67.0512195121951,4769000.0,6022.3
Kyrgyz Republic,1999,1249061487.01457,68.6560975609756,4840400.0,4784.7
Kyrgyz Republic,2000,1369688498.06778,68.5585365853659,4898400.0,4643.3
Kyrgyz Republic,2001,1525116370.27939,68.7073170731707,4945100.0,3962.1
Kyrgyz Republic,2002,1605643104.73021,68.1560975609756,4990700.0,4965.1
Kyrgyz Republic,2003,1919008090.49641,68.2560975609756,5043300.0,5579.7
Kyrgyz Republic,2004,2211534585.0034,68.1536585365854,5104700.0,5557.9
Kyrgyz Republic,2005,2460246766.41401,67.9560975609756,5162600.0,5307.0
Kyrgyz Republic,2006,2834168889.42019,67.6951219512195,5218400.0,5362.3
Kyrgyz Republic,2007,3802570552.56105,67.8951219512195,5268400.0,6473.1
Kyrgyz Republic,2008,5139958909.17936,68.4512195121951,5318700.0,7441.5
Kyrgyz Republic,2009,4690061380.60253,69.1024390243903,5383300.0,6734.6
Kyrgyz Republic,2010,4794361863.01353,69.3,5447900.0,6394.4
Kyrgyz Republic,2011,6197765984.28468,69.6024390243903,5514600.0,7690.4
Kyrgyz Republic,2012,6605142884.36215,70.0024390243902,5607200.0,10146.0
Kyrgyz Republic,2013,7335033800.59056,70.2024390243902,5719600.0,9455.0
Kyrgyz Republic,2014,7468102412.68237,70.4024390243902,5835500.0,9848.5
Kyrgyz Republic,2015,6678177511.66313,70.6512195121951,5956900.0,10266.6
Kyrgyz Republic,2016,6813095379.1187,70.9512195121951,6079500.0,9675.6
Kyrgyz Republic,2017,7702938379.42036,71.2,6198200.0,9439.0
Kyrgyz Republic,2018,8271106235.41552,71.4,6322800.0,11306.8
Kyrgyz Republic,2019,9371275264.36735,71.6,6456200.0,10017.4
Kyrgyz Republic,2020,8270468614.24051,71.8,6579900.0,9080.1
Kyrgyz Republic,2021,9249133946.26531,71.9,6773400.0,
Kyrgyz Republic,2022,11543966558.842,,6974900.0,
Kyrgyz Republic,2023,,,,
Lao PDR,1990,865559879.400406,53.713,4314443.0,512.96
Lao PDR,1991,1028087972.31085,54.46,4437225.0,545.936
Lao PDR,1992,1127806944.61513,54.952,4561106.0,595.573028
Lao PDR,1993,1327748689.88094,55.435,4685296.0,610.267589
Lao PDR,1994,1543606345.11684,55.749,4807950.0,638.320445
Lao PDR,1995,1763536304.53964,56.385,4927432.0,674.951962
Lao PDR,1996,1873671550.34636,56.891,5043914.0,781.46135
Lao PDR,1997,1747011857.33107,57.292,5150538.0,826.369183
Lao PDR,1998,1280177838.71905,57.665,5246922.0,852.378127
Lao PDR,1999,1454430642.44959,57.873,5340056.0,878.107523
Lao PDR,2000,1731198022.46763,58.378,5430853.0,903.07
Lao PDR,2001,1768619058.34647,59.07,5519707.0,997.81
Lao PDR,2002,1758176653.07746,59.534,5606101.0,1105.48
Lao PDR,2003,2023324407.28414,60.031,5689065.0,1151.44
Lao PDR,2004,2366398119.86321,60.293,5768167.0,1211.21
Lao PDR,2005,2735558734.7379,60.98,5852970.0,1257.28
Lao PDR,2006,3455031447.60194,61.493,5946593.0,1642.8
Lao PDR,2007,4223152219.21266,62.084,6041348.0,1734.3
Lao PDR,2008,5446434031.67898,62.603,6135861.0,2048.2
Lao PDR,2009,5836138127.08912,63.273,6229930.0,2537.5
Lao PDR,2010,7131773632.68946,63.973,6323418.0,2877.1
Lao PDR,2011,8750107401.55382,64.736,6416327.0,3043.0
Lao PDR,2012,10192848926.2582,65.355,6508803.0,3271.9
Lao PDR,2013,11983252626.5452,65.718,6600742.0,4160.8
Lao PDR,2014,13279248478.6917,66.361,6691454.0,4344.5
Lao PDR,2015,14426381187.0894,66.67,6787419.0,8875.9
Lao PDR,2016,15912495368.8717,67.167,6891363.0,15702.2
Lao PDR,2017,17071162084.4067,67.434,6997917.0,19054.5
Lao PDR,2018,18141651381.3884,67.634,7105006.0,19663.8
Lao PDR,2019,18740559554.1632,68.138,7212053.0,19170.9
Lao PDR,2020,18981800705.0794,68.497,7319399.0,19178.9
Lao PDR,2021,18827148528.9934,68.061,7425057.0,
Lao PDR,2022,15468785203.7532,,7529475.0,
Lao PDR,2023,,,,
Late-demographic dividend,1990,2067772431705.91,68.253417547729,1847821462.0,6243759.680257
Late-demographic dividend,1991,2069385443007.51,68.4000288684891,1871805819.0,6305399.720692
Late-demographic dividend,1992,2143026607333.85,68.7016338681378,1894353796.0,6287917.303865
Late-demographic dividend,1993,2343070499930.97,68.9383163523874,1915623786.0,6321620.339997
Late-demographic dividend,1994,2456571995868.34,69.1434368810152,1936398016.0,6231096.992545
Late-demographic dividend,1995,3018342023042.33,69.409080932776,1956331335.0,6542003.54624
Late-demographic dividend,1996,3329650189927.68,69.7590479662323,1975855844.0,6550647.534239
Late-demographic dividend,1997,3486564446042.57,70.1832790647912,1995080443.0,6524740.406938
Late-demographic dividend,1998,3361126443519.78,70.61190492064,2013531302.0,6588210.889585
Late-demographic dividend,1999,3106290269743.56,70.7630430016015,2030612791.0,6527788.670108
Late-demographic dividend,2000,3410250640092.45,71.078675285985,2046026051.0,6792280.742393
Late-demographic dividend,2001,3525028856374.44,71.6240722168429,2060709239.0,7035679.65822
Late-demographic dividend,2002,3736730866871.46,71.9214452531973,2074581734.0,7344268.219476
Late-demographic dividend,2003,4257868823042.88,72.3339155934004,2088091467.0,8087901.583348
Late-demographic dividend,2004,5117204587611.5,72.6378129338335,2101411095.0,8874602.047687
Late-demographic dividend,2005,6172817777582.86,73.031422358477,2114895075.0,9663246.6
Late-demographic dividend,2006,7448573743883.22,73.4509044736766,2128519993.0,10403909.25
Late-demographic dividend,2007,9382447414567.94,73.7432719038173,2142132712.0,11042154.87
Late-demographic dividend,2008,11663554908026.1,73.9210356683671,2156046215.0,11378270.63
Late-demographic dividend,2009,11269257737507.1,74.3324629466367,2169857353.0,11660926.99
Late-demographic dividend,2010,13564016675239.3,74.6151129821294,2182768187.0,12652493.224
Late-demographic dividend,2011,16529962129866.8,74.9490627984669,2196512073.0,13619083.75
Late-demographic dividend,2012,17680182524814.2,75.2263107862594,2212381413.0,13934530.3
Late-demographic dividend,2013,19041962899425.5,75.5210169032733,2228485037.0,14412246.33
Late-demographic dividend,2014,19775920760292.7,75.79063086071,2244043359.0,14427628.7886
Late-demographic dividend,2015,18550504676426.9,76.0129684285383,2258406242.0,14263640.03
Late-demographic dividend,2016,18593071060820.1,76.2580707069883,2272340223.0,14269982.4
Late-demographic dividend,2017,20630645625899.3,76.4003364072994,2286627723.0,14577571.8
Late-demographic dividend,2018,22622945177203.9,76.7706341213864,2298987594.0,15162115.4
Late-demographic dividend,2019,23047304219392.9,76.9929064302121,2309491804.0,15468044.3
Late-demographic dividend,2020,22529291712189.9,76.7229064368563,2317277554.0,15488347.62
Late-demographic dividend,2021,26841170398812.4,76.3399634797957,2322606486.0,
Late-demographic dividend,2022,28075737913541.5,,2325542891.0,
Late-demographic dividend,2023,,,,
Latin America & Caribbean,1990,1179293266842.22,67.8242017089922,441597528.0,890406.328097
Latin America & Caribbean,1991,1254808462964.44,68.177442032764,449847635.0,916268.072072
Latin America & Caribbean,1992,1361272001640.86,68.5058502230062,458008075.0,932183.392047
Latin America & Caribbean,1993,1606771008563.36,68.8313905696675,466139063.0,957706.062022
Latin America & Caribbean,1994,1815898071015.49,69.2081417651726,474258790.0,1001714.382797
Latin America & Caribbean,1995,1941652491765.78,69.5185307320192,482331291.0,1025898.381167
Latin America & Caribbean,1996,2100974971730.11,69.8922949039879,490304061.0,1094670.293537
Latin America & Caribbean,1997,2303279560276.55,70.2526424401747,498199382.0,1163785.485907
Latin America & Caribbean,1998,2331584223993.11,70.5065295575272,506010566.0,1211348.424277
Latin America & Caribbean,1999,2107165054124.09,70.9113546468657,513714410.0,1204595.592647
Latin America & Caribbean,2000,2326883040769.8,71.2284362721063,521281149.0,1244867.42
Latin America & Caribbean,2001,2282895964858.33,71.487118219397,528688278.0,1249594.66
Latin America & Caribbean,2002,2053065187772.8,71.8368420199417,535935546.0,1254473.76
Latin America & Caribbean,2003,2092028240998.63,72.0215493356835,542976557.0,1275035.96
Latin America & Caribbean,2004,2405435175136.4,72.343865150839,549897638.0,1331938.06
Latin America & Caribbean,2005,2902949778310.09,72.7146392232256,556739532.0,1376348.66
Latin America & Caribbean,2006,3396739151882.84,72.9242126806451,563424119.0,1418262.47
Latin America & Caribbean,2007,3998414040764.94,73.0656853232916,569972223.0,1464903.18
Latin America & Caribbean,2008,4643116909844.47,73.2878272128666,576386180.0,1508544.09
Latin America & Caribbean,2009,4358132853812.8,73.4919570166808,582738079.0,1468649.67
Latin America & Caribbean,2010,5396773607490.71,73.385642956432,588873862.0,1570608.87
Latin America & Caribbean,2011,6137582602219.09,73.8715444402344,595510008.0,1635034.92
Latin America & Caribbean,2012,6209205490292.95,74.0973427016933,602139396.0,1707709.79
Latin America & Caribbean,2013,6360884125593.49,74.346485387839,608642242.0,1752196.84
Latin America & Caribbean,2014,6482208032334.84,74.5506477009282,615046755.0,1760980.0986
Latin America & Caribbean,2015,5420470092541.42,74.6119695820583,621390109.0,1750693.94
Latin America & Caribbean,2016,5285689128986.34,74.5792328754221,627668470.0,1710227.796
Latin America & Caribbean,2017,5866303818641.23,74.7334935009884,633797190.0,1685948.34
Latin America & Caribbean,2018,5742577449796.09,74.8514987823088,639628226.0,1633570.34
Latin America & Caribbean,2019,5660897574206.23,75.0383494699308,645295804.0,1620695.03
Latin America & Caribbean,2020,4809518812031.76,73.0384741705489,650534986.0,1438080.03
Latin America & Caribbean,2021,5553340649720.43,72.1474343340309,654980630.0,
Latin America & Caribbean,2022,6302490414791.98,,659310564.0,
Latin America & Caribbean,2023,,,,
Latin America & Caribbean (IDA & IBRD),1990,,,,
Latin America & Caribbean (IDA & IBRD),1991,,,,
Latin America & Caribbean (IDA & IBRD),1992,,,,
Latin America & Caribbean (IDA & IBRD),1993,,,,
Latin America & Caribbean (IDA & IBRD),1994,,,,
Latin America & Caribbean (IDA & IBRD),1995,,,,
Latin America & Caribbean (IDA & IBRD),1996,,,,
Latin America & Caribbean (IDA & IBRD),1997,,,,
Latin America & Caribbean (IDA & IBRD),1998,,,,
Latin America & Caribbean (IDA & IBRD),1999,,,,
Latin America & Caribbean (IDA & IBRD),2000,,,,
Latin America & Caribbean (IDA & IBRD),2001,,,,
Latin America & Caribbean (IDA & IBRD),2002,,,,
Latin America & Caribbean (IDA & IBRD),2003,,,,
Latin America & Caribbean (IDA & IBRD),2004,,,,
Latin America & Caribbean (IDA & IBRD),2005,,,,
Latin America & Caribbean (IDA & IBRD),2006,,,,
Latin America & Caribbean (IDA & IBRD),2007,,,,
Latin America & Caribbean (IDA & IBRD),2008,,,,
Latin America & Caribbean (IDA & IBRD),2009,,,,
Latin America & Caribbean (IDA & IBRD),2010,,,,
Latin America & Caribbean (IDA & IBRD),2011,,,,
Latin America & Caribbean (IDA & IBRD),2012,,,,
Latin America & Caribbean (IDA & IBRD),2013,,,,
Latin America & Caribbean (IDA & IBRD),2014,,,,
Latin America & Caribbean (IDA & IBRD),2015,,,,
Latin America & Caribbean (IDA & IBRD),2016,,,,
Latin America & Caribbean (IDA & IBRD),2017,,,,
Latin America & Caribbean (IDA & IBRD),2018,,,,
Latin America & Caribbean (IDA & IBRD),2019,,,,
Latin America & Caribbean (IDA & IBRD),2020,,,,
Latin America & Caribbean (excluding high income),1990,1034484672147.54,67.3620541150535,396328556.0,734026.008097
Latin America & Caribbean (excluding high income),1991,1095638269672.05,67.7031899378219,403768603.0,760924.142072
Latin America & Caribbean (excluding high income),1992,1181416426983.13,68.0491992559632,411115420.0,772884.542047
Latin America & Caribbean (excluding high income),1993,1418252033554.78,68.397898870299,418431327.0,794713.922022
Latin America & Caribbean (excluding high income),1994,1613772281405.57,68.8044695575092,425740147.0,837714.102797
Latin America & Caribbean (excluding high income),1995,1697846829141.45,69.1288661703751,433010808.0,850456.581167
Latin America & Caribbean (excluding high income),1996,1853064187275.03,69.5322154945135,440183193.0,904035.623537
Latin America & Caribbean (excluding high income),1997,2021893656590.15,69.8743187933829,447290040.0,960121.665907
Latin America & Caribbean (excluding high income),1998,2038842224327.46,70.1482941061137,454334962.0,1003199.824277
Latin America & Caribbean (excluding high income),1999,1810327292197.44,70.6041050559394,461289769.0,997471.292647
Latin America & Caribbean (excluding high income),2000,2002282207830.28,70.9065124450419,468125382.0,1036523.12
Latin America & Caribbean (excluding high income),2001,1952748301924.99,71.2545331983992,474817217.0,1037180.96
Latin America & Caribbean (excluding high income),2002,1758576865594.34,71.536991087633,481353718.0,1036555.56
Latin America & Caribbean (excluding high income),2003,1795413112644.71,71.7801804724459,487688819.0,1058060.56
Latin America & Caribbean (excluding high income),2004,2045083492610.1,72.0916928771391,493917791.0,1104560.66
Latin America & Caribbean (excluding high income),2005,2471730285037.07,72.4728546164505,500076606.0,1137549.56
Latin America & Caribbean (excluding high income),2006,2882204938855.39,72.6961768131639,506094784.0,1174509.87
Latin America & Caribbean (excluding high income),2007,3402756410322.05,72.8462796849588,511989821.0,1218568.18
Latin America & Caribbean (excluding high income),2008,3932031090439.41,73.1039404243174,517759389.0,1248527.39
Latin America & Caribbean (excluding high income),2009,3645669594935.6,73.3086812332154,523473668.0,1209300.57
Latin America & Caribbean (excluding high income),2010,4557840753623.71,73.1797089352899,528978305.0,1293925.57
Latin America & Caribbean (excluding high income),2011,5320735122195.71,73.6943063216088,535014773.0,1352458.47
Latin America & Caribbean (excluding high income),2012,5298047169004.05,73.9376344556933,541048298.0,1401130.17
Latin America & Caribbean (excluding high income),2013,5435190412910.42,74.1910639437346,546954103.0,1442058.97
Latin America & Caribbean (excluding high income),2014,5456297685293.46,74.4284919240565,552781789.0,1459341.64
Latin America & Caribbean (excluding high income),2015,4636644702280.91,74.4722652708847,558562792.0,1460444.24
Latin America & Caribbean (excluding high income),2016,4499238665636.1,74.4717518016338,564377885.0,1431232.126
Latin America & Caribbean (excluding high income),2017,5012709868269.08,74.6428227846937,570381211.0,1417992.07
Latin America & Caribbean (excluding high income),2018,4870478423342.98,74.7719810774371,576620516.0,1375196.37
Latin America & Caribbean (excluding high income),2019,4805258641141.59,74.9619968743059,582701622.0,1376833.06
Latin America & Caribbean (excluding high income),2020,4051085288658.45,72.8363033190349,588011178.0,1242200.06
Latin America & Caribbean (excluding high income),2021,4665360652347.6,71.907356144081,592503434.0,
Latin America & Caribbean (excluding high income),2022,5352536850675.35,,596596955.0,
Latin America & Caribbean (excluding high income),2023,,,,
Latin America & the Caribbean (IDA & IBRD countries),1990,1109458099269.15,67.6104425497252,426479901.0,851765.808097
Latin America & the Caribbean (IDA & IBRD countries),1991,1187260885890.04,67.9769949265823,434604864.0,885764.742072
Latin America & the Caribbean (IDA & IBRD countries),1992,1293171728057.12,68.3163778110758,442658603.0,907533.342047
Latin America & the Caribbean (IDA & IBRD countries),1993,1534916859960.34,68.6519201642099,450688569.0,934851.822022
Latin America & the Caribbean (IDA & IBRD countries),1994,1733953770927.54,69.0393867839592,458715789.0,977215.802797
Latin America & the Caribbean (IDA & IBRD countries),1995,1853964429260.1,69.3549606653557,466703013.0,999852.081167
Latin America & the Caribbean (IDA & IBRD countries),1996,2014992698592.39,69.7343414631515,474585894.0,1066591.723537
Latin America & the Caribbean (IDA & IBRD countries),1997,2210296016800.02,70.098100450077,482400078.0,1133573.065907
Latin America & the Caribbean (IDA & IBRD countries),1998,2231266382090.11,70.3517383295354,490145696.0,1181018.124277
Latin America & the Caribbean (IDA & IBRD countries),1999,2000304935579.08,70.7609088097355,497788851.0,1173260.992647
Latin America & the Caribbean (IDA & IBRD countries),2000,2212445482711.99,71.0789491788505,505304844.0,1213210.92
Latin America & the Caribbean (IDA & IBRD countries),2001,2159748619392.63,71.3382890766088,512664811.0,1218878.26
Latin America & the Caribbean (IDA & IBRD countries),2002,1925774689420.98,71.6941326160221,519865563.0,1224775.16
Latin America & the Caribbean (IDA & IBRD countries),2003,1958739530341.29,71.8813891155091,526861169.0,1246041.46
Latin America & the Caribbean (IDA & IBRD countries),2004,2262602309478.6,72.2098090387214,533741619.0,1303198.36
Latin America & the Caribbean (IDA & IBRD countries),2005,2749008665063.56,72.5893091404427,540553499.0,1346749.06
Latin America & the Caribbean (IDA & IBRD countries),2006,3231124397066.96,72.8019442317792,547224720.0,1388228.07
Latin America & the Caribbean (IDA & IBRD countries),2007,3822817021789.9,72.9451722114854,553771247.0,1433926.98
Latin America & the Caribbean (IDA & IBRD countries),2008,4460896971421.85,73.1711254446773,560186837.0,1478196.79
Latin America & the Caribbean (IDA & IBRD countries),2009,4173919028802.26,73.3794254810154,566539590.0,1438061.87
Latin America & the Caribbean (IDA & IBRD countries),2010,5207430282655.3,73.2679098813985,572674666.0,1539037.97
Latin America & the Caribbean (IDA & IBRD countries),2011,5935880342799.34,73.7647600829535,579334666.0,1603749.37
Latin America & the Caribbean (IDA & IBRD countries),2012,6001429314837.82,73.9955955930206,585986944.0,1675156.97
Latin America & the Caribbean (IDA & IBRD countries),2013,6148458445163.49,74.249805704993,592507619.0,1719082.27
Latin America & the Caribbean (IDA & IBRD countries),2014,6265139094657.66,74.4596934288446,598949385.0,1730502.0286
Latin America & the Caribbean (IDA & IBRD countries),2015,5192258651802.86,74.5211645368618,605335594.0,1718007.17
Latin America & the Caribbean (IDA & IBRD countries),2016,5051195544946.59,74.4879704398703,611668087.0,1679719.926
Latin America & the Caribbean (IDA & IBRD countries),2017,5626747446682.67,74.6553496527333,617875842.0,1656356.87
Latin America & the Caribbean (IDA & IBRD countries),2018,5500845963862.16,74.7764883913037,623841282.0,1602830.17
Latin America & the Caribbean (IDA & IBRD countries),2019,5409465895796.12,74.9718239600748,629515571.0,1592486.56
Latin America & the Caribbean (IDA & IBRD countries),2020,4561170249972.34,72.927954848926,634680385.0,1410200.16
Latin America & the Caribbean (IDA & IBRD countries),2021,5281323492901.43,72.0749025193054,639188695.0,
Latin America & the Caribbean (IDA & IBRD countries),2022,6001569526439.77,,643602758.0,
Latin America & the Caribbean (IDA & IBRD countries),2023,,,,
Latvia,1990,,69.2731707317073,2663151.0,18777.4
Latvia,1991,,69.0324390243903,2650581.0,17201.5
Latvia,1992,,68.3960975609756,2614338.0,13974.8
Latvia,1993,,66.7226829268293,2563290.0,11757.31
Latvia,1994,,65.6643902439025,2520742.0,10223.5
Latvia,1995,5789128636.62293,66.3912195121951,2485056.0,8996.82
Latvia,1996,5975248851.45482,68.7765853658537,2457222.0,9009.4
Latvia,1997,6527926445.6811,69.3492682926829,2432851.0,8528.6
Latvia,1998,7166275467.65161,69.0121951219512,2410019.0,8132.5
Latvia,1999,7533788133.55753,69.7429268292683,2390482.0,7548.9
Latvia,2000,7958852838.93395,70.3146341463415,2367550.0,6929.57
Latvia,2001,8362398701.58943,70.7609756097561,2337170.0,7357.2
Latvia,2002,9557031605.27512,70.9609756097561,2310173.0,7352.2
Latvia,2003,11771975156.8073,71.2658536585366,2287955.0,7593.2
Latvia,2004,14435700533.368,72.0268292682927,2263122.0,7616.5
Latvia,2005,17003459863.0989,71.3560975609756,2238799.0,7715.0
Latvia,2006,21570076498.6205,70.8658536585366,2218357.0,8199.9
Latvia,2007,31054350977.9784,71.019512195122,2200325.0,8531.8
Latvia,2008,35854274228.9139,72.419512195122,2177322.0,8105.9
Latvia,2009,26410909090.9091,73.0804878048781,2141669.0,7364.1
Latvia,2010,23956163076.5575,73.4829268292683,2097555.0,8518.1
Latvia,2011,27474380566.265,73.5756097560976,2059709.0,7897.3
Latvia,2012,28169902669.3784,73.7780487804878,2034319.0,7570.7
Latvia,2013,30204783461.8488,73.9829268292683,2012647.0,7452.4
Latvia,2014,31386896487.0407,74.1243902439024,1993782.0,7282.3
Latvia,2015,27263090547.0617,74.4804878048781,1977527.0,7315.9
Latvia,2016,28083597512.4841,74.580487804878,1959537.0,7145.3
Latvia,2017,30483806017.8318,74.6292682926829,1942248.0,7116.7
Latvia,2018,34429023435.0211,74.7829268292683,1927174.0,7785.2
Latvia,2019,34225547537.0745,75.3878048780488,1913822.0,7569.1
Latvia,2020,34390910338.9604,75.1853658536585,1900449.0,6928.3
Latvia,2021,39443126174.4335,73.2829268292683,1884490.0,
Latvia,2022,40932030049.5644,,1879383.0,
Latvia,2023,,,,
Least developed countries: UN classification,1990,191416114819.545,50.6966756701623,513410293.0,66386.481181
Least developed countries: UN classification,1991,207262141060.393,50.4139196650487,525967892.0,65774.496894
Least developed countries: UN classification,1992,161023437487.804,51.0674694155414,540073235.0,66917.499751
Least developed countries: UN classification,1993,166574887122.912,51.6132147408477,555402795.0,69719.717731
Least developed countries: UN classification,1994,162851454786.887,52.2926657309522,570349227.0,76644.22453
Least developed countries: UN classification,1995,166388025796.258,52.7998045745275,585085744.0,86209.173729
Least developed countries: UN classification,1996,173498091521.793,52.9478056074757,599913754.0,92262.644675
Least developed countries: UN classification,1997,181604031623.576,53.6545793598588,614755340.0,98566.22377
Least developed countries: UN classification,1998,187233666963.549,53.9539395052909,629930825.0,102065.240568
Least developed countries: UN classification,1999,193191322761.956,55.1979955096418,645681010.0,108040.332269
Least developed countries: UN classification,2000,220227514629.369,55.7872822922983,661430964.0,110415.307652
Least developed countries: UN classification,2001,213227328260.387,56.2672144694918,677492970.0,118442.851617
Least developed countries: UN classification,2002,232646894683.083,56.7416950115795,695099275.0,123533.582257
Least developed countries: UN classification,2003,262812880576.871,57.3243001674602,713279960.0,134927.623164
Least developed countries: UN classification,2004,301534702340.479,57.8039970952578,731086901.0,141974.726363
Least developed countries: UN classification,2005,356005539453.822,58.3401167947529,749189504.0,149383.130225
Least developed countries: UN classification,2006,414100366472.512,58.9385541914814,767538041.0,158367.750212
Least developed countries: UN classification,2007,498945074109.245,59.3677791564092,785635469.0,169147.404679
Least developed countries: UN classification,2008,612309699342.337,59.5070406180055,803947600.0,179175.182288
Least developed countries: UN classification,2009,616035155663.039,60.4993887916017,823002155.0,194174.301108
Least developed countries: UN classification,2010,704328086501.822,60.9600560994841,842807198.0,210097.687224
Least developed countries: UN classification,2011,809529446779.865,61.6801150186652,863421305.0,223558.967189
Least developed countries: UN classification,2012,846151101705.132,62.2548890262786,884653995.0,234517.25
Least developed countries: UN classification,2013,915343569227.628,62.698315149659,906405074.0,255682.26
Least developed countries: UN classification,2014,986731992328.244,63.1179088919416,928661685.0,275307.09
Least developed countries: UN classification,2015,954010285232.842,63.4904325810368,951184941.0,286660.2
Least developed countries: UN classification,2016,996728102028.316,64.0145221546141,974516186.0,313185.29
Least developed countries: UN classification,2017,1113366976347.88,64.4095962549102,998532743.0,339806.49
Least developed countries: UN classification,2018,1090340580865.41,64.8137975348856,1022731692.0,359297.88
Least developed countries: UN classification,2019,1150342153767.93,65.1510049897917,1047426093.0,370595.59
Least developed countries: UN classification,2020,1160259828981.81,64.6297215434214,1072970944.0,351230.476
Least developed countries: UN classification,2021,1265336288798.07,64.2104904857692,1098791080.0,
Least developed countries: UN classification,2022,1424210446281.73,,1124396999.0,
Least developed countries: UN classification,2023,,,,
Lebanon,1990,2838485353.96187,64.475,3593700.0,5622.1
Lebanon,1991,4690415092.53663,71.176,3666734.0,7039.89
Lebanon,1992,5843579160.90122,71.192,3745407.0,7021.4
Lebanon,1993,7941744492.23595,71.382,3818796.0,10326.3
Lebanon,1994,9599127050.17558,71.681,3888144.0,11274.4
Lebanon,1995,11718795528.5556,72.043,3959640.0,13304.9
Lebanon,1996,13690217333.5879,72.293,4034243.0,14123.6
Lebanon,1997,15751867489.4446,72.778,4107551.0,16127.5
Lebanon,1998,17247179005.5219,72.944,4178784.0,16255.4
Lebanon,1999,17391056369.2265,73.49,4250020.0,17035.0
Lebanon,2000,17260364842.4544,73.931,4320642.0,15672.8
Lebanon,2001,17649751243.7811,74.365,4389200.0,16890.9
Lebanon,2002,19152238805.9701,75.064,4446666.0,16836.2
Lebanon,2003,20082918739.6352,75.593,4504807.0,17414.9
Lebanon,2004,21159827992.0398,75.976,4574797.0,17879.3
Lebanon,2005,21497336498.8391,76.273,4643044.0,17278.9
Lebanon,2006,22022709851.4096,76.08,4719864.0,16233.7
Lebanon,2007,24827355014.9254,77.08,4809608.0,15039.6
Lebanon,2008,29118916105.4726,77.584,4887613.0,18646.0
Lebanon,2009,35399582928.6899,77.889,4951135.0,21902.7
Lebanon,2010,38443907042.1227,78.156,4995800.0,20864.3
Lebanon,2011,39927125961.5257,78.404,5045056.0,21175.1
Lebanon,2012,44016799515.7546,78.628,5178337.0,23470.1
Lebanon,2013,46880103080.597,78.765,5678851.0,23244.5
Lebanon,2014,48095213746.6003,78.973,6274342.0,25151.0
Lebanon,2015,49929337836.8159,79.229,6398940.0,27016.8
Lebanon,2016,51147308774.1294,79.505,6258619.0,27755.1
Lebanon,2017,53027680685.9038,79.654,6109252.0,29170.9
Lebanon,2018,54901519155.5556,79.729,5950839.0,27401.3
Lebanon,2019,51605959131.2741,79.236,5781907.0,26916.5
Lebanon,2020,31712128253.7961,77.804,5662923.0,21474.9
Lebanon,2021,23131941556.7843,75.047,5592631.0,
Lebanon,2022,,,5489739.0,
Lebanon,2023,,,,
Lesotho,1990,596410263.743849,59.398,1798997.0,1395.5
Lesotho,1991,704325366.718393,59.193,1829509.0,1447.7
Lesotho,1992,831029861.704746,58.555,1858507.0,1503.0
Lesotho,1993,835582062.476169,57.991,1885478.0,1544.2
Lesotho,1994,878250945.280469,58.018,1910642.0,1584.1
Lesotho,1995,1001894000.27846,56.723,1934079.0,1614.7
Lesotho,1996,946112492.844847,55.232,1955098.0,1644.1
Lesotho,1997,998004258.715675,53.594,1972579.0,1674.7
Lesotho,1998,928460893.108965,51.783,1985639.0,1705.6
Lesotho,1999,912773681.050642,50.081,1994243.0,1725.0
Lesotho,2000,887291687.920796,48.427,1998630.0,1747.5
Lesotho,2001,825706961.238689,46.849,1999473.0,1770.8
Lesotho,2002,775777238.55814,45.595,1997534.0,1800.8
Lesotho,2003,1157825434.78971,44.53,1993030.0,1825.1
Lesotho,2004,1511236655.52047,43.711,1985384.0,1871.9
Lesotho,2005,1682343527.49221,43.233,1977424.0,1901.5
Lesotho,2006,1800092563.75462,42.914,1976780.0,1923.0
Lesotho,2007,1682131784.51365,43.123,1983465.0,1959.3
Lesotho,2008,1766902709.19935,43.566,1995014.0,2007.4
Lesotho,2009,1740894964.80511,44.034,2009169.0,2101.7
Lesotho,2010,2234754241.91918,45.596,2022747.0,2158.8
Lesotho,2011,2579409619.96722,46.692,2037677.0,2885.2
Lesotho,2012,2477702216.26888,47.835,2054718.0,2919.6
Lesotho,2013,2367112931.642,49.002,2073939.0,2206.5
Lesotho,2014,2441063054.05792,50.033,2095242.0,2349.0
Lesotho,2015,2359686724.53829,51.101,2118521.0,2144.2
Lesotho,2016,2131522791.45927,52.264,2143872.0,2126.2
Lesotho,2017,2306185472.14868,53.064,2170617.0,2402.3
Lesotho,2018,2556247291.99785,53.733,2198017.0,2276.6
Lesotho,2019,2361966946.29803,54.173,2225702.0,2300.1
Lesotho,2020,2067813018.99465,54.693,2254100.0,2311.9
Lesotho,2021,2348771013.21241,53.062,2281454.0,
Lesotho,2022,2236502124.16956,,2305825.0,
Lesotho,2023,,,,
Liberia,1990,,36.688,2209731.0,453.82
Liberia,1991,,42.795,1939236.0,374.5198
Liberia,1992,,42.738,2052626.0,402.374
Liberia,1993,,42.166,2132771.0,420.769
Liberia,1994,,41.796,2125198.0,418.824
Liberia,1995,,43.917,2142422.0,422.237
Liberia,1996,,44.419,2203966.0,435.902
Liberia,1997,,47.847,2383300.0,454.743
Liberia,1998,,48.901,2639224.0,490.455
Liberia,1999,,49.953,2789743.0,399.774
Liberia,2000,874000000.0,51.356,2895224.0,425.81
Liberia,2001,906000000.0,52.752,2981648.0,448.27
Liberia,2002,927000000.0,53.788,3060599.0,443.76
Liberia,2003,748000000.0,53.042,3085173.0,476.087
Liberia,2004,897000000.0,56.013,3122447.0,558.67
Liberia,2005,949000000.0,56.912,3266318.0,667.8
Liberia,2006,1119000000.0,57.62,3455397.0,687.15
Liberia,2007,1373000000.0,58.285,3632740.0,641.07
Liberia,2008,1726000000.0,58.772,3783887.0,540.16
Liberia,2009,1768000000.0,59.194,3905066.0,533.84
Liberia,2010,1998000000.0,59.433,4019956.0,729.76
Liberia,2011,2398000000.0,59.62,4181150.0,848.18
Liberia,2012,2791614000.0,59.913,4331740.0,944.15
Liberia,2013,3177198100.0,59.943,4427313.0,905.21
Liberia,2014,3225652000.0,59.121,4519398.0,1205.1
Liberia,2015,3227075700.0,59.148,4612329.0,1247.8
Liberia,2016,3398419600.0,60.416,4706097.0,1397.89
Liberia,2017,3390703400.0,60.553,4796631.0,1268.4
Liberia,2018,3422754800.0,60.853,4889391.0,1126.6
Liberia,2019,3319596500.0,61.104,4985289.0,1146.2
Liberia,2020,3039982500.0,60.948,5087584.0,1179.5
Liberia,2021,3509000000.0,60.747,5193416.0,
Liberia,2022,4001046970.0,,5302681.0,
Liberia,2023,,,,
Libya,1990,28904164239.3038,69.423,4236983.0,28603.5
Libya,1991,31991785107.4578,69.82,4341971.0,28821.6
Libya,1992,33887005288.2892,70.232,4444820.0,26342.3
Libya,1993,30660029871.1833,70.42,4544970.0,30590.9
Libya,1994,28610532505.2321,70.706,4641296.0,38651.8
Libya,1995,25541383196.7184,71.09,4733063.0,43491.8
Libya,1996,27884630117.8887,71.284,4820066.0,45439.7
Libya,1997,30700890193.4192,71.129,4902346.0,42204.9
Libya,1998,27251275902.7007,71.079,4980962.0,41902.4
Libya,1999,35975878804.2949,71.058,5057998.0,43223.2
Libya,2000,38270983031.7,70.68,5154790.0,44724.9
Libya,2001,34112079628.7572,70.861,5275916.0,44456.9
Libya,2002,20481889763.7795,71.004,5405326.0,45596.1
Libya,2003,26265625000.0,71.132,5542641.0,48931.5
Libya,2004,33122307692.3077,71.49,5687563.0,48469.0
Libya,2005,47334697612.4308,71.592,5837986.0,53004.1
Libya,2006,60094248771.565,71.724,5973369.0,52930.4
Libya,2007,68032985519.1,71.863,6097177.0,49395.5
Libya,2008,86710739535.8756,72.269,6228370.0,53275.9
Libya,2009,60808538331.5875,72.356,6360191.0,56404.0
Libya,2010,75380800665.2029,72.374,6491988.0,59559.6
Libya,2011,48169243832.0503,70.071,6188132.0,41506.4
Libya,2012,92540964666.6463,72.247,5869870.0,58315.1
Libya,2013,75351117629.3591,72.34,5985221.0,59767.3
Libya,2014,57372352561.9874,71.511,6097764.0,59289.1
Libya,2015,48717506273.4399,71.698,6192235.0,51331.2
Libya,2016,49912085228.2887,71.756,6282196.0,48694.8
Libya,2017,67157451661.405,72.482,6378261.0,52095.1
Libya,2018,76686048497.4801,72.794,6477793.0,54100.1
Libya,2019,69254143966.8182,72.463,6569088.0,54692.7
Libya,2020,46808208746.0839,72.472,6653942.0,44467.0
Libya,2021,39798423941.0335,71.911,6735277.0,
Libya,2022,45752336035.9846,,6812341.0,
Libya,2023,,,,
Liechtenstein,1990,1421509216.37424,,28765.0,198.970856
Liechtenstein,1991,1484160302.14952,,29168.0,206.329151
Liechtenstein,1992,1631177029.45063,,29581.0,206.950491
Liechtenstein,1993,1673085244.6879,,30012.0,215.03442
Liechtenstein,1994,1948129622.75132,78.4219512195122,30447.0,201.11109
Liechtenstein,1995,2428525060.69927,77.390243902439,30890.0,204.201614
Liechtenstein,1996,2504012993.42238,76.8365853658537,31337.0,205.960367
Liechtenstein,1997,2298389802.88883,76.0463414634146,31770.0,218.376491
Liechtenstein,1998,2479699106.02264,77.7463414634146,32190.0,229.238713
Liechtenstein,1999,2664105901.18863,79.109756097561,32615.0,226.566397
Liechtenstein,2000,2483889858.32312,76.8268292682927,33026.0,216.859998
Liechtenstein,2001,2491800558.77674,79.2756097560976,33376.0,214.67105
Liechtenstein,2002,2688618747.38148,79.6365853658537,33693.0,220.018273
Liechtenstein,2003,3070803051.42164,79.9609756097561,34000.0,229.354516
Liechtenstein,2004,3454373797.74442,81.7707317073171,34300.0,229.39083
Liechtenstein,2005,3659319116.88057,80.6682926829268,34603.0,228.986322
Liechtenstein,2006,4000102086.14635,80.9487804878049,34889.0,231.1208
Liechtenstein,2007,4601429897.21468,81.2951219512195,35150.0,200.793925
Liechtenstein,2008,5081479840.08716,82.6829268292683,35401.0,219.535867
Liechtenstein,2009,4504375348.07038,81.5,35675.0,205.374673
Liechtenstein,2010,5082337238.44718,81.8414634146342,35926.0,190.830439
Liechtenstein,2011,5739706004.89616,81.7926829268293,36189.0,176.781993
Liechtenstein,2012,5456102482.28614,82.3829268292683,36505.0,185.325447
Liechtenstein,2013,6391708310.67727,82.2609756097561,36806.0,192.544887
Liechtenstein,2014,6657526979.72277,82.0731707317073,37096.0,161.25917
Liechtenstein,2015,6268515276.17441,82.6560975609756,37355.0,159.773794
Liechtenstein,2016,6237302033.50132,82.2585365853659,37609.0,149.838256
Liechtenstein,2017,6474308717.85289,83.7463414634147,37889.0,155.769397
Liechtenstein,2018,6692620691.84146,83.0414634146342,38181.0,142.950403
Liechtenstein,2019,6436467007.11932,84.1609756097561,38482.0,149.025716
Liechtenstein,2020,6405870210.32293,81.6585365853659,38756.0,141.996093
Liechtenstein,2021,7710380085.92257,84.4024390243902,39039.0,
Liechtenstein,2022,,,39327.0,
Liechtenstein,2023,,,,
Lithuania,1990,,71.1607317073171,3697838.0,32217.9
Lithuania,1991,,70.3641463414634,3704134.0,34291.0
Lithuania,1992,,70.2343902439025,3700114.0,19998.0
Lithuania,1993,,68.9104878048781,3682613.0,15754.1
Lithuania,1994,,68.530243902439,3657144.0,14819.2
Lithuania,1995,7867140395.33705,69.0063414634147,3629102.0,13745.8
Lithuania,1996,8382519637.46224,70.1080487804878,3601613.0,14239.8
Lithuania,1997,10118631851.5322,70.9090243902439,3575137.0,13924.1
Lithuania,1998,11239547690.9797,71.219512195122,3549331.0,14706.6
Lithuania,1999,10971583944.7561,71.5707317073171,3524238.0,12247.2
Lithuania,2000,11524776866.6379,72.0195121951219,3499536.0,10515.9
Lithuania,2001,12237388001.7264,71.6585365853659,3470818.0,11155.5
Lithuania,2002,14259781159.0119,71.7609756097561,3443067.0,11223.2
Lithuania,2003,18781721376.1985,72.0609756097561,3415213.0,11232.7
Lithuania,2004,22627507451.5648,71.9609756097561,3377075.0,11915.0
Lithuania,2005,26097677571.8373,71.2536585365854,3322528.0,12829.2
Lithuania,2006,30183575103.5262,71.0560975609756,3269909.0,13019.7
Lithuania,2007,39697891351.9431,70.9,3231294.0,13209.6
Lithuania,2008,47797551587.8823,71.8121951219512,3198231.0,13066.4
Lithuania,2009,37388122046.1496,72.9146341463415,3162916.0,11692.1
Lithuania,2010,37128694028.243,73.2682926829268,3097282.0,12603.0
Lithuania,2011,43535051482.3869,73.5634146341464,3028115.0,11845.6
Lithuania,2012,42927454291.478,73.8634146341464,2987773.0,11925.8
Lithuania,2013,46523420074.4372,73.9146341463415,2957689.0,11331.1
Lithuania,2014,48533659592.1728,74.5170731707317,2932367.0,10862.9
Lithuania,2015,41435533340.3883,74.3219512195122,2904910.0,11067.4
Lithuania,2016,43047309305.7363,74.6707317073171,2868231.0,11203.1
Lithuania,2017,47758736931.7801,75.4804878048781,2828403.0,11222.2
Lithuania,2018,53751411409.4447,75.6804878048781,2801543.0,11652.5
Lithuania,2019,54808531641.4117,76.2829268292683,2794137.0,11735.8
Lithuania,2020,56964942999.3651,74.9780487804878,2794885.0,11693.8
Lithuania,2021,66798933785.7702,74.3390243902439,2800839.0,
Lithuania,2022,70974490450.4944,,2831639.0,
Lithuania,2023,,,,
Low & middle income,1990,3845266120208.31,62.7220748228561,4246144171.0,8813945.259535
Low & middle income,1991,3729473384348.64,62.8844848180583,4326435528.0,8960270.369658
Low & middle income,1992,3884677750337.56,63.1704040778872,4404987014.0,8951857.255663
Low & middle income,1993,4323989841633.18,63.4043355302537,4482824315.0,9003257.93975
Low & middle income,1994,4507204164511.72,63.6659545870696,4560256953.0,8935097.029872
Low & middle income,1995,5076505594820.92,63.9089935083662,4637327736.0,9346332.181136
Low & middle income,1996,5584212173624.4,64.1751108590301,4714457805.0,9424897.812451
Low & middle income,1997,5915240605398.02,64.5411851089854,4791350281.0,9563289.519615
Low & middle income,1998,5764015339860.08,64.856522630806,4867621521.0,9692178.77943
Low & middle income,1999,5485713212352.92,65.2028539479503,4942884760.0,9729521.185024
Low & middle income,2000,6011297746425.22,65.5362074172575,5017754094.0,10139747.416045
Low & middle income,2001,6069515357132.69,65.92539847579,5092597797.0,10461682.279837
Low & middle income,2002,6221839794629.11,66.2443009218683,5167128185.0,10849988.601733
Low & middle income,2003,7004472564895.29,66.5728297938121,5241165329.0,11749704.856512
Low & middle income,2004,8304623323852.93,66.8058118392856,5315125594.0,12719151.46405
Low & middle income,2005,9876738756472.03,67.2041736420953,5389050292.0,13646458.170225
Low & middle income,2006,11711654285112.7,67.6020245543774,5462498035.0,14578574.380212
Low & middle income,2007,14457806825837.0,67.8827031093505,5535250735.0,15475011.214679
Low & middle income,2008,17286652530726.6,68.0694512944647,5609097906.0,15953145.392288
Low & middle income,2009,16888677826347.2,68.4978154509818,5684268515.0,16362071.531108
Low & middle income,2010,20548129220173.3,68.7981967409366,5760811387.0,17591125.597224
Low & middle income,2011,24226805704811.9,69.1672784598718,5839474111.0,18781990.744189
Low & middle income,2012,25783904736644.7,69.4904904762287,5919873728.0,19332864.235
Low & middle income,2013,27290219800329.4,69.8182930468952,6000646643.0,19895263.019
Low & middle income,2014,28219109566497.0,70.1479916528544,6081160760.0,20194597.152
Low & middle income,2015,26754191796270.8,70.4391656369297,6160876270.0,20008374.912
Low & middle income,2016,26958491510323.7,70.7247123240967,6240319049.0,20146301.188
Low & middle income,2017,29635037484767.9,70.9664834166204,6320334263.0,20716381.032
Low & middle income,2018,31407572198498.7,71.2506490954361,6399036689.0,21553786.3975
Low & middle income,2019,32161964423657.0,71.454671513365,6476092964.0,21860472.61
Low & middle income,2020,31016572707362.3,70.7632367017895,6549996251.0,21383256.243
Low & middle income,2021,36577654820988.3,69.7185016131564,6618837270.0,
Low & middle income,2022,38810361603320.4,,6678280291.0,
Low & middle income,2023,,,,
Low income,1990,141891372926.36,49.6963466317581,288759638.0,180897.955181
Low income,1991,162495729453.551,49.6936529879089,296103521.0,177458.756894
Low income,1992,122483564490.431,49.5935825975985,304997572.0,162884.604723
Low income,1993,132847515557.971,50.4078040474697,314673487.0,154687.818142
Low income,1994,138938815110.273,51.1268869833867,323847963.0,151769.088085
Low income,1995,136313224589.994,50.853191615585,333181004.0,149647.861767
Low income,1996,141958637067.185,50.9798901182202,343031111.0,144403.233325
Low income,1997,152262649305.074,51.441184850251,352755561.0,143631.874587
Low income,1998,156049750891.459,51.0085656010404,362458276.0,142412.542441
Low income,1999,158925256223.011,52.2381669465113,372579993.0,149740.174746
Low income,2000,186809318474.339,53.2148124943112,382593480.0,156945.237652
Low income,2001,186699196459.671,53.7294754409128,392924294.0,162517.451617
Low income,2002,201094326992.533,54.2138092338243,404771898.0,161348.832257
Low income,2003,219463200028.277,55.3095874754868,417212831.0,168692.453164
Low income,2004,257711816421.335,55.7937741400213,429354375.0,174600.106363
Low income,2005,308501631373.174,56.3924136820081,441886612.0,192793.730225
Low income,2006,356636633411.267,57.2477055969343,455313027.0,201912.750212
Low income,2007,429218011041.139,57.9288208180238,469010772.0,197405.364679
Low income,2008,514563539383.999,58.5034576101922,482640782.0,211118.762288
Low income,2009,528452839604.879,59.2191058162556,496609143.0,196252.771108
Low income,2010,594157764345.532,59.7251394508663,510897321.0,196253.707224
Low income,2011,432139521562.834,60.3049120087039,525506329.0,181921.827189
Low income,2012,410092006489.203,60.5578998645092,540002626.0,170273.61
Low income,2013,418152247677.836,60.9283520807589,553835758.0,155154.11
Low income,2014,450512676609.534,61.3116057572894,567702296.0,160504.78
Low income,2015,450746097287.569,61.6995184139706,582173028.0,144653.01
Low income,2016,446660010173.2,62.2142411499284,597683499.0,149210.28
Low income,2017,494149568983.412,62.6237139090709,613946858.0,179017.85
Low income,2018,418173076161.261,62.9952039179532,630865826.0,183120.34
Low income,2019,445190704339.154,63.4239909431004,648755452.0,191195.28
Low income,2020,438045256317.456,62.9545325364614,667053670.0,179664.936
Low income,2021,465047139991.8,62.4961095080066,685250041.0,
Low income,2022,528124562235.072,,703727949.0,
Low income,2023,,,,
Lower middle income,1990,944173906354.809,59.1992495413108,1844475984.0,2103131.876
Lower middle income,1991,887480485838.619,59.4100205700707,1887004231.0,2154972.12
Lower middle income,1992,918834825591.489,59.7987102130618,1928297051.0,2127063.985028
Lower middle income,1993,921358929713.119,60.0173282525399,1968978416.0,2093992.369589
Lower middle income,1994,1001071230831.29,60.2679705349874,2009876827.0,2065517.946445
Lower middle income,1995,1177953044123.6,60.5301805674279,2051126886.0,2143564.011962
Lower middle income,1996,1340432344565.85,60.8252839872838,2092206279.0,2176837.22135
Lower middle income,1997,1396543994766.32,61.2194922879195,2133529481.0,2248837.052183
Lower middle income,1998,1413627722439.95,61.6508059877127,2175317595.0,2270538.213127
Lower middle income,1999,1312209465423.13,62.1432206900465,2217196774.0,2388906.027523
Lower middle income,2000,1377689290058.75,62.4396804277818,2259879800.0,2459953.196
Lower middle income,2001,1414796686586.83,62.7762216640277,2303146181.0,2525893.95
Lower middle income,2002,1489796027234.04,63.1947338151646,2345451008.0,2597706.72
Lower middle income,2003,1703311379683.16,63.5410569443878,2387347922.0,2695494.33
Lower middle income,2004,1987707039182.18,63.8893261520827,2429871397.0,2830470.42
Lower middle income,2005,2315096942200.18,64.2531628402558,2471959522.0,2943732.08
Lower middle income,2006,2718604742250.14,64.6524048372999,2513577643.0,3093238.66
Lower middle income,2007,3355447329844.2,64.9312788791457,2555229019.0,3298000.76
Lower middle income,2008,3782293203145.03,65.1048615451863,2596637908.0,3426922.47
Lower middle income,2009,3812693386838.11,65.5469341649783,2638537324.0,3562625.33
Lower middle income,2010,4566635008993.32,65.9228553742357,2681991417.0,3744660.33
Lower middle income,2011,5212391795444.29,66.3686788116918,2726052485.0,3916449.71
Lower middle income,2012,5492168076118.95,66.7718929726812,2769675465.0,4116165.79
Lower middle income,2013,5604827492999.41,67.1721389210957,2813932332.0,4244071.39
Lower middle income,2014,5896070873618.92,67.60360316224,2858673420.0,4483108.91
Lower middle income,2015,5746408702559.69,67.9931657405397,2902878488.0,4515567.19
Lower middle income,2016,6004441275215.17,68.3747743338225,2946639176.0,4664838.81
Lower middle income,2017,6457236621675.62,68.6952348131656,2990172548.0,4856633.84
Lower middle income,2018,6612134450126.96,68.9324883068667,3033153113.0,5105467.74
Lower middle income,2019,6884143285710.08,69.1299681779679,3075311775.0,5122757.31
Lower middle income,2020,6618962128022.98,68.5519023160901,3117225754.0,4819595.8
Lower middle income,2021,7595602780154.06,66.9121239285529,3157462375.0,
Lower middle income,2022,8171521483867.57,,3190184199.0,
Lower middle income,2023,,,,
Luxembourg,1990,12778792853.6939,75.4383170731707,381850.0,11285.0
Luxembourg,1991,13834219728.293,75.4634146341463,387000.0,11753.4
Luxembourg,1992,15518702634.8808,75.7707317073171,392175.0,11435.5
Luxembourg,1993,15925521222.0149,75.7121951219512,397475.0,11645.3
Luxembourg,1994,17701798890.7644,76.3707317073171,402925.0,10810.6
Luxembourg,1995,20853093869.7318,76.5121951219512,408625.0,8659.9
Luxembourg,1996,20895314657.9805,76.519512195122,414225.0,8736.8
Luxembourg,1997,19563836265.2233,76.880487804878,419450.0,8242.2
Luxembourg,1998,20150053345.1878,77.0170731707317,424700.0,7565.5
Luxembourg,1999,21899317598.8414,77.7707317073171,430475.0,7920.3
Luxembourg,2000,21230182989.3036,77.8731707317073,436300.0,8556.7
Luxembourg,2001,21387533703.2327,77.8243902439025,441525.0,9118.5
Luxembourg,2002,23649833332.1655,77.9658536585366,446175.0,9818.3
Luxembourg,2003,29667268248.1305,77.7268292682927,451630.0,10241.6
Luxembourg,2004,35064843792.8993,79.1219512195122,458095.0,11659.8
Luxembourg,2005,37672280120.4794,79.4317073170732,465158.0,11912.9
Luxembourg,2006,42910146296.0646,79.2878048780488,472637.0,11717.2
Luxembourg,2007,51587401415.7872,79.3829268292683,479993.0,11114.4
Luxembourg,2008,58844277701.5258,80.5390243902439,488650.0,11022.5
Luxembourg,2009,54467289897.5582,80.6365853658537,497783.0,10442.9
Luxembourg,2010,56213985987.4168,80.6317073170732,506953.0,11029.1
Luxembourg,2011,61696281326.2453,80.9878048780488,518347.0,10906.8
Luxembourg,2012,59776383527.3602,81.3926829268293,530946.0,10698.0
Luxembourg,2013,65203276466.9763,81.8,543360.0,10173.3
Luxembourg,2014,68804811897.6445,82.2292682926829,556319.0,9643.2
Luxembourg,2015,60071584216.1375,82.2926829268293,569604.0,9133.4
Luxembourg,2016,62216885435.9488,82.6853658536585,582014.0,8845.9
Luxembourg,2017,65712180342.9836,82.0951219512195,596336.0,9006.5
Luxembourg,2018,71000359760.4611,82.2951219512195,607950.0,9320.8
Luxembourg,2019,69890505323.5842,82.6390243902439,620001.0,9500.3
Luxembourg,2020,73699366700.2134,82.1439024390244,630419.0,7853.1
Luxembourg,2021,85584105993.8746,82.7487804878049,640064.0,
Luxembourg,2022,81641807865.7591,,653103.0,
Luxembourg,2023,,,,
"Macao SAR, China",1990,3246481233.24397,77.424,350227.0,
"Macao SAR, China",1991,3765249711.09098,77.904,362390.0,
"Macao SAR, China",1992,4914365189.04984,78.28,372370.0,
"Macao SAR, China",1993,5665606114.80317,78.63,380712.0,
"Macao SAR, China",1994,6311207779.92441,78.993,388779.0,
"Macao SAR, China",1995,7046147736.91671,79.349,396641.0,
"Macao SAR, China",1996,7176892950.39164,79.971,404297.0,
"Macao SAR, China",1997,7267570892.70211,80.162,411700.0,
"Macao SAR, China",1998,6797792190.19681,80.352,418776.0,
"Macao SAR, China",1999,6547670439.26,80.652,425518.0,
"Macao SAR, China",2000,6774193548.3871,80.959,431896.0,
"Macao SAR, China",2001,6860272608.45211,81.179,439122.0,
"Macao SAR, China",2002,7371692774.43404,81.293,449665.0,
"Macao SAR, China",2003,8246479565.94248,81.501,462533.0,
"Macao SAR, China",2004,10643253553.184,81.691,475529.0,
"Macao SAR, China",2005,12160056122.3757,82.033,488619.0,
"Macao SAR, China",2006,14874098691.9082,82.257,501863.0,
"Macao SAR, China",2007,18439981612.4086,82.543,515330.0,
"Macao SAR, China",2008,21027018332.6663,82.893,529038.0,
"Macao SAR, China",2009,21587786905.8499,83.276,543021.0,
"Macao SAR, China",2010,28241798491.593,83.109,557297.0,
"Macao SAR, China",2011,36845888757.1886,83.229,571003.0,
"Macao SAR, China",2012,43189721376.9846,83.326,582766.0,
"Macao SAR, China",2013,51536595089.2793,83.727,593374.0,
"Macao SAR, China",2014,54902831793.5018,83.883,604167.0,
"Macao SAR, China",2015,45048190598.3249,83.984,615239.0,
"Macao SAR, China",2016,45070808688.9611,84.231,626688.0,
"Macao SAR, China",2017,50383871120.8733,84.563,638609.0,
"Macao SAR, China",2018,55190661339.7796,84.928,650991.0,
"Macao SAR, China",2019,55082293844.1008,84.978,663653.0,
"Macao SAR, China",2020,25343525935.8358,85.184,676283.0,
"Macao SAR, China",2021,30969334705.0515,85.399,686607.0,
"Macao SAR, China",2022,24042287326.5729,,695168.0,
"Macao SAR, China",2023,,,,
Madagascar,1990,3931334875.01376,51.701,11882762.0,891.13
Madagascar,1991,3254713056.02171,52.357,12245260.0,952.69
Madagascar,1992,3714966678.33381,53.039,12623342.0,964.66
Madagascar,1993,4063298919.2868,53.906,13020100.0,996.72
Madagascar,1994,3522227092.22839,54.436,13436121.0,1213.12
Madagascar,1995,3838100903.74974,54.961,13869138.0,1371.8
Madagascar,1996,4931861038.70763,55.522,14317454.0,1308.3
Madagascar,1997,4262965419.74998,56.223,14778903.0,1419.42
Madagascar,1998,4401967632.73718,56.917,15250934.0,1626.94
Madagascar,1999,4277903780.29131,57.372,15730885.0,1669.63
Madagascar,2000,4629247203.84524,57.938,16216431.0,1654.02
Madagascar,2001,5438332601.90798,58.57,16709665.0,1669.04
Madagascar,2002,5351701663.40807,58.892,17211934.0,1121.93
Madagascar,2003,6372498889.66585,59.491,17724310.0,1553.4
Madagascar,2004,5064732626.29389,60.149,18250774.0,1645.54
Madagascar,2005,5859269752.61332,60.57,18792171.0,1709.64
Madagascar,2006,6395712490.94304,61.315,19350299.0,1637.09
Madagascar,2007,8524620889.57747,61.757,19924958.0,1723.1
Madagascar,2008,10725137723.6549,62.142,20513599.0,1780.34
Madagascar,2009,9616879409.43789,62.734,21117092.0,1686.22
Madagascar,2010,9982711338.07029,62.873,21731053.0,1869.8
Madagascar,2011,11551819617.874,63.494,22348158.0,2193.89
Madagascar,2012,11578975061.9479,63.544,22966240.0,2741.74
Madagascar,2013,12423555455.3853,63.962,23588073.0,2930.23
Madagascar,2014,12522957399.2281,64.255,24215976.0,3010.62
Madagascar,2015,11323020701.3017,64.339,24850912.0,3284.62
Madagascar,2016,11848613858.442,64.997,25501941.0,3181.72
Madagascar,2017,13176313593.5509,65.094,26169542.0,3481.0
Madagascar,2018,13760033282.2925,65.27,26846541.0,3304.87
Madagascar,2019,14104664678.5063,65.882,27533134.0,3927.7
Madagascar,2020,13051441203.9474,65.182,28225177.0,2745.45
Madagascar,2021,14554754116.5427,64.485,28915653.0,
Madagascar,2022,15297192798.9771,,29611714.0,
Madagascar,2023,,,,
Malawi,1990,2737087861.60887,43.323,9539665.0,722.47
Malawi,1991,3206783830.41779,43.312,9831584.0,792.02
Malawi,1992,2618837835.02508,43.413,10115420.0,792.69
Malawi,1993,3013392657.99911,43.388,10257233.0,885.5
Malawi,1994,1719864761.30628,43.561,10131799.0,907.53
Malawi,1995,2033701497.97085,43.641,10112816.0,909.27
Malawi,1996,3319573749.6119,43.441,10310528.0,926.59
Malawi,1997,3875785863.38323,43.131,10512678.0,922.39
Malawi,1998,2547609590.06984,42.848,10732456.0,896.45
Malawi,1999,2584478924.06081,43.568,10973956.0,932.68
Malawi,2000,2537307580.32808,44.518,11229387.0,875.23
Malawi,2001,2498008664.6691,45.895,11498818.0,847.28
Malawi,2002,5087328437.8737,47.221,11784498.0,859.92
Malawi,2003,4669789300.35662,48.79,12087965.0,893.44
Malawi,2004,5058726350.48896,50.453,12411342.0,898.57
Malawi,2005,5320409651.47544,52.044,12755648.0,854.327
Malawi,2006,5818279739.14354,53.238,13118307.0,861.944
Malawi,2007,6451210219.11683,53.946,13495463.0,927.19
Malawi,2008,7743617352.21427,54.604,13889423.0,1009.897
Malawi,2009,9009887946.82039,55.448,14298932.0,1036.69
Malawi,2010,10128323010.6049,56.381,14718422.0,984.46
Malawi,2011,11648142958.3651,57.455,15146094.0,1072.59
Malawi,2012,8773203178.16512,58.679,15581251.0,1076.42
Malawi,2013,8031571927.62055,59.729,16024775.0,1154.33
Malawi,2014,8801326169.14547,60.899,16477966.0,1045.6
Malawi,2015,9219474379.31534,61.378,16938942.0,1089.52
Malawi,2016,7909868618.46366,62.209,17405624.0,1223.57
Malawi,2017,8943543677.18899,62.977,17881167.0,1394.6
Malawi,2018,9880675785.93057,63.276,18367883.0,1609.4
Malawi,2019,11025371147.1876,64.119,18867337.0,1643.7
Malawi,2020,12056108778.3125,63.717,19377061.0,1640.0
Malawi,2021,12602334121.6286,62.904,19889742.0,
Malawi,2022,13164667626.9363,,20405317.0,
Malawi,2023,,,,
Malaysia,1990,44024585239.6137,71.307,17517054.0,54615.0
Malaysia,1991,49143148094.2683,71.442,18017464.0,65096.2
Malaysia,1992,59167550162.956,71.526,18526708.0,67174.7
Malaysia,1993,66894966968.9736,71.826,19050077.0,73044.4
Malaysia,1994,74478356957.7808,72.163,19588703.0,79739.3
Malaysia,1995,88705342902.7113,72.384,20136888.0,86310.0
Malaysia,1996,100855393910.486,72.327,20689051.0,98644.7
Malaysia,1997,100005323301.867,72.284,21249178.0,106015.2
Malaysia,1998,72167498980.8398,72.168,21810542.0,105685.2
Malaysia,1999,79148421052.6316,72.283,22368655.0,114454.7
Malaysia,2000,93789736842.1053,72.775,22945150.0,124355.9
Malaysia,2001,92783947368.4211,73.344,23542517.0,129458.7
Malaysia,2002,100845526315.789,73.563,24142445.0,136377.9
Malaysia,2003,110202368421.053,73.796,24739411.0,144010.0
Malaysia,2004,124749473684.211,73.898,25333247.0,157850.0
Malaysia,2005,143534405818.501,74.096,25923536.0,166973.4
Malaysia,2006,162692258307.056,74.164,26509413.0,173632.9
Malaysia,2007,193549569477.733,74.211,27092604.0,189464.8
Malaysia,2008,230811614370.384,74.25,27664296.0,202458.6
Malaysia,2009,202257453036.641,74.227,28217204.0,181472.7
Malaysia,2010,255017638455.59,74.442,28717731.0,199867.0
Malaysia,2011,297951668674.835,74.746,29184133.0,202401.3
Malaysia,2012,314443047642.111,74.944,29660212.0,205415.8
Malaysia,2013,323276235524.415,75.035,30134807.0,223086.5
Malaysia,2014,338066095097.254,75.146,30606459.0,236264.6
Malaysia,2015,301355266964.947,75.094,31068833.0,236229.4
Malaysia,2016,301256033870.334,75.289,31526418.0,231669.4
Malaysia,2017,319109094160.343,75.476,31975806.0,225104.1
Malaysia,2018,358788845712.53,75.644,32399271.0,241451.4
Malaysia,2019,365177721021.516,75.76,32804020.0,244882.0
Malaysia,2020,337456163961.211,75.938,33199993.0,245139.3
Malaysia,2021,373832428055.449,74.884,33573874.0,
Malaysia,2022,407027451714.616,,33938221.0,
Malaysia,2023,,,,
Maldives,1990,215043969.849246,63.578,224957.0,156.7
Maldives,1991,244396761.92334,64.304,232150.0,159.6
Maldives,1992,284875809.039634,65.007,239136.0,225.1
Maldives,1993,322417837.161971,65.739,245845.0,202.6
Maldives,1994,356014932.136461,66.511,252201.0,204.6
Maldives,1995,398988954.970263,67.476,258208.0,261.4
Maldives,1996,450382327.952421,68.702,263841.0,281.6
Maldives,1997,508223602.378929,69.225,269040.0,338.3
Maldives,1998,540096397.621071,69.572,273796.0,311.0
Maldives,1999,589239753.610875,70.088,278111.0,429.9
Maldives,2000,624337145.284622,70.876,282507.0,462.2
Maldives,2001,870031676.798793,72.181,287324.0,481.3
Maldives,2002,897031250.0,73.291,292284.0,614.4
Maldives,2003,1052121055.97237,74.06,297226.0,528.5
Maldives,2004,1226829564.81545,73.538,302135.0,693.1
Maldives,2005,1163362434.32768,74.751,307018.0,626.9
Maldives,2006,1575200390.9349,75.13,314401.0,790.5
Maldives,2007,1868383459.84347,75.686,325126.0,810.6
Maldives,2008,2271646188.14474,76.543,336883.0,870.6
Maldives,2009,2345294878.6681,77.069,349037.0,916.6
Maldives,2010,2588176058.41146,77.657,361575.0,963.0
Maldives,2011,2774350237.79742,78.124,374440.0,1012.8
Maldives,2012,2886163995.99666,78.682,387539.0,1144.6
Maldives,2013,3295009236.55661,79.057,400728.0,1128.5
Maldives,2014,3697353036.58648,79.424,416738.0,1355.2
Maldives,2015,4129505319.81871,79.695,435582.0,1339.3
Maldives,2016,4409942623.38674,79.872,454252.0,1465.9
Maldives,2017,4816426259.51373,79.943,472442.0,1546.1
Maldives,2018,5404344159.49959,80.013,489758.0,1776.1
Maldives,2019,5726094797.67486,80.116,504508.0,1999.5
Maldives,2020,3712604580.32081,79.875,514438.0,1454.0
Maldives,2021,5254366310.44801,79.918,521457.0,
Maldives,2022,6170638746.965,,523787.0,
Maldives,2023,,,,
Mali,1990,2681912148.69842,46.62,8945026.0,436.011
Mali,1991,2724131458.26216,47.216,9123969.0,441.298
Mali,1992,2830673378.13006,47.496,9310572.0,477.186
Mali,1993,2818281085.08646,47.733,9506510.0,516.773
Mali,1994,2081846497.74648,47.742,9711797.0,566.421
Mali,1995,2706425157.39397,47.816,9921094.0,611.996
Mali,1996,2780422049.21204,47.792,10131906.0,667.281
Mali,1997,2697105823.4661,48.531,10359301.0,744.99
Mali,1998,2920358710.50646,49.164,10620475.0,956.0
Mali,1999,3440724709.59258,49.797,10916993.0,999.0
Mali,2000,2961484953.86444,50.539,11239101.0,1093.8
Mali,2001,3468337942.32063,51.284,11583824.0,1196.9
Mali,2002,3908121307.01957,52.222,11952660.0,1243.5
Mali,2003,4714071979.68835,52.893,12342165.0,1279.3
Mali,2004,5454249125.72966,53.538,12751995.0,1451.2
Mali,2005,6247515888.14533,54.003,13180551.0,1500.8
Mali,2006,6905934217.90901,54.615,13623541.0,1581.7
Mali,2007,8156468826.12645,54.941,14080912.0,1837.4
Mali,2008,9838403100.50554,55.291,14551117.0,2016.6
Mali,2009,10231962390.2119,55.874,15032635.0,1943.9
Mali,2010,10689168016.2613,56.382,15529181.0,2154.0
Mali,2011,12995112690.2596,56.755,16039734.0,2346.7
Mali,2012,12442035339.1049,57.079,16514687.0,2510.7
Mali,2013,13242690786.0938,57.357,17004033.0,2813.6
Mali,2014,14364937124.0727,57.9,17551814.0,3174.4
Mali,2015,13104764378.326,58.363,18112907.0,3343.8
Mali,2016,14026048335.7047,58.731,18700106.0,3408.6
Mali,2017,15365713048.1993,59.132,19311355.0,3629.8
Mali,2018,17070867589.9055,59.393,19934298.0,3867.9
Mali,2019,17280250810.0321,59.664,20567424.0,3937.4
Mali,2020,17465392764.3706,58.633,21224040.0,4150.7
Mali,2021,19309463508.0377,58.941,21904983.0,
Mali,2022,18827176529.6983,,22593590.0,
Mali,2023,,,,
Malta,1990,2547163582.33149,75.8799756097561,354170.0,2314.6
Malta,1991,2750041434.26295,75.3554634146342,363845.0,2210.6
Malta,1992,3021910216.71827,75.2771219512195,367618.0,2169.1
Malta,1993,2709178326.78271,76.5993414634146,371308.0,2806.3
Malta,1994,2998570146.54095,76.4998536585366,374797.0,2507.0
Malta,1995,3461332684.8249,77.290243902439,377419.0,2378.8
Malta,1996,3585755121.48642,77.3414634146342,379905.0,2324.3
Malta,1997,3722389055.72239,77.7390243902439,382791.0,2469.6
Malta,1998,3958227428.44513,77.5878048780488,385287.0,2374.5
Malta,1999,4155187257.85622,77.5,387578.0,2409.2
Malta,2000,4069515556.78692,78.3487804878049,390087.0,2129.2
Malta,2001,4088368961.75836,78.8439024390244,393028.0,2489.1
Malta,2002,4470446352.32569,78.7390243902439,395969.0,2318.4
Malta,2003,5448415539.81248,78.5463414634146,398582.0,2608.0
Malta,2004,6098092511.83004,79.2536585365854,401268.0,2598.0
Malta,2005,6416184235.8384,79.3,403834.0,2626.4
Malta,2006,6778324087.13818,79.4390243902439,405308.0,2650.6
Malta,2007,7925371458.80527,79.7926829268293,406724.0,2715.6
Malta,2008,9090406749.5267,79.6365853658537,409379.0,2724.3
Malta,2009,8696366868.92276,80.2414634146342,412477.0,2509.9
Malta,2010,9035824366.00804,81.3975609756098,414508.0,2586.6
Malta,2011,9638728635.0143,80.7463414634146,416268.0,2573.1
Malta,2012,9461776291.79913,80.7463414634146,420028.0,2715.6
Malta,2013,10551030596.7558,81.7463414634146,425967.0,2371.5
Malta,2014,11625848974.8051,82.0463414634146,434558.0,2356.3
Malta,2015,11091483659.6156,81.8975609756097,445053.0,1657.1
Malta,2016,11668015565.8082,82.4536585365854,455356.0,1352.3
Malta,2017,13484541925.7714,82.3463414634146,467999.0,1521.2
Malta,2018,15404393365.2073,82.4487804878049,484630.0,1552.5
Malta,2019,15992378640.0553,82.8585365853659,504062.0,1658.6
Malta,2020,15252609039.0749,82.3487804878049,515332.0,1610.7
Malta,2021,18087205251.3605,82.8609756097561,518536.0,
Malta,2022,18125564514.2664,,531113.0,
Malta,2023,,,,
Marshall Islands,1990,78476000.0,62.176,46047.0,0.0
Marshall Islands,1991,82507000.0,62.282,47053.0,0.0
Marshall Islands,1992,91063000.0,62.383,48015.0,80.2
Marshall Islands,1993,99461000.0,62.476,48944.0,85.0
Marshall Islands,1994,108071000.0,62.558,49840.0,88.6
Marshall Islands,1995,120230000.0,62.774,50702.0,92.7
Marshall Islands,1996,110858000.0,63.034,51538.0,93.5
Marshall Islands,1997,110705600.0,63.225,52358.0,93.3
Marshall Islands,1998,112279400.0,63.364,53164.0,95.5
Marshall Islands,1999,114326300.0,63.48,53834.0,95.5
Marshall Islands,2000,115347500.0,63.275,54224.0,102.8
Marshall Islands,2001,122824000.0,63.642,54413.0,106.4
Marshall Islands,2002,131738200.0,63.719,54496.0,116.1
Marshall Islands,2003,131398500.0,63.745,54493.0,114.0
Marshall Islands,2004,132934600.0,63.695,54435.0,119.3
Marshall Islands,2005,137666300.0,63.585,54337.0,118.9
Marshall Islands,2006,142745200.0,63.489,54208.0,125.0
Marshall Islands,2007,149870000.0,63.36,54038.0,132.2
Marshall Islands,2008,145969100.0,63.236,53816.0,133.3
Marshall Islands,2009,150624900.0,63.23,53593.0,137.3
Marshall Islands,2010,160318500.0,63.226,53416.0,140.8
Marshall Islands,2011,171567100.0,63.256,52971.0,141.1
Marshall Islands,2012,179855800.0,63.373,52203.0,139.0
Marshall Islands,2013,185468000.0,63.464,51352.0,142.3
Marshall Islands,2014,185172900.0,63.623,50419.0,144.1
Marshall Islands,2015,182997300.0,63.827,49410.0,146.3
Marshall Islands,2016,200716000.0,64.057,48329.0,146.5
Marshall Islands,2017,212701200.0,64.27,47187.0,149.3
Marshall Islands,2018,219430038.452148,64.5,45989.0,151.1
Marshall Islands,2019,231996704.101563,64.746,44728.0,152.3
Marshall Islands,2020,240751144.40918,64.977,43413.0,110.0
Marshall Islands,2021,257784881.591797,65.269,42050.0,
Marshall Islands,2022,258774475.097656,,41569.0,
Marshall Islands,2023,,,,
Mauritania,1990,1506914407.82047,59.77,2006027.0,841.8
Mauritania,1991,2133692696.74857,59.936,2066302.0,863.0
Mauritania,1992,2164298425.48412,60.261,2147527.0,896.7
Mauritania,1993,1847353211.3475,60.379,2237064.0,914.8
Mauritania,1994,1944876755.00708,60.336,2315191.0,948.5
Mauritania,1995,2091726101.43014,60.259,2380341.0,1001.0
Mauritania,1996,2132087009.28942,60.063,2428816.0,1062.1
Mauritania,1997,2071996564.05296,60.452,2484278.0,1050.9
Mauritania,1998,2032347664.94993,60.609,2550501.0,988.3
Mauritania,1999,1985922775.53351,60.819,2620611.0,1109.2
Mauritania,2000,1779520886.47015,61.028,2695003.0,1118.7
Mauritania,2001,1746063557.61355,61.185,2761823.0,1178.8
Mauritania,2002,1777057481.26043,61.268,2821703.0,1269.7
Mauritania,2003,2051147606.73687,61.347,2883326.0,1303.6
Mauritania,2004,2362501023.24249,61.593,2946575.0,1413.5
Mauritania,2005,2936019525.60241,61.656,3012360.0,1448.0
Mauritania,2006,3919577285.92703,61.891,3081229.0,1459.4
Mauritania,2007,4346212355.02975,62.228,3153508.0,1716.9
Mauritania,2008,5206437193.80413,62.399,3233336.0,1797.1
Mauritania,2009,4714595547.75102,62.8,3322616.0,1994.7
Mauritania,2010,5628878797.98257,63.105,3419461.0,2073.7
Mauritania,2011,6764627745.9033,63.346,3524249.0,2182.9
Mauritania,2012,6728208836.22143,63.578,3636113.0,2355.4
Mauritania,2013,7223071097.08417,63.911,3742959.0,2101.2
Mauritania,2014,6592537781.81518,64.155,3843174.0,2534.5
Mauritania,2015,6166863896.68677,64.485,3946220.0,2966.5
Mauritania,2016,6398747592.13185,64.768,4051890.0,2584.2
Mauritania,2017,6800135898.28827,65.083,4160015.0,3408.3
Mauritania,2018,7473550557.07378,65.31,4270712.0,3716.1
Mauritania,2019,7894764885.82312,65.687,4383849.0,3824.8
Mauritania,2020,8260752385.23089,64.532,4498604.0,3847.1
Mauritania,2021,9222536364.01272,64.364,4614974.0,
Mauritania,2022,9780863578.97688,,4736139.0,
Mauritania,2023,,,,
Mauritius,1990,2653485892.62519,69.4048780487805,1058775.0,1164.1
Mauritius,1991,2856889220.42679,69.9560975609756,1070266.0,1251.6
Mauritius,1992,3224265890.42568,70.0585365853659,1084441.0,1323.3
Mauritius,1993,3263363787.16599,70.1073170731707,1097374.0,1469.1
Mauritius,1994,3558143578.02377,70.1585365853659,1112846.0,1514.2
Mauritius,1995,4040341982.72124,70.3258536585366,1122457.0,1551.5
Mauritius,1996,4421952040.85209,70.3229268292683,1133996.0,1614.1
Mauritius,1997,4187375953.6973,70.4048780487805,1148284.0,1624.2
Mauritius,1998,4169672974.84855,70.6073170731707,1160421.0,1791.6
Mauritius,1999,4343708953.07389,70.9609756097561,1175267.0,2198.4
Mauritius,2000,4663321081.4445,71.6634146341463,1186873.0,2431.9
Mauritius,2001,4613637274.93505,71.7658536585366,1196287.0,2565.6
Mauritius,2002,4841310239.63687,71.9658536585366,1204621.0,2612.6
Mauritius,2003,5816559038.54545,72.1170731707317,1213370.0,2748.6
Mauritius,2004,6578840418.9215,72.2658536585366,1221003.0,2770.3
Mauritius,2005,6488743193.07147,72.4321951219512,1228254.0,2961.8
Mauritius,2006,7028810680.89077,72.4321951219512,1233996.0,3304.2
Mauritius,2007,8150150209.22501,72.5707317073171,1239630.0,3395.2
Mauritius,2008,9990356673.73497,72.5707317073171,1244121.0,3466.8
Mauritius,2009,9128843109.15588,72.8824390243903,1247429.0,3423.3
Mauritius,2010,10003670690.3497,72.9673170731707,1250400.0,3661.8
Mauritius,2011,11518413429.9684,73.2668292682927,1252404.0,3639.0
Mauritius,2012,11668696396.7887,73.8634146341464,1255882.0,3725.0
Mauritius,2013,12292974141.4044,74.0170731707317,1258927.0,3818.0
Mauritius,2014,13074129952.0532,74.1943902439024,1261208.0,3949.4
Mauritius,2015,12007291045.6489,74.3531707317073,1262879.0,3960.9
Mauritius,2016,12594155464.4136,74.3948780487805,1263747.0,4035.5
Mauritius,2017,13713506130.6081,74.5146341463415,1264887.0,4174.4
Mauritius,2018,14735695930.9727,74.4163414634146,1265577.0,4133.9
Mauritius,2019,14436346979.6355,74.2358536585366,1265985.0,4173.7
Mauritius,2020,11408106446.3144,74.1770731707317,1266014.0,3720.2
Mauritius,2021,11484357947.9086,73.680243902439,1266334.0,
Mauritius,2022,12948726653.811,,1262523.0,
Mauritius,2023,,,,
Mexico,1990,261253675692.838,69.971,81720428.0,269575.4
Mexico,1991,313139656145.745,70.298,83351595.0,287995.8
Mexico,1992,363157832923.734,70.616,84993164.0,291682.5
Mexico,1993,530160763983.506,70.942,86648447.0,300667.5
Mexico,1994,553618247900.74,71.279,88314424.0,326504.8
Mexico,1995,380157469866.849,71.646,89969572.0,306842.1
Mexico,1996,432157945024.428,72.037,91586555.0,322699.1
Mexico,1997,523449530464.257,72.445,93183094.0,342478.4
Mexico,1998,557461102630.658,72.845,94767284.0,365142.4
Mexico,1999,631249359702.389,73.225,96334810.0,355178.3
Mexico,2000,742061329643.37,73.569,97873442.0,379176.0
Mexico,2001,796064590656.176,73.867,99394288.0,378830.6
Mexico,2002,810666116505.478,74.106,100917081.0,386004.6
Mexico,2003,765549967888.647,74.274,102429341.0,404692.2
Mexico,2004,819459227375.022,74.372,103945813.0,414102.0
Mexico,2005,917571853345.583,74.376,105442402.0,432187.4
Mexico,2006,1020265057698.51,74.331,106886790.0,448302.8
Mexico,2007,1102355554788.94,74.238,108302973.0,457121.0
Mexico,2008,1161553459894.8,74.152,109684489.0,459548.1
Mexico,2009,943437415098.633,74.119,111049428.0,448372.5
Mexico,2010,1105424238889.37,74.19,112532401.0,462869.5
Mexico,2011,1229013703255.77,74.365,114150481.0,478403.5
Mexico,2012,1255110424741.85,74.574,115755909.0,486454.2
Mexico,2013,1327436290360.97,74.739,117290686.0,475737.5
Mexico,2014,1364507717463.67,74.797,118755887.0,462240.1
Mexico,2015,1213294467527.59,74.682,120149897.0,471632.6
Mexico,2016,1112233497399.12,74.412,121519221.0,476394.6
Mexico,2017,1190721475958.84,74.138,122839258.0,474498.5
Mexico,2018,1256300182983.65,74.015,124013861.0,444898.4
Mexico,2019,1305212479961.59,74.202,125085311.0,451828.8
Mexico,2020,1120741118380.27,70.133,125998302.0,383131.4
Mexico,2021,1312557512901.28,70.213,126705138.0,
Mexico,2022,1465854089286.47,,127504125.0,
Mexico,2023,,,,
"Micronesia, Fed. Sts.",1990,147200000.0,67.425,98603.0,0.0
"Micronesia, Fed. Sts.",1991,166200000.0,67.619,100427.0,0.0
"Micronesia, Fed. Sts.",1992,178100000.0,67.832,102893.0,140.1
"Micronesia, Fed. Sts.",1993,198400000.0,68.059,106030.0,149.7
"Micronesia, Fed. Sts.",1994,202500000.0,68.095,108844.0,159.2
"Micronesia, Fed. Sts.",1995,221575300.0,68.553,110328.0,184.8
"Micronesia, Fed. Sts.",1996,218534700.0,68.776,110785.0,191.1
"Micronesia, Fed. Sts.",1997,206626300.0,69.229,111133.0,201.3
"Micronesia, Fed. Sts.",1998,218873100.0,69.465,111406.0,214.0
"Micronesia, Fed. Sts.",1999,220140500.0,69.706,111539.0,199.3
"Micronesia, Fed. Sts.",2000,233271800.0,69.769,111709.0,187.3
"Micronesia, Fed. Sts.",2001,240970900.0,70.479,111948.0,173.9
"Micronesia, Fed. Sts.",2002,242517200.0,69.46,111992.0,158.3
"Micronesia, Fed. Sts.",2003,245432900.0,70.76,111805.0,168.5
"Micronesia, Fed. Sts.",2004,240236000.0,70.838,111438.0,149.7
"Micronesia, Fed. Sts.",2005,250281900.0,70.884,110940.0,122.2
"Micronesia, Fed. Sts.",2006,253541900.0,71.093,110301.0,120.8
"Micronesia, Fed. Sts.",2007,256787200.0,71.06,109532.0,135.6
"Micronesia, Fed. Sts.",2008,263145100.0,71.137,108704.0,117.1
"Micronesia, Fed. Sts.",2009,280284600.0,71.112,107868.0,152.2
"Micronesia, Fed. Sts.",2010,296944100.0,71.233,107588.0,105.2
"Micronesia, Fed. Sts.",2011,311301600.0,71.318,107887.0,119.3
"Micronesia, Fed. Sts.",2012,327248700.0,71.398,108232.0,132.4
"Micronesia, Fed. Sts.",2013,317214400.0,71.499,108609.0,138.5
"Micronesia, Fed. Sts.",2014,319271200.0,71.529,109024.0,141.0
"Micronesia, Fed. Sts.",2015,316489900.0,71.408,109462.0,144.9
"Micronesia, Fed. Sts.",2016,332265200.0,71.595,109925.0,147.1
"Micronesia, Fed. Sts.",2017,366666800.0,71.467,110430.0,146.7
"Micronesia, Fed. Sts.",2018,401932300.0,71.318,110929.0,147.8
"Micronesia, Fed. Sts.",2019,416000000.0,71.077,111379.0,148.2
"Micronesia, Fed. Sts.",2020,408000000.0,70.674,112106.0,107.5
"Micronesia, Fed. Sts.",2021,406000000.0,70.71,113131.0,
"Micronesia, Fed. Sts.",2022,424000000.0,,114164.0,
"Micronesia, Fed. Sts.",2023,,,,
Middle East & North Africa,1990,809958827131.441,65.0632720470454,256203998.0,860056.96
Middle East & North Africa,1991,571969411313.2,66.2022315339596,263445808.0,884064.01
Middle East & North Africa,1992,627566887760.143,66.7719829247434,270652251.0,955464.75
Middle East & North Africa,1993,643308052215.771,67.1008997973969,276897626.0,1017015.72
Middle East & North Africa,1994,686296067710.451,67.2954363064383,282903612.0,1092421.93
Middle East & North Africa,1995,752146910983.376,67.6074566024281,289154944.0,1124668.68
Middle East & North Africa,1996,840862600701.871,67.9936675734218,295366235.0,1163710.78
Middle East & North Africa,1997,883631054043.016,68.2615941736509,301680248.0,1218677.28
Middle East & North Africa,1998,868789129891.309,68.4964309550796,308041622.0,1223112.92
Middle East & North Africa,1999,942195465255.109,68.9193952041815,314472124.0,1268266.68
Middle East & North Africa,2000,1054208747376.3,69.2821780682104,321037453.0,1326170.3
Middle East & North Africa,2001,1049349462909.89,69.6311315403224,327691655.0,1391965.22
Middle East & North Africa,2002,1044485063788.28,69.9765924524349,333949565.0,1442649.38
Middle East & North Africa,2003,1158726695751.73,69.8601811862713,340215354.0,1495318.41
Middle East & North Africa,2004,1367503307898.4,70.3384398627153,347044925.0,1578943.9
Middle East & North Africa,2005,1643478702842.61,70.6309307908833,354462370.0,1683895.2
Middle East & North Africa,2006,1924932554666.9,70.8402881373532,362633997.0,1781079.5
Middle East & North Africa,2007,2272331591869.4,71.1803591602098,371324802.0,1863168.6
Middle East & North Africa,2008,2830409520510.3,71.4663911342211,380294099.0,1975746.6
Middle East & North Africa,2009,2557001379167.31,71.8198069070667,389332369.0,2039848.5
Middle East & North Africa,2010,2994822249908.73,72.1063833194012,397997557.0,2128654.5
Middle East & North Africa,2011,3378428248016.06,72.3722852310438,406045323.0,2172950.6
Middle East & North Africa,2012,3642052425017.32,72.2846780246288,414117603.0,2293100.1
Middle East & North Africa,2013,3581785465156.83,72.3442426683639,422790409.0,2341101.89
Middle East & North Africa,2014,3602485624081.21,72.6238633901154,431664579.0,2419002.47
Middle East & North Africa,2015,3179422260336.28,72.8895160840123,440506473.0,2453243.85
Middle East & North Africa,2016,3213373155828.38,73.1525218426913,448917409.0,2476429.97
Middle East & North Africa,2017,3352266378252.93,73.6097428540992,456885486.0,2511165.4
Middle East & North Africa,2018,3518411932515.51,73.8115171255443,465073490.0,2500417.4
Middle East & North Africa,2019,3522918900782.3,73.9591150111936,473201775.0,2508614.57
Middle East & North Africa,2020,3158039788618.23,72.9497683319316,479966649.0,2416064.9
Middle East & North Africa,2021,3741604188467.06,72.7460552075238,486174763.0,
Middle East & North Africa,2022,4426622170629.0,,493279469.0,
Middle East & North Africa,2023,,,,
Middle East & North Africa (IDA & IBRD countries),1990,504208667612.756,64.3200057350326,226868111.0,532994.2
Middle East & North Africa (IDA & IBRD countries),1991,267675262406.498,65.5585440291806,233174871.0,548964.99
Middle East & North Africa (IDA & IBRD countries),1992,297142477968.024,66.1351551400815,238968838.0,589786.0
Middle East & North Africa (IDA & IBRD countries),1993,310834752638.662,66.4478433545246,244147588.0,631232.9
Middle East & North Africa (IDA & IBRD countries),1994,339555359696.217,66.6218867335853,249198247.0,684684.4
Middle East & North Africa (IDA & IBRD countries),1995,376446169540.366,66.9399820546723,254479053.0,707814.7
Middle East & North Africa (IDA & IBRD countries),1996,425196434910.155,67.330456137249,259648021.0,726363.1
Middle East & North Africa (IDA & IBRD countries),1997,448652237427.467,67.6056305610493,264860153.0,766587.8
Middle East & North Africa (IDA & IBRD countries),1998,461876753126.164,67.82423611596,270162305.0,748240.9
Middle East & North Africa (IDA & IBRD countries),1999,501953663208.792,68.2568950163231,275508430.0,775499.6
Middle East & North Africa (IDA & IBRD countries),2000,531888592461.127,68.6233338932417,280976957.0,813164.0
Middle East & North Africa (IDA & IBRD countries),2001,538316194815.908,68.9637362403084,286546301.0,853985.0
Middle East & North Africa (IDA & IBRD countries),2002,524740281472.209,69.3087484886951,291738620.0,872569.6
Middle East & North Africa (IDA & IBRD countries),2003,573739455538.202,69.1230574789837,296947926.0,898626.3
Middle East & North Africa (IDA & IBRD countries),2004,681175304683.349,69.6081160153551,302709154.0,955112.6
Middle East & North Africa (IDA & IBRD countries),2005,803395814760.267,69.8841373211559,308628177.0,1028354.2
Middle East & North Africa (IDA & IBRD countries),2006,936958782128.502,70.0719112166503,314576732.0,1079050.1
Middle East & North Africa (IDA & IBRD countries),2007,1142496171537.59,70.4070138492431,320585896.0,1121516.8
Middle East & North Africa (IDA & IBRD countries),2008,1408940145207.77,70.6645249982073,326701327.0,1165353.5
Middle East & North Africa (IDA & IBRD countries),2009,1370510388101.01,71.0046504281841,332985938.0,1207787.8
Middle East & North Africa (IDA & IBRD countries),2010,1578098825455.63,71.2575818425094,339527169.0,1231947.5
Middle East & North Africa (IDA & IBRD countries),2011,1625215015080.82,71.503547867921,345887176.0,1238709.1
Middle East & North Africa (IDA & IBRD countries),2012,1752600144095.36,71.3540519418564,352259724.0,1297696.5
Middle East & North Africa (IDA & IBRD countries),2013,1610532053136.12,71.3759772152023,359233517.0,1327780.49
Middle East & North Africa (IDA & IBRD countries),2014,1586867026417.61,71.6923140703475,366582958.0,1360355.17
Middle East & North Africa (IDA & IBRD countries),2015,1425097284881.38,71.9585514664059,373867247.0,1349815.45
Middle East & North Africa (IDA & IBRD countries),2016,1460439521134.79,72.2301322796325,380687450.0,1367274.87
Middle East & North Africa (IDA & IBRD countries),2017,1460779774224.84,72.7432285455686,387152617.0,1422054.5
Middle East & North Africa (IDA & IBRD countries),2018,1385560841911.77,72.9633890576299,393806257.0,1449693.5
Middle East & North Africa (IDA & IBRD countries),2019,1391490811737.43,73.1193901266412,400574097.0,1439681.67
Middle East & North Africa (IDA & IBRD countries),2020,1269352235067.64,72.1463761984205,407006855.0,1370939.0
Middle East & North Africa (IDA & IBRD countries),2021,1482949612650.41,71.8811305367081,413124452.0,
Middle East & North Africa (IDA & IBRD countries),2022,1677609783949.53,,419284769.0,
Middle East & North Africa (IDA & IBRD countries),2023,,,,
Middle East & North Africa (IDA & IBRD),1990,,,,
Middle East & North Africa (IDA & IBRD),1991,,,,
Middle East & North Africa (IDA & IBRD),1992,,,,
Middle East & North Africa (IDA & IBRD),1993,,,,
Middle East & North Africa (IDA & IBRD),1994,,,,
Middle East & North Africa (IDA & IBRD),1995,,,,
Middle East & North Africa (IDA & IBRD),1996,,,,
Middle East & North Africa (IDA & IBRD),1997,,,,
Middle East & North Africa (IDA & IBRD),1998,,,,
Middle East & North Africa (IDA & IBRD),1999,,,,
Middle East & North Africa (IDA & IBRD),2000,,,,
Middle East & North Africa (IDA & IBRD),2001,,,,
Middle East & North Africa (IDA & IBRD),2002,,,,
Middle East & North Africa (IDA & IBRD),2003,,,,
Middle East & North Africa (IDA & IBRD),2004,,,,
Middle East & North Africa (IDA & IBRD),2005,,,,
Middle East & North Africa (IDA & IBRD),2006,,,,
Middle East & North Africa (IDA & IBRD),2007,,,,
Middle East & North Africa (IDA & IBRD),2008,,,,
Middle East & North Africa (IDA & IBRD),2009,,,,
Middle East & North Africa (IDA & IBRD),2010,,,,
Middle East & North Africa (IDA & IBRD),2011,,,,
Middle East & North Africa (IDA & IBRD),2012,,,,
Middle East & North Africa (IDA & IBRD),2013,,,,
Middle East & North Africa (IDA & IBRD),2014,,,,
Middle East & North Africa (IDA & IBRD),2015,,,,
Middle East & North Africa (IDA & IBRD),2016,,,,
Middle East & North Africa (IDA & IBRD),2017,,,,
Middle East & North Africa (IDA & IBRD),2018,,,,
Middle East & North Africa (IDA & IBRD),2019,,,,
Middle East & North Africa (IDA & IBRD),2020,,,,
Middle East & North Africa (excluding high income),1990,508430708183.418,64.3512466818316,228846359.0,532994.2
Middle East & North Africa (excluding high income),1991,269916667384.707,65.5827064622717,235243716.0,548964.99
Middle East & North Africa (excluding high income),1992,299630629556.508,66.1571994891114,241132429.0,589786.0
Middle East & North Africa (excluding high income),1993,313437557827.683,66.4699288396404,246410264.0,631232.9
Middle East & North Africa (excluding high income),1994,342398659696.217,66.6481408535372,251564545.0,684684.4
Middle East & North Africa (excluding high income),1995,379728969540.366,66.9661972240301,256953719.0,707814.7
Middle East & North Africa (excluding high income),1996,428606034910.155,67.3573445540155,262236018.0,726363.1
Middle East & North Africa (excluding high income),1997,452412037427.467,67.6338559939291,267566671.0,766587.8
Middle East & North Africa (excluding high income),1998,465944553126.164,67.8527990951586,272938873.0,748240.9
Middle East & North Africa (excluding high income),1999,506224863208.792,68.2834814735427,278356861.0,775499.6
Middle East & North Africa (excluding high income),2000,536202192461.127,68.6414974738103,283899110.0,813164.0
Middle East & North Africa (excluding high income),2001,542319894815.908,68.9732952175763,289544085.0,853985.0
Middle East & North Africa (excluding high income),2002,528296081472.209,69.3260675196513,294813993.0,872569.6
Middle East & North Africa (excluding high income),2003,577707455538.202,69.1433468828083,300102895.0,898626.3
Middle East & North Africa (excluding high income),2004,685778404683.349,69.6247662656893,305945780.0,955112.6
Middle East & North Africa (excluding high income),2005,808521514760.267,69.9073718191941,311948573.0,1028354.2
Middle East & North Africa (excluding high income),2006,942307082128.502,70.091654959821,317983066.0,1079050.1
Middle East & North Africa (excluding high income),2007,1148311871537.59,70.4258404792105,324080392.0,1121516.8
Middle East & North Africa (excluding high income),2008,1416250545207.77,70.6835398614075,330293304.0,1165353.5
Middle East & North Africa (excluding high income),2009,1378596088101.01,71.0222190467391,336675037.0,1207787.8
Middle East & North Africa (excluding high income),2010,1587780325455.63,71.2768418587679,343313330.0,1231947.5
Middle East & North Africa (excluding high income),2011,1636401115080.82,71.5228584581609,349770162.0,1238709.1
Middle East & North Africa (excluding high income),2012,1764808544095.36,71.3776471462326,356239722.0,1297696.5
Middle East & North Africa (excluding high income),2013,1624047553136.12,71.4057468128264,363310225.0,1327780.49
Middle East & North Africa (excluding high income),2014,1600856726417.61,71.7027790275536,370756356.0,1360355.17
Middle East & North Africa (excluding high income),2015,1439069684881.38,71.9861891242774,378137339.0,1349815.45
Middle East & North Africa (excluding high income),2016,1475844921134.79,72.2564883768439,385054538.0,1367274.87
Middle East & North Africa (excluding high income),2017,1476907774224.84,72.7670011397562,391607422.0,1422054.5
Middle East & North Africa (excluding high income),2018,1401837441911.77,72.9843734174748,398375344.0,1449693.5
Middle East & North Africa (excluding high income),2019,1408624311737.43,73.1439185925959,405259403.0,1439681.67
Middle East & North Africa (excluding high income),2020,1284883935067.64,72.1726969965726,411810124.0,1370939.0
Middle East & North Africa (excluding high income),2021,1501058612650.41,71.8998757257437,418047201.0,
Middle East & North Africa (excluding high income),2022,1696713423187.56,,424328381.0,
Middle East & North Africa (excluding high income),2023,,,,
Middle income,1990,3709881094821.91,63.6725269524844,3957384533.0,8633047.304354
Middle income,1991,3577995916529.82,63.8536027220043,4030332007.0,8782811.612764
Middle income,1992,3765955546845.66,64.1803856423008,4099989442.0,8788972.65094
Middle income,1993,4195017812665.89,64.3855092259715,4168150828.0,8848570.121608
Middle income,1994,4372352995486.83,64.6244946113387,4236408990.0,8783327.941787
Middle income,1995,4942686974190.52,64.919634049573,4304146732.0,9196684.319369
Middle income,1996,5444135606945.6,65.2105599030243,4371426694.0,9280494.57912599
Middle income,1997,5765175438067.89,65.5823067434861,4438594720.0,9419657.645028
Middle income,1998,5610935709274.73,65.9706504352178,4505163245.0,9549766.236989
Middle income,1999,5330738144656.01,66.2597645308174,4570304767.0,9579781.010278
Middle income,2000,5830183109530.4,66.5532348203179,4635160614.0,9982802.178393
Middle income,2001,5888367399013.97,66.94506391915,4699673503.0,10299164.82822
Middle income,2002,6027440804501.75,67.2668252688741,4762356287.0,10688639.769476
Middle income,2003,6791961941963.9,67.5469663719917,4823952498.0,11581012.403348
Middle income,2004,8054944523179.65,67.7735374278213,4885771219.0,12544551.357687
Middle income,2005,9577960033013.03,68.1698930497297,4947163680.0,13453664.44
Middle income,2006,11365771711611.8,68.5435665129063,5007185008.0,14376661.63
Middle income,2007,14040931885615.2,68.8041943726044,5066239963.0,15277605.85
Middle income,2008,16786962311362.3,68.9700646740805,5126457124.0,15742026.63
Middle income,2009,16376207089161.5,69.3860597306284,5187659372.0,16165818.76
Middle income,2010,19970664770159.1,69.6811477710704,5249914066.0,17394871.89
Middle income,2011,23799213978477.4,70.0436943202778,5313967782.0,18600068.917
Middle income,2012,25375843431607.0,70.3870990355036,5379871102.0,19162590.625
Middle income,2013,26873320442592.0,70.7222317721672,5446810885.0,19740108.909
Middle income,2014,27770661614209.1,71.057847560141,5513458464.0,20034092.372
Middle income,2015,26306405505225.5,71.3512061050415,5578703242.0,19863721.902
Middle income,2016,26514494477467.7,71.626167717551,5642635550.0,19997090.908
Middle income,2017,29143948663893.0,71.8640798770567,5706387405.0,20537363.182
Middle income,2018,30988164983467.2,72.1535513315234,5768170863.0,21370666.0575
Middle income,2019,31716230149539.0,72.3487271280263,5827337512.0,21669277.33
Middle income,2020,30578372789487.2,71.6486508652581,5882942581.0,21203591.307
Middle income,2021,36110412339698.6,70.5525939301385,5933587229.0,
Middle income,2022,38281934115375.6,,5974552342.0,
Middle income,2023,,,,
Moldova,1990,,68.067,2965978.0,30532.1
Moldova,1991,,66.977,2973210.0,24599.5
Moldova,1992,,66.96,2975621.0,20322.2
Moldova,1993,,66.543,2974817.0,17414.1
Moldova,1994,,65.07,2967585.0,14138.2
Moldova,1995,1752979926.41489,65.099,2953200.0,12141.5
Moldova,1996,1695122173.91304,64.241,2947293.0,10402.7
Moldova,1997,1930081168.83117,65.172,2936413.0,9580.4
Moldova,1998,1698717504.65549,65.505,2935227.0,8649.1
Moldova,1999,1170782957.37443,65.561,2930622.0,7352.4
Moldova,2000,1288429391.79951,66.417,2924668.0,6709.6
Moldova,2001,1480673594.05602,66.787,2918135.0,7017.8
Moldova,2002,1661818168.4226,66.938,2911385.0,7182.4
Moldova,2003,1980907434.76826,67.419,2903198.0,7765.4
Moldova,2004,2598249555.89984,67.861,2896023.0,7775.9
Moldova,2005,2988342907.03096,68.169,2888985.0,8175.6
Moldova,2006,3408255450.5509,68.479,2880967.0,7975.1
Moldova,2007,4401173151.93767,68.947,2874299.0,8139.2
Moldova,2008,6054824248.24221,69.394,2868833.0,8150.0
Moldova,2009,5439434271.78807,69.573,2865213.0,7638.1
Moldova,2010,6974982369.60155,69.357,2862354.0,8295.1
Moldova,2011,8414352020.49442,69.192,2860699.0,8344.5
Moldova,2012,8709138634.82921,69.143,2860324.0,8137.3
Moldova,2013,9496717875.51932,69.099,2859558.0,7181.5
Moldova,2014,9399833207.49341,69.031,2857815.0,7712.2
Moldova,2015,7798692878.40136,69.24,2835978.0,8020.6
Moldova,2016,7982450758.03213,69.917,2803186.0,8143.0
Moldova,2017,9519053158.46404,70.516,2755189.0,8064.0
Moldova,2018,11253727815.4762,70.492,2707203.0,8555.9
Moldova,2019,11735774634.4239,70.935,2664224.0,8921.6
Moldova,2020,11531967881.0624,70.166,2635130.0,8611.2
Moldova,2021,13692230147.0588,68.846,2595809.0,
Moldova,2022,14508333280.4233,,2538894.0,
Moldova,2023,,,,
Monaco,1990,2481307077.10989,,30329.0,
Monaco,1991,2480540845.33242,,30564.0,
Monaco,1992,2737049230.70442,,30794.0,
Monaco,1993,2574494355.73357,,31024.0,
Monaco,1994,2720332134.53623,,31253.0,
Monaco,1995,3130309995.30848,,31482.0,
Monaco,1996,3137886994.52207,,31719.0,
Monaco,1997,2840195190.36905,,31968.0,
Monaco,1998,2934593467.68589,,32209.0,
Monaco,1999,2907118641.17756,,32394.0,
Monaco,2000,2654462665.26893,,32465.0,
Monaco,2001,2673723033.71239,,32444.0,
Monaco,2002,2919647981.81473,,32386.0,
Monaco,2003,3597089750.78276,,32316.0,
Monaco,2004,4043551488.82603,,32236.0,
Monaco,2005,4204652898.73103,,32141.0,
Monaco,2006,4586826512.71356,,32011.0,
Monaco,2007,5875790766.2621,,31823.0,
Monaco,2008,6502942244.93068,,31862.0,
Monaco,2009,5474379252.34114,,32401.0,
Monaco,2010,5367561569.59548,,33178.0,
Monaco,2011,6088689808.38347,,33945.0,
Monaco,2012,5742749294.00852,,34700.0,
Monaco,2013,6555591709.88585,,35425.0,
Monaco,2014,7069353073.08882,,36110.0,
Monaco,2015,6261649890.82388,,36760.0,
Monaco,2016,6465645584.94877,,37071.0,
Monaco,2017,6431271365.08338,,37044.0,
Monaco,2018,7182444409.54069,,37029.0,
Monaco,2019,7383944044.17,,37034.0,
Monaco,2020,6739645416.47916,,36922.0,
Monaco,2021,8626081320.50612,,36686.0,
Monaco,2022,8784002931.68665,,36469.0,
Monaco,2023,,,,
Mongolia,1990,2560785660.0,58.765,2161433.0,12968.1
Mongolia,1991,2379018326.31579,59.237,2200077.0,14758.07
Mongolia,1992,1317611863.84977,59.641,2236494.0,12858.42
Mongolia,1993,768401634.154573,60.038,2270311.0,11852.58
Mongolia,1994,925817092.217484,60.405,2301510.0,10323.84
Mongolia,1995,1452165005.2384,60.612,2330334.0,10275.47
Mongolia,1996,1345719472.35883,60.305,2357033.0,8690.27
Mongolia,1997,1180934202.83801,60.815,2381771.0,8518.94
Mongolia,1998,1124440204.84738,61.765,2405148.0,8548.7
Mongolia,1999,1057408588.68269,62.529,2428488.0,8606.58
Mongolia,2000,1136896123.61298,62.882,2450979.0,8996.67
Mongolia,2001,1267997934.3125,63.279,2472601.0,8970.4
Mongolia,2002,1396555719.97409,63.518,2494617.0,9604.46
Mongolia,2003,1595297355.78349,64.208,2516454.0,9312.16
Mongolia,2004,1992066808.09598,64.796,2537949.0,9561.28
Mongolia,2005,2523471601.10421,64.879,2559255.0,11058.15
Mongolia,2006,3414055661.61598,65.513,2581242.0,12419.2
Mongolia,2007,4234999703.90059,65.97,2605643.0,13021.5
Mongolia,2008,5623216608.04288,66.382,2633887.0,12974.4
Mongolia,2009,4583850367.88972,66.766,2666713.0,13638.49
Mongolia,2010,7189481998.90094,67.182,2702520.0,14311.1
Mongolia,2011,10409797377.8571,67.439,2743938.0,15729.4
Mongolia,2012,12292770631.565,68.111,2792349.0,17141.5
Mongolia,2013,12582122604.2577,68.585,2845153.0,18384.13
Mongolia,2014,12226514668.0622,69.047,2902823.0,18122.0
Mongolia,2015,11619892590.6941,69.498,2964749.0,17300.6
Mongolia,2016,11181350649.3573,69.865,3029555.0,18172.8
Mongolia,2017,11480847740.736,70.237,3096030.0,19575.5
Mongolia,2018,13178094720.4986,71.199,3163991.0,21545.7
Mongolia,2019,14206359017.5143,71.822,3232430.0,23146.9
Mongolia,2020,13312981429.0891,72.141,3294335.0,21184.7
Mongolia,2021,15286441737.6686,70.975,3347782.0,
Mongolia,2022,17146471626.3963,,3398366.0,
Mongolia,2023,,,,
Montenegro,1990,,75.5668780487805,606372.0,1915.340257
Montenegro,1991,,75.6826097560976,607105.0,1355.040692
Montenegro,1992,,74.3653658536585,608516.0,1483.273865
Montenegro,1993,,74.6332926829268,610170.0,1293.619997
Montenegro,1994,,73.2455365853659,611389.0,1256.652545
Montenegro,1995,,74.109,611712.0,1327.33624
Montenegro,1996,,73.4630243902439,611003.0,1552.994239
Montenegro,1997,,73.4790731707317,609520.0,1669.796938
Montenegro,1998,,73.3142195121951,607662.0,1757.579585
Montenegro,1999,,72.640756097561,606001.0,1211.858108
Montenegro,2000,984293043.811565,73.8184878048781,604950.0,1520.843393
Montenegro,2001,1159869245.92513,74.0694146341464,607389.0,1667.26822
Montenegro,2002,1284685050.52413,73.9064878048781,609828.0,1766.249476
Montenegro,2003,1707710053.14938,73.9317317073171,612267.0,1889.193348
Montenegro,2004,2073234417.68066,74.5639512195122,613353.0,2041.277687
Montenegro,2005,2257174480.78597,73.9829268292683,614261.0,2004.8
Montenegro,2006,2721903148.91482,73.8390243902439,615025.0,2179.3
Montenegro,2007,3680711743.77224,74.3390243902439,615875.0,2098.4
Montenegro,2008,4545674527.61096,75.1365853658537,616969.0,2693.3
Montenegro,2009,4159330369.5471,75.1439024390244,618294.0,1747.5
Montenegro,2010,4142983843.4912,75.990243902439,619428.0,2584.2
Montenegro,2011,4544428421.49513,75.9829268292683,620079.0,2535.9
Montenegro,2012,4087526241.81268,76.2,620601.0,2331.6
Montenegro,2013,4465772400.37453,76.490243902439,621207.0,2267.3
Montenegro,2014,4593853290.963,76.4414634146341,621810.0,2218.4
Montenegro,2015,4054730077.57718,76.4487804878049,622159.0,2359.1
Montenegro,2016,4376930578.32395,76.4414634146341,622303.0,2150.7
Montenegro,2017,4856599480.79882,76.4853658536585,622373.0,2267.0
Montenegro,2018,5506942238.35668,76.8414634146342,622227.0,2500.3
Montenegro,2019,5542054181.12616,76.6829268292683,622028.0,2601.1
Montenegro,2020,4769996866.00758,75.9317073170732,621306.0,2527.2
Montenegro,2021,5861427505.12493,73.8243902439024,619211.0,
Montenegro,2022,6229801580.79157,,617213.0,
Montenegro,2023,,,,
Morocco,1990,30179954774.9899,62.448,24570814.0,21497.8
Morocco,1991,32285573573.9185,62.946,24988083.0,23119.0
Morocco,1992,33711069430.78,63.401,25400676.0,24879.0
Morocco,1993,31655473663.8348,63.872,25806777.0,25577.0
Morocco,1994,35604137422.5796,64.346,26201551.0,27712.5
Morocco,1995,39030285468.3841,64.736,26599048.0,28791.8
Morocco,1996,43161571527.6353,65.238,26999093.0,28484.7
Morocco,1997,39147844526.0838,65.629,27397118.0,29903.8
Morocco,1998,46497608724.9865,66.018,27791825.0,30634.6
Morocco,1999,46266428648.1433,66.406,28176997.0,32198.7
Morocco,2000,43017455401.8445,66.787,28554415.0,32876.5
Morocco,2001,43831480207.6444,67.18,28930097.0,36273.0
Morocco,2002,47077192187.6418,67.547,29301817.0,37470.0
Morocco,2003,58029363354.2757,67.915,29661270.0,37251.1
Morocco,2004,66114145451.0067,68.231,30033125.0,41009.0
Morocco,2005,68852658068.6673,68.704,30431902.0,43579.9
Morocco,2006,75883823300.8545,69.128,30833022.0,44991.0
Morocco,2007,86947913286.728,69.604,31232633.0,46341.0
Morocco,2008,101822906949.063,70.048,31634992.0,48630.2
Morocco,2009,101154952240.881,70.458,32042877.0,48765.7
Morocco,2010,100865329473.44,70.829,32464865.0,51749.5
Morocco,2011,110080631332.375,71.269,32903699.0,55923.5
Morocco,2012,106937392311.129,71.679,33352169.0,58076.0
Morocco,2013,115739287305.08,72.122,33803527.0,57595.5
Morocco,2014,119130841411.664,72.538,34248603.0,58691.7
Morocco,2015,110413823841.592,72.92,34680458.0,60362.5
Morocco,2016,111572947004.917,73.284,35107264.0,60289.9
Morocco,2017,118540573367.844,73.66,35528115.0,63014.9
Morocco,2018,127341147581.818,73.986,35927511.0,64286.1
Morocco,2019,128920266409.458,74.27,36304408.0,70986.3
Morocco,2020,121353645057.144,73.92,36688772.0,66719.5
Morocco,2021,141817797083.468,74.042,37076584.0,
Morocco,2022,130912558829.84,,37457971.0,
Morocco,2023,,,,
Mozambique,1990,,44.469,13303459.0,1117.23
Mozambique,1991,3854856434.58062,44.66,13561175.0,936.09
Mozambique,1992,2798696511.18156,44.949,13816881.0,1097.38
Mozambique,1993,2883161897.42651,45.354,14206254.0,1288.573
Mozambique,1994,2958108170.32061,45.606,14912873.0,1096.88
Mozambique,1995,3061646173.73938,46.04,15594830.0,1172.64
Mozambique,1996,4030146134.5706,46.636,16079553.0,1161.72
Mozambique,1997,4873663774.93019,47.408,16521724.0,1287.66
Mozambique,1998,5551118148.73836,48.024,16923195.0,1241.68
Mozambique,1999,6285219691.22462,48.812,17337893.0,1233.76
Mozambique,2000,5930685214.61595,49.491,17768505.0,1426.9
Mozambique,2001,5650154067.10346,50.065,18220716.0,1411.5
Mozambique,2002,5950769426.60213,50.59,18694946.0,1570.9
Mozambique,2003,6583526860.58062,50.87,19186754.0,1904.6
Mozambique,2004,7937255565.35765,51.249,19694411.0,1910.0
Mozambique,2005,8868504899.94673,51.561,20211114.0,1709.1
Mozambique,2006,9509835536.93373,51.961,20735982.0,1861.0
Mozambique,2007,10811456005.9405,52.566,21280513.0,2230.7
Mozambique,2008,12920340964.6544,53.164,21845571.0,2238.7
Mozambique,2009,12263894790.0125,53.788,22436660.0,2494.3
Mozambique,2010,11411894723.864,54.198,23073723.0,2680.6
Mozambique,2011,14619279988.716,54.869,23760421.0,3294.3
Mozambique,2012,16688114144.0745,55.639,24487611.0,3640.8
Mozambique,2013,17198073057.1981,56.492,25251731.0,4150.5
Mozambique,2014,17978246586.0662,57.274,26038704.0,4823.3
Mozambique,2015,16208985769.615,58.151,26843246.0,5478.3
Mozambique,2016,12069051237.1711,59.038,27696493.0,7243.8
Mozambique,2017,13264640645.7768,59.771,28569441.0,7162.3
Mozambique,2018,15017358750.6113,60.526,29423878.0,6875.1
Mozambique,2019,15512759174.573,61.166,30285595.0,7530.2
Mozambique,2020,14235420505.2904,61.172,31178239.0,6945.5
Mozambique,2021,16168056388.9101,59.325,32077072.0,
Mozambique,2022,18406835954.6695,,32969518.0,
Mozambique,2023,,,,
Myanmar,1990,2115193503.48126,56.661,40099553.0,4083.0
Myanmar,1991,2069832686.98061,57.014,40680533.0,4015.2
Myanmar,1992,2411552296.53428,57.251,41237813.0,4278.2
Myanmar,1993,3163020043.89081,57.631,41788302.0,4813.6
Myanmar,1994,4432257187.49862,57.956,42337109.0,5647.4
Myanmar,1995,5289174927.11524,58.259,42880186.0,6936.6
Myanmar,1996,6123556701.03251,58.941,43423369.0,7309.6
Myanmar,1997,4722288502.3,59.243,43972046.0,7247.9
Myanmar,1998,6459461639.30243,59.794,44516185.0,7913.0
Myanmar,1999,8486832800.88498,59.881,45041636.0,8741.0
Myanmar,2000,8905066163.58643,60.155,45538332.0,9440.5
Myanmar,2001,6477790688.22844,60.416,46014826.0,8351.8
Myanmar,2002,6777632512.0781,60.725,46480230.0,8341.2
Myanmar,2003,10467109977.6717,60.98,46924293.0,10486.6
Myanmar,2004,10567354056.4049,61.25,47338446.0,10268.2
Myanmar,2005,11986972418.5103,61.599,47724471.0,10856.3
Myanmar,2006,14502553709.8303,61.893,48088274.0,10057.9
Myanmar,2007,20182477480.5512,62.371,48445647.0,10505.5
Myanmar,2008,31862554101.9378,56.506,48729486.0,7943.6
Myanmar,2009,36906181380.8127,63.155,49015836.0,7371.1
Myanmar,2010,49540813342.4834,63.329,49390988.0,8131.3
Myanmar,2011,59977326085.9908,63.901,49794522.0,8692.9
Myanmar,2012,59937796641.7889,64.141,50218185.0,11964.0
Myanmar,2013,60269732882.8413,64.815,50648334.0,13592.5
Myanmar,2014,65446196919.6813,65.056,51072436.0,17034.8
Myanmar,2015,59687411768.8224,65.561,51483949.0,19034.0
Myanmar,2016,63216143490.1423,65.685,51892349.0,21860.8
Myanmar,2017,66055090634.4518,65.843,52288341.0,32497.0
Myanmar,2018,67855845007.3168,66.465,52666014.0,32784.5
Myanmar,2019,75072038085.8542,66.61,53040212.0,33995.0
Myanmar,2020,79045695084.5069,66.797,53423198.0,33874.6
Myanmar,2021,66262813093.4824,65.672,53798084.0,
Myanmar,2022,62263466263.7375,,54179306.0,
Myanmar,2023,,,,
Namibia,1990,2789921853.37652,62.496,1369011.0,
Namibia,1991,2996869281.48364,62.098,1415617.0,1117.9
Namibia,1992,3429521699.4026,61.545,1461687.0,1218.1
Namibia,1993,3251188833.14533,60.86,1509834.0,1414.6
Namibia,1994,3666503529.62911,59.846,1558449.0,1636.2
Namibia,1995,3978514206.31168,58.634,1605370.0,1773.4
Namibia,1996,3989163196.56767,56.918,1650066.0,1923.7
Namibia,1997,4154989950.00393,55.558,1693242.0,1973.5
Namibia,1998,3873109865.55683,54.101,1735953.0,2017.6
Namibia,1999,3868551730.39163,53.036,1778277.0,1979.0
Namibia,2000,3922232164.83175,51.99,1819141.0,1942.3
Namibia,2001,3557341215.15159,51.26,1856402.0,2459.7
Namibia,2002,3349169826.38896,51.254,1888525.0,2131.6
Namibia,2003,4926439383.51425,51.083,1915425.0,2268.8
Namibia,2004,6609205994.77406,51.246,1939406.0,2376.7
Namibia,2005,7248374837.72056,51.787,1962865.0,2525.5
Namibia,2006,8001779551.06323,52.655,1986558.0,2491.3
Namibia,2007,8839536475.99963,53.68,2011492.0,2546.9
Namibia,2008,8607431497.49471,54.653,2038552.0,2929.9
Namibia,2009,8938847189.07592,55.496,2067919.0,3000.1
Namibia,2010,11431412421.1316,56.015,2099271.0,3103.5
Namibia,2011,12523359440.5499,56.553,2132340.0,3303.8
Namibia,2012,13042053591.6857,57.64,2167470.0,3507.4
Namibia,2013,12043307277.1235,58.694,2204510.0,3762.4
Namibia,2014,12435430969.6301,59.822,2243001.0,3932.1
Namibia,2015,11335161083.5061,60.7,2282704.0,4137.3
Namibia,2016,10722018732.0936,61.682,2323352.0,4152.0
Namibia,2017,12895153160.466,62.293,2364534.0,4224.0
Namibia,2018,13682018827.0434,62.586,2405680.0,4279.3
Namibia,2019,12541928102.7657,63.075,2446644.0,4316.3
Namibia,2020,10583748541.5258,62.829,2489098.0,3952.8
Namibia,2021,12446290854.8973,59.269,2530151.0,
Namibia,2022,12914932655.685,,2567012.0,
Namibia,2023,,,,
Nauru,1990,,61.356,9598.0,126.3
Nauru,1991,,61.303,9902.0,126.6
Nauru,1992,,61.223,10129.0,120.6
Nauru,1993,,61.338,10226.0,114.5
Nauru,1994,,61.463,10274.0,111.4
Nauru,1995,,61.321,10316.0,108.4
Nauru,1996,,60.504,10345.0,102.1
Nauru,1997,,59.644,10363.0,102.4
Nauru,1998,,59.224,10377.0,99.5
Nauru,1999,,58.803,10383.0,93.4
Nauru,2000,,58.732,10377.0,88.0
Nauru,2001,,58.278,10363.0,80.6
Nauru,2002,,58.181,10351.0,78.0
Nauru,2003,,58.095,10344.0,68.7
Nauru,2004,,58.072,10335.0,64.0
Nauru,2005,,58.161,10318.0,62.5
Nauru,2006,,58.379,10294.0,44.1
Nauru,2007,,58.53,10267.0,41.5
Nauru,2008,,58.833,10243.0,42.3
Nauru,2009,,59.123,10233.0,40.4
Nauru,2010,47562844.6104251,59.64,10241.0,42.7
Nauru,2011,65071879.7787162,60.24,10283.0,40.1
Nauru,2012,101055722.95058,60.715,10444.0,42.1
Nauru,2013,94385014.9425842,61.231,10694.0,47.3
Nauru,2014,99149244.4001333,61.807,10940.0,50.6
Nauru,2015,84863440.5801997,62.269,11185.0,54.5
Nauru,2016,97541943.0355053,62.702,11437.0,52.7
Nauru,2017,109355638.866955,62.988,11682.0,56.0
Nauru,2018,130995566.30391,63.234,11924.0,54.0
Nauru,2019,125160115.547819,63.484,12132.0,53.4
Nauru,2020,124685688.161094,63.437,12315.0,41.4
Nauru,2021,145536615.893046,63.617,12511.0,
Nauru,2022,151647846.128953,,12668.0,
Nauru,2023,,,,
Nepal,1990,3627560281.90505,54.833,19616530.0,938.8
Nepal,1991,3921476084.89072,55.712,20130779.0,1182.25
Nepal,1992,3401211581.29176,56.71,20702133.0,1234.16
Nepal,1993,3660041666.66667,57.619,21267359.0,1409.8
Nepal,1994,4066775510.20408,58.553,21794751.0,1744.5
Nepal,1995,4401104417.67068,59.318,22305571.0,1895.7
Nepal,1996,4521580381.47139,59.981,22783969.0,1959.1
Nepal,1997,4918691916.53516,60.771,23249417.0,2191.37
Nepal,1998,4856255044.39064,61.549,23703328.0,2315.7
Nepal,1999,5033642384.10596,62.113,24143157.0,3123.7
Nepal,2000,5494252207.90502,62.614,24559500.0,3221.0
Nepal,2001,6007055042.17687,63.336,24956071.0,3464.6
Nepal,2002,6050875806.66403,63.264,25332178.0,2786.7
Nepal,2003,6330473096.54071,64.197,25682908.0,3021.8
Nepal,2004,7273938314.71988,64.818,26003965.0,2809.6
Nepal,2005,8130258415.25477,65.457,26285110.0,3188.6
Nepal,2006,9043715355.8881,65.868,26518971.0,2616.1
Nepal,2007,10325618017.379,66.329,26713655.0,2693.6
Nepal,2008,12545438605.3959,66.421,26881544.0,2994.9
Nepal,2009,12854985464.0764,66.761,27026941.0,3882.8
Nepal,2010,16002656434.4746,66.814,27161567.0,4640.9
Nepal,2011,21573872273.8375,67.313,27266399.0,5199.2
Nepal,2012,21703100747.4797,67.47,27330694.0,5997.8
Nepal,2013,22162205046.022,67.965,27381555.0,6087.8
Nepal,2014,22731612827.0632,68.085,27462106.0,7132.2
Nepal,2015,24360801337.6944,67.456,27610325.0,7186.2
Nepal,2016,24524109483.5293,68.776,27861186.0,10735.7
Nepal,2017,28971588880.3546,68.91,28183426.0,13265.3
Nepal,2018,33111525183.2178,68.979,28506712.0,15139.4
Nepal,2019,34186180695.9969,69.558,28832496.0,13860.5
Nepal,2020,33433659223.6349,69.246,29348627.0,14949.2
Nepal,2021,36924841428.7182,68.45,30034989.0,
Nepal,2022,40828247303.5337,,30547580.0,
Nepal,2023,,,,
Netherlands,1990,318330511920.61,76.8780487804878,14951510.0,151520.7
Netherlands,1991,327500327675.625,77.0,15069798.0,157266.8
Netherlands,1992,362962872180.451,77.2170731707317,15184166.0,156009.7
Netherlands,1993,353550169672.52,76.9165853658537,15290368.0,160137.2
Netherlands,1994,379130260322.073,77.3751219512195,15382838.0,159604.1
Netherlands,1995,452301674444.139,77.4046341463415,15459006.0,164106.4
Netherlands,1996,450490196078.431,77.4356097560976,15530498.0,173623.4
Netherlands,1997,416812740004.518,77.7943902439024,15610650.0,166310.9
Netherlands,1998,438008220395.468,77.8829268292683,15707209.0,166734.4
Netherlands,1999,447049523049.808,77.8365853658537,15812088.0,161446.1
Netherlands,2000,417479337444.707,77.9878048780488,15925513.0,162096.7
Netherlands,2001,431586852369.686,78.190243902439,16046180.0,167116.1
Netherlands,2002,473861980070.981,78.2926829268293,16148929.0,167429.4
Netherlands,2003,580070360701.96,78.4926829268293,16225302.0,170362.8
Netherlands,2004,658380081545.175,79.0951219512195,16281779.0,172116.5
Netherlands,2005,685348181515.953,79.3463414634146,16319868.0,167926.0
Netherlands,2006,733955269898.823,79.6975609756098,16346101.0,163702.7
Netherlands,2007,848558887541.179,80.0975609756098,16381696.0,164550.6
Netherlands,2008,951869997864.062,80.2512195121951,16445593.0,165221.9
Netherlands,2009,871518638049.218,80.5487804878049,16530388.0,160488.3
Netherlands,2010,847380859016.668,80.7024390243902,16615394.0,171110.5
Netherlands,2011,905270626332.687,81.2048780487805,16693074.0,158768.0
Netherlands,2012,838923319919.531,81.1048780487805,16754962.0,157473.4
Netherlands,2013,877172824534.512,81.3048780487805,16804432.0,157090.2
Netherlands,2014,892167986713.722,81.7073170731707,16865008.0,149793.4
Netherlands,2015,765572770634.375,81.509756097561,16939923.0,157376.0
Netherlands,2016,784060430240.08,81.5609756097561,17030314.0,158499.3
Netherlands,2017,833869641687.06,81.7609756097561,17131296.0,155710.9
Netherlands,2018,914043438179.607,81.8121951219512,17231624.0,151382.3
Netherlands,2019,910194347568.626,82.1121951219512,17344874.0,145939.237
Netherlands,2020,909793466661.481,81.3585365853659,17441500.0,130315.1
Netherlands,2021,1029678338329.44,81.4609756097561,17533044.0,
Netherlands,2022,1009398719033.08,,17700982.0,
Netherlands,2023,,,,
New Caledonia,1990,2529440424.16648,70.4853658536585,170899.0,
New Caledonia,1991,2653780672.09555,70.3585365853659,175362.0,
New Caledonia,1992,2923883281.08579,71.6146341463415,179799.0,
New Caledonia,1993,2822243780.97543,71.6560975609756,184496.0,
New Caledonia,1994,3038728384.86634,70.6731707317073,189482.0,
New Caledonia,1995,3628440505.14193,72.009756097561,193816.0,
New Caledonia,1996,3606968435.99917,71.9975609756098,197564.0,
New Caledonia,1997,3291131281.04099,71.7390243902439,201418.0,
New Caledonia,1998,3556304832.68104,74.3756097560976,205279.0,
New Caledonia,1999,3647802049.80911,73.8756097560976,209214.0,
New Caledonia,2000,3420032041.07385,75.1634146341463,213230.0,
New Caledonia,2001,3297734891.14661,74.8317073170732,217324.0,
New Caledonia,2002,3740056747.71979,75.1024390243903,221490.0,
New Caledonia,2003,4915353827.10576,75.2707317073171,225296.0,
New Caledonia,2004,5895008977.9531,75.4707317073171,228750.0,
New Caledonia,2005,6238629487.01331,75.7219512195122,232250.0,
New Caledonia,2006,6979155387.86792,76.0756097560976,235750.0,
New Caledonia,2007,8819917180.34265,76.4780487804878,239250.0,
New Caledonia,2008,9067619760.07073,76.6804878048781,242750.0,
New Caledonia,2009,8704438102.20142,76.9804878048781,245950.0,
New Caledonia,2010,9364350076.91225,77.2804878048781,249750.0,
New Caledonia,2011,10351448004.7674,76.6317073170732,254350.0,
New Caledonia,2012,9659151917.40484,77.0780487804878,259000.0,
New Caledonia,2013,10151382933.1594,77.1780487804878,263650.0,
New Caledonia,2014,10635035594.7528,77.2365853658537,268050.0,
New Caledonia,2015,8738203074.3957,77.2804878048781,269460.0,
New Caledonia,2016,8724568954.89799,76.9317073170732,270220.0,
New Caledonia,2017,9174048681.98577,77.5390243902439,270810.0,
New Caledonia,2018,9896402283.68587,80.0030975609756,271170.0,
New Caledonia,2019,9475655324.59495,80.4197073170732,271240.0,
New Caledonia,2020,9454629467.91408,80.8349512195122,271080.0,
New Caledonia,2021,10071349663.8484,79.1273414634146,270390.0,
New Caledonia,2022,9623318718.31459,,269220.0,
New Caledonia,2023,,,,
New Zealand,1990,45495129385.0475,75.3780487804878,3329800.0,22310.7
New Zealand,1991,42745329732.163,76.0317073170732,3495100.0,22629.7
New Zealand,1992,41649829859.6342,76.1243902439025,3531700.0,24380.0
New Zealand,1993,46775620817.4327,76.4341463414634,3572200.0,23960.3
New Zealand,1994,55314732279.1379,76.8829268292683,3620000.0,24225.9
New Zealand,1995,63918703506.9075,76.7341463414634,3673400.0,24325.8
New Zealand,1996,70140835299.0148,76.7878048780488,3732000.0,25412.8
New Zealand,1997,66075143415.4952,77.3341463414634,3781300.0,27689.0
New Zealand,1998,56227169851.0448,78.0853658536585,3815000.0,27180.8
New Zealand,1999,58762260625.8758,77.890243902439,3835100.0,28612.9
New Zealand,2000,52623281956.7031,78.6365853658537,3857700.0,29455.0
New Zealand,2001,53872425916.6248,78.6926829268293,3880500.0,31618.8
New Zealand,2002,66627729311.4495,78.8463414634146,3948500.0,31543.1
New Zealand,2003,88250885550.2626,79.1463414634146,4027200.0,33397.6
New Zealand,2004,103905210084.034,79.5487804878049,4087500.0,32836.1
New Zealand,2005,114720129550.095,79.8512195121951,4133900.0,34232.2
New Zealand,2006,111538810712.665,80.0487804878049,4184600.0,34265.9
New Zealand,2007,137188946865.584,80.1512195121951,4223800.0,33270.5
New Zealand,2008,133131369930.414,80.3512195121951,4259800.0,34165.4
New Zealand,2009,121373602348.679,80.7024390243902,4302600.0,31169.7
New Zealand,2010,146517541181.254,80.9048780487805,4350700.0,31049.3
New Zealand,2011,168291357111.739,81.1560975609756,4384000.0,30290.6
New Zealand,2012,176206659722.524,81.4073170731707,4408100.0,32107.4
New Zealand,2013,190906575136.003,81.4048780487805,4442100.0,31885.5
New Zealand,2014,201313497220.917,81.4568292682927,4516500.0,31970.7
New Zealand,2015,178064471137.921,81.6124390243903,4609400.0,32281.2
New Zealand,2016,188838342527.975,81.6585365853659,4714100.0,31185.7
New Zealand,2017,206556258844.567,81.8585365853659,4813600.0,32927.4
New Zealand,2018,211886686924.483,81.7073170731707,4900600.0,32409.0
New Zealand,2019,213091987153.092,82.0560975609756,4979200.0,34008.2
New Zealand,2020,212569779569.519,82.2560975609756,5090200.0,31359.7
New Zealand,2021,255551704625.831,82.2073170731707,5111400.0,
New Zealand,2022,248101705541.399,,5124100.0,
New Zealand,2023,,,,
Nicaragua,1990,1009455483.87097,63.096,4227820.0,1933.9
Nicaragua,1991,1488804123.71134,63.931,4327289.0,1919.1
Nicaragua,1992,1792800000.0,64.266,4427172.0,2235.4
Nicaragua,1993,1756454248.36601,64.685,4526689.0,2198.7
Nicaragua,1994,3863185119.04762,65.181,4625260.0,2525.4
Nicaragua,1995,4140470000.0,65.608,4721929.0,2652.7
Nicaragua,1996,4308351902.78601,66.052,4812391.0,2816.6
Nicaragua,1997,4389973489.86032,66.515,4895962.0,3020.1
Nicaragua,1998,4635267224.84195,65.209,4974552.0,3519.2
Nicaragua,1999,4855717874.68247,67.12,5049878.0,3541.6
Nicaragua,2000,5107329007.0922,67.234,5123222.0,3768.0
Nicaragua,2001,5323146565.70315,67.215,5192764.0,3925.5
Nicaragua,2002,5224213017.54386,67.18,5259006.0,4062.9
Nicaragua,2003,5322454925.84746,67.217,5323062.0,4562.7
Nicaragua,2004,5795568204.64532,67.423,5386223.0,4531.9
Nicaragua,2005,6321324279.14826,67.936,5454678.0,4338.7
Nicaragua,2006,6763418645.81377,68.725,5529811.0,4547.6
Nicaragua,2007,7423365339.17706,69.559,5607453.0,4696.3
Nicaragua,2008,8496948362.72092,70.586,5687744.0,4503.0
Nicaragua,2009,8298736418.16444,71.433,5770639.0,4394.5
Nicaragua,2010,8758619000.75242,72.009,5855734.0,4513.2
Nicaragua,2011,9774319976.77873,72.416,5942553.0,4766.2
Nicaragua,2012,10531980241.4474,72.615,6030607.0,4686.0
Nicaragua,2013,10982995267.0341,72.704,6119379.0,4473.3
Nicaragua,2014,11880434070.7811,72.812,6208676.0,4758.6
Nicaragua,2015,12756685522.4807,72.983,6298598.0,5286.7
Nicaragua,2016,13286101284.7856,73.256,6389235.0,5410.7
Nicaragua,2017,13785924374.2151,73.554,6480532.0,5428.9
Nicaragua,2018,13025234958.647,73.85,6572233.0,5024.8
Nicaragua,2019,12699028991.3771,74.054,6663924.0,5131.9
Nicaragua,2020,12678162403.5929,71.795,6755895.0,4582.2
Nicaragua,2021,14145880399.1935,73.837,6850540.0,
Nicaragua,2022,15671583939.9889,,6948392.0,
Nicaragua,2023,,,,
Niger,1990,3512356507.88599,41.852,8370648.0,565.434
Niger,1991,3285796874.97125,42.218,8634640.0,536.726
Niger,1992,3386232579.22522,42.947,8907644.0,499.783
Niger,1993,3052673849.25181,43.817,9193078.0,570.307
Niger,1994,1938058175.21399,44.714,9493324.0,546.696
Niger,1995,2302537562.24406,45.774,9813918.0,524.941
Niger,1996,2405686940.0464,46.676,10149937.0,610.172
Niger,1997,2290318910.20658,47.505,10494201.0,613.71
Niger,1998,2643363518.99272,48.191,10854920.0,666.73
Niger,1999,2537789820.69295,48.738,11231469.0,652.53
Niger,2000,2241753192.81158,49.322,11622665.0,660.227
Niger,2001,2448714703.96617,49.841,12031430.0,658.87
Niger,2002,2782192878.67204,50.562,12456517.0,685.6
Niger,2003,3394084732.49543,51.434,12900790.0,749.9
Niger,2004,3760443737.53797,52.589,13366885.0,776.855
Niger,2005,4383315964.58718,53.59,13855221.0,742.119
Niger,2006,4756361252.37923,54.596,14365168.0,737.518
Niger,2007,5731485051.79069,55.553,14897873.0,813.516
Niger,2008,7297600226.00536,56.508,15455175.0,854.11
Niger,2009,7352131309.73341,57.396,16037915.0,1075.27
Niger,2010,7851192502.30917,58.367,16647543.0,1361.057
Niger,2011,8772950777.79176,58.994,17283112.0,1399.44
Niger,2012,9426912647.59111,59.65,17954407.0,1885.57
Niger,2013,10224897437.8648,60.239,18653199.0,1975.01
Niger,2014,10862943543.5419,60.786,19372014.0,2156.78
Niger,2015,9683867926.44282,61.083,20128124.0,2111.59
Niger,2016,10398861981.7583,61.629,20921743.0,2096.26
Niger,2017,11185104251.6785,62.16,21737922.0,1901.0
Niger,2018,12837307496.8797,62.454,22577058.0,1956.29
Niger,2019,12889555561.304,62.897,23443393.0,2159.15
Niger,2020,13744653102.9945,61.451,24333639.0,2197.95
Niger,2021,14915002435.9913,61.576,25252722.0,
Niger,2022,15342278919.4009,,26207977.0,
Niger,2023,,,,
Nigeria,1990,54035795387.8086,46.037,95214257.0,72768.8
Nigeria,1991,59526833412.3581,45.691,97685360.0,81926.1
Nigeria,1992,52058181853.8055,45.668,100182045.0,91806.4
Nigeria,1993,56721051402.4732,45.788,102775465.0,86237.3
Nigeria,1994,80399613063.6364,45.513,105456121.0,78325.8
Nigeria,1995,140919776986.364,45.487,108187610.0,86164.5
Nigeria,1996,185730236700.0,45.567,110956183.0,100227.2
Nigeria,1997,200850397618.182,45.792,113791181.0,98646.9
Nigeria,1998,218416200672.727,46.036,116690527.0,88699.8
Nigeria,1999,59145077039.1437,46.614,119695565.0,87017.0
Nigeria,2000,69171451627.2465,47.193,122851984.0,97215.1
Nigeria,2001,73557840064.489,47.619,126152678.0,101945.3
Nigeria,2002,95054059302.6995,47.928,129583026.0,92237.6
Nigeria,2003,104738954264.226,48.441,133119801.0,100994.9
Nigeria,2004,135764731645.611,48.767,136756848.0,98724.9
Nigeria,2005,175670569969.346,49.297,140490722.0,98719.0
Nigeria,2006,238454997161.48,49.73,144329764.0,88767.7
Nigeria,2007,278260846800.103,50.033,148294028.0,81122.6
Nigeria,2008,339476276257.793,50.225,152382506.0,86932.0
Nigeria,2009,295008835380.997,50.712,156595758.0,76947.4
Nigeria,2010,366990417129.04,50.945,160952853.0,90055.2
Nigeria,2011,414466676831.16,51.357,165463745.0,94996.5
Nigeria,2012,463971018239.281,51.497,170075932.0,95335.3
Nigeria,2013,520117180313.906,51.707,174726123.0,108116.8
Nigeria,2014,574183763411.508,51.791,179379016.0,114815.5
Nigeria,2015,493026682800.63,51.841,183995785.0,107746.4
Nigeria,2016,404649125252.16,52.043,188666931.0,110817.5
Nigeria,2017,375745731053.427,52.305,193495907.0,108481.2
Nigeria,2018,421739251509.08,52.554,198387623.0,113633.1
Nigeria,2019,474517491092.913,52.91,203304492.0,119544.1
Nigeria,2020,432198898221.967,52.887,208327405.0,111978.1
Nigeria,2021,440838992188.478,52.676,213401323.0,
Nigeria,2022,472624597402.898,,218541212.0,
Nigeria,2023,,,,
North America,1990,6560811991360.99,75.4363062579297,277373464.0,5264009.6
North America,1991,6772291612315.62,75.5879516717528,281077441.0,5220795.1
North America,1992,7116394258318.85,75.8378374089233,284943859.0,5305993.4
North America,1993,7439432921639.4,75.6464214971277,288662674.0,5417257.3
North America,1994,7869047506907.26,75.8426434629848,292185983.0,5503567.6
North America,1995,8247740840061.21,75.8555069682419,295640057.0,5565082.9
North America,1996,8706425384132.75,76.2444401602035,299064347.0,5735187.0
North America,1997,9235474283855.55,76.6255628092848,302623445.0,6020165.3
North America,1998,9699948950000.0,76.7824593496004,306070116.0,6075328.1
North America,1999,10312911118271.1,76.8050240008921,309502571.0,6103295.8
North America,2000,10999201631931.6,76.885154425386,312909974.0,6290022.3
North America,2001,11324592049355.4,77.088596040168,316052361.0,6254877.7
North America,2002,11693699517098.0,77.1922992714978,319048184.0,6117377.8
North America,2003,12356169212634.8,77.3004195302229,321815286.0,6203533.8
North America,2004,13248368139278.2,77.7347906749995,324809693.0,6274703.3
North America,2005,14217175927778.7,77.7460653010321,327824506.0,6302525.9
North America,2006,15140995757591.0,77.9687942653244,331015609.0,6193606.6
North America,2007,15949814312783.3,78.2396073483593,334185120.0,6307951.3
North America,2008,16329827601721.7,78.3037701499182,337406357.0,6108932.1
North America,2009,15859346076157.3,78.6548558791086,340466060.0,5677824.3
North America,2010,16672942337486.3,78.8171964951338,343397156.0,5929200.9
North America,2011,17399367444174.5,78.9239704429972,345987373.0,5722961.1
North America,2012,18088716899521.6,79.0328839126368,348656682.0,5502344.6
North America,2013,18696254170835.0,79.0417127626151,351207902.0,5647839.6
North America,2014,19362844040439.9,79.1362843199307,353888902.0,5668969.1
North America,2015,19769184098217.1,79.0036457097,356507139.0,5549450.9
North America,2016,20230005494907.4,78.8797242694941,359245796.0,5451373.3
North America,2017,21133744509244.1,78.8724761687345,361731237.0,5387541.0
North America,2018,22265612481783.0,78.9657812984215,363967201.0,5554874.3
North America,2019,23132124767672.5,79.1417123760336,365995094.0,5383712.2
North America,2020,22723045490000.2,77.4635168508573,369582571.0,4837406.2
North America,2021,25329679941464.1,76.9767231711531,370321816.0,
North America,2022,27608729369422.0,,372280991.0,
North America,2023,,,,
North Macedonia,1990,4699646643.10954,71.2338048780488,2044174.0,8591.3
North Macedonia,1991,4938775510.20408,71.8444390243903,2036686.0,8383.7
North Macedonia,1992,2436849341.97604,71.2440731707317,2018023.0,8332.4
North Macedonia,1993,2682456896.55172,71.9252926829268,1996893.0,8639.7
North Macedonia,1994,3559608639.98379,71.6926829268293,1982458.0,8350.8
North Macedonia,1995,4707041315.24202,71.8487804878049,1983964.0,8305.7
North Macedonia,1996,4642021256.30689,72.4951219512195,1994226.0,9862.5
North Macedonia,1997,3912986090.97363,72.4463414634146,1996869.0,8786.1
North Macedonia,1998,3765745023.2074,72.2975609756098,2007523.0,9651.4
North Macedonia,1999,3863619284.77939,72.790243902439,2017142.0,8879.5
North Macedonia,2000,3772859034.20508,72.9463414634147,2026350.0,8522.1
North Macedonia,2001,3709636030.66578,73.4365853658537,2034882.0,8670.6
North Macedonia,2002,4018365747.00972,73.0390243902439,2020157.0,8128.5
North Macedonia,2003,4946296599.08467,73.2414634146342,2026773.0,8829.1
North Macedonia,2004,5682784471.69722,73.5975609756098,2032544.0,8542.6
North Macedonia,2005,6258602872.67898,73.6975609756098,2036855.0,8881.8
North Macedonia,2006,6861226971.55617,73.8951219512195,2040228.0,8852.9
North Macedonia,2007,8336474973.72949,73.8,2043559.0,9328.1
North Macedonia,2008,9909552434.51136,74.4,2046898.0,9120.0
North Macedonia,2009,9401736825.42688,74.4463414634146,2050671.0,8512.3
North Macedonia,2010,9407170321.37752,74.9975609756098,2055004.0,8329.6
North Macedonia,2011,10494626767.6445,75.1,2058539.0,9157.1
North Macedonia,2012,9745261300.57788,74.9024390243903,2061044.0,8798.9
North Macedonia,2013,10817702346.0674,75.4,2064032.0,7862.2
North Macedonia,2014,11362265252.778,75.4512195121951,2067471.0,7442.9
North Macedonia,2015,10064519962.5655,75.4024390243902,2070226.0,7142.1
North Macedonia,2016,10672467073.2873,75.4,2072490.0,6962.7
North Macedonia,2017,11307067069.6658,75.9536585365854,2074502.0,7436.2
North Macedonia,2018,12683068114.2388,76.6487804878049,2076217.0,6950.6
North Macedonia,2019,12606338448.547,76.6024390243903,2076694.0,7956.1
North Macedonia,2020,12363580534.6811,74.3951219512195,2072531.0,6796.7
North Macedonia,2021,13998355971.3044,74.5368292682927,2065092.0,
North Macedonia,2022,13563132102.1663,,2057679.0,
North Macedonia,2023,,,,
Northern Mariana Islands,1990,,,48002.0,
Northern Mariana Islands,1991,,,48302.0,
Northern Mariana Islands,1992,,,48128.0,
Northern Mariana Islands,1993,,,47948.0,
Northern Mariana Islands,1994,,,47780.0,
Northern Mariana Islands,1995,,,48717.0,
Northern Mariana Islands,1996,,,53367.0,
Northern Mariana Islands,1997,,,60817.0,
Northern Mariana Islands,1998,,,68501.0,
Northern Mariana Islands,1999,,,76237.0,
Northern Mariana Islands,2000,,,80338.0,
Northern Mariana Islands,2001,,,79479.0,
Northern Mariana Islands,2002,1284000000.0,,77162.0,
Northern Mariana Islands,2003,1239000000.0,,74623.0,
Northern Mariana Islands,2004,1210000000.0,,71898.0,
Northern Mariana Islands,2005,1061000000.0,,69025.0,
Northern Mariana Islands,2006,990000000.0,,66060.0,
Northern Mariana Islands,2007,938000000.0,,63050.0,
Northern Mariana Islands,2008,939000000.0,,60032.0,
Northern Mariana Islands,2009,795000000.0,,57056.0,
Northern Mariana Islands,2010,799000000.0,,54087.0,
Northern Mariana Islands,2011,729000000.0,,52520.0,
Northern Mariana Islands,2012,746000000.0,,52359.0,
Northern Mariana Islands,2013,772000000.0,,52141.0,
Northern Mariana Islands,2014,832000000.0,,51856.0,
Northern Mariana Islands,2015,910000000.0,,51514.0,
Northern Mariana Islands,2016,1230000000.0,,51133.0,
Northern Mariana Islands,2017,1560000000.0,,50729.0,
Northern Mariana Islands,2018,1301000000.0,,50304.0,
Northern Mariana Islands,2019,1181000000.0,,49858.0,
Northern Mariana Islands,2020,858000000.0,,49587.0,
Northern Mariana Islands,2021,,,49481.0,
Northern Mariana Islands,2022,,,49551.0,
Northern Mariana Islands,2023,,,,
Norway,1990,119791843059.572,76.5373170731707,4241473.0,29305.4
Norway,1991,121872464483.487,76.9807317073171,4261732.0,27325.3
Norway,1992,130838040067.584,77.1843902439025,4286401.0,30197.9
Norway,1993,120579213712.804,77.1517073170732,4311991.0,32428.6
Norway,1994,127131319428.701,77.689756097561,4336613.0,34412.4
Norway,1995,152029612324.788,77.7365853658537,4359184.0,34389.2
Norway,1996,163520109150.671,78.1504878048781,4381336.0,34597.1
Norway,1997,161356631888.484,78.1426829268293,4405157.0,36543.5
Norway,1998,154230295158.447,78.3292682926829,4431464.0,37887.5
Norway,1999,162383706021.13,78.2829268292683,4461913.0,39702.4
Norway,2000,171457201935.968,78.6341463414634,4490967.0,34283.1
Norway,2001,174239354070.977,78.7853658536585,4513751.0,34735.2
Norway,2002,195914852576.467,78.9878048780488,4538159.0,34381.0
Norway,2003,229385469337.024,79.390243902439,4564855.0,37186.8
Norway,2004,265268662473.297,79.8414634146342,4591910.0,37354.8
Norway,2005,309978579743.888,80.0414634146342,4623291.0,36366.4
Norway,2006,346915160681.708,80.3439024390244,4660677.0,37210.6
Norway,2007,402643260487.572,80.3951219512195,4709153.0,37760.1
Norway,2008,464917553191.489,80.5926829268293,4768212.0,36872.8
Norway,2009,387976400617.019,80.7951219512195,4828726.0,37439.3
Norway,2010,431052143940.438,80.9975609756098,4889252.0,40116.4
Norway,2011,501360549669.404,81.2951219512195,4953088.0,39071.3
Norway,2012,512777309840.997,81.4512195121951,5018573.0,38770.1
Norway,2013,526014468085.106,81.7512195121951,5079623.0,39627.0
Norway,2014,501736471832.848,82.1,5137232.0,39643.0
Norway,2015,388159512245.53,82.3048780487805,5188607.0,40288.8
Norway,2016,370956547619.048,82.4073170731707,5234519.0,39578.4
Norway,2017,401745275035.261,82.609756097561,5276968.0,39174.9
Norway,2018,439788625883.8,82.7585365853659,5311916.0,38571.5
Norway,2019,408742840909.091,82.9585365853659,5347896.0,37661.6
Norway,2020,367633418886.627,83.209756097561,5379475.0,36177.4
Norway,2021,503367986030.268,83.1634146341463,5408320.0,
Norway,2022,593348981537.661,,5457127.0,
Norway,2023,,,,
Not classified,1990,,,,
Not classified,1991,,,,
Not classified,1992,,,,
Not classified,1993,,,,
Not classified,1994,,,,
Not classified,1995,,,,
Not classified,1996,,,,
Not classified,1997,,,,
Not classified,1998,,,,
Not classified,1999,,,,
Not classified,2000,,,,
Not classified,2001,,,,
Not classified,2002,,,,
Not classified,2003,,,,
Not classified,2004,,,,
Not classified,2005,,,,
Not classified,2006,,,,
Not classified,2007,,,,
Not classified,2008,,,,
Not classified,2009,,,,
Not classified,2010,,,,
Not classified,2011,,,,
Not classified,2012,,,,
Not classified,2013,,,,
Not classified,2014,,,,
Not classified,2015,,,,
Not classified,2016,,,,
Not classified,2017,,,,
Not classified,2018,,,,
Not classified,2019,,,,
Not classified,2020,,,,
Not classified,2021,,,,
Not classified,2022,,,,
Not classified,2023,,,,
OECD members,1990,18856485088343.4,74.6030747872001,1104791543.0,11344058.36
OECD members,1991,19966715737476.2,74.7953714645649,1115756696.0,11389105.28
OECD members,1992,21476873748809.3,75.0661513320614,1126417384.0,11422717.8
OECD members,1993,21809003524767.4,75.1682268461539,1136605361.0,11511913.66
OECD members,1994,23305560982010.0,75.4562660255605,1146214585.0,11707010.04
OECD members,1995,25681295886679.9,75.5463400049125,1155551702.0,11859991.86
OECD members,1996,25899388210744.5,75.9198217480041,1164716390.0,12234854.02
OECD members,1997,25507727602748.3,76.2554514778202,1173865390.0,12502542.97
OECD members,1998,25774931850050.8,76.4586638832881,1182690089.0,12505221.18
OECD members,1999,27071122123056.4,76.5745330548726,1191524686.0,12559745.09
OECD members,2000,27669612109064.8,76.9164285815438,1200179492.0,12872950.41
OECD members,2001,27415355083325.6,77.2034412595573,1209244377.0,12887398.69
OECD members,2002,28601703298663.3,77.3786986556008,1218395986.0,12793963.87
OECD members,2003,31985348235245.4,77.505306781989,1227425785.0,13019027.51
OECD members,2004,35608843977402.2,77.8985465483333,1236496893.0,13147276.19
OECD members,2005,37648161960570.8,78.0118330586466,1245447053.0,13191407.65
OECD members,2006,39718287206540.4,78.29782141009,1254649810.0,13123629.65
OECD members,2007,43483774607883.3,78.5050533364998,1263898853.0,13289682.97
OECD members,2008,46172647165986.5,78.6564740678312,1273582053.0,12953044.13
OECD members,2009,43184012193503.8,78.9200227671162,1282495531.0,12195813.5
OECD members,2010,45297220132987.1,79.0927333600111,1290948297.0,12694352.824
OECD members,2011,48721217592038.2,79.3196781096385,1297593939.0,12466751.55
OECD members,2012,48676832992568.1,79.474257193125,1305513492.0,12291173.7
OECD members,2013,49322705153139.4,79.6708027934935,1313643972.0,12351197.8
OECD members,2014,50329424990157.0,79.9190094082059,1322075502.0,12116786.2
OECD members,2015,47447635272040.2,79.7941399331087,1330315361.0,12052715.4
OECD members,2016,48350692190870.0,79.9068720555762,1338790910.0,11985558.6
OECD members,2017,50475936774223.1,79.933335373273,1346867343.0,11958269.6
OECD members,2018,53402556614341.3,80.0115615546132,1354836308.0,11984150.1
OECD members,2019,53912943272768.0,80.2236511884452,1362014902.0,11605058.237
OECD members,2020,52590370145873.6,78.9000395367086,1369465369.0,10570775.72
OECD members,2021,58623788402038.1,78.7154869155025,1371917156.0,
OECD members,2022,59849878381707.5,,1376606817.0,
OECD members,2023,,,,
Oman,1990,11685045513.6541,69.782,1804524.0,11919.3
Oman,1991,11341482444.7334,70.189,1895187.0,15720.9
Oman,1992,12452275682.7048,70.656,1985227.0,14922.2
Oman,1993,12493107932.3797,71.165,2071868.0,15175.7
Oman,1994,12918855656.697,71.385,2133675.0,16195.7
Oman,1995,13802600780.2341,71.99,2172672.0,18870.4
Oman,1996,15277763328.9987,72.191,2209958.0,19382.9
Oman,1997,15837451235.3706,72.415,2245588.0,20024.0
Oman,1998,13996914694.4083,72.97,2279727.0,19519.2
Oman,1999,15593456176.8531,73.184,2312600.0,21979.1
Oman,2000,19507452535.7607,73.466,2344253.0,25115.0
Oman,2001,19452000520.156,73.808,2374653.0,28032.3
Oman,2002,20142756046.814,73.869,2403659.0,29972.1
Oman,2003,21633708192.4577,74.14,2431600.0,31700.5
Oman,2004,24763712873.8622,74.329,2468855.0,31256.9
Oman,2005,31081991677.5033,74.396,2515192.0,31014.1
Oman,2006,37215779713.9142,74.48,2560649.0,39187.1
Oman,2007,42085379453.8362,74.461,2605700.0,42262.3
Oman,2008,60905452535.7607,74.612,2651028.0,41314.4
Oman,2009,48388363589.0767,74.681,2697537.0,43595.1
Oman,2010,64993498049.4148,76.269,2881914.0,47076.3
Oman,2011,77497529258.7776,76.608,3206870.0,53620.2
Oman,2012,87408842652.7958,77.061,3535579.0,60549.4
Oman,2013,89936020806.2419,77.246,3816680.0,63015.4
Oman,2014,92699089726.9181,77.446,4009267.0,66386.7
Oman,2015,78710793237.9714,77.687,4191776.0,70131.7
Oman,2016,75128738621.5865,77.916,4398070.0,72197.6
Oman,2017,80856697009.1027,77.924,4541854.0,71633.2
Oman,2018,91505851755.5267,77.966,4601157.0,75365.0
Oman,2019,88060858257.4772,78.002,4602768.0,75744.8
Oman,2020,75909397659.2978,74.757,4543399.0,71041.5
Oman,2021,88191977373.212,72.541,4520471.0,
Oman,2022,114667360208.062,,4576298.0,
Oman,2023,,,,
Other small states,1990,54472367102.5445,62.0460773982409,17806417.0,83923.170257
Other small states,1991,56090973116.8991,61.9891815131506,18240116.0,84903.210692
Other small states,1992,61187678062.438,61.8408499221313,18570361.0,79892.513865
Other small states,1993,58272700910.4132,61.7740792565836,18881697.0,79441.779997
Other small states,1994,60955347498.7162,61.4329103672785,19221949.0,83183.132545
Other small states,1995,69997987337.8144,61.2643943858717,19547007.0,82864.32624
Other small states,1996,73782152795.5301,61.1070857978061,19901069.0,87878.614239
Other small states,1997,76825374562.4277,60.7109560033121,20269198.0,94349.146938
Other small states,1998,75277199806.3524,60.3049887354731,20646215.0,96827.989585
Other small states,1999,81023028368.5387,59.9351215029012,21041578.0,99739.648108
Other small states,2000,91448741120.7644,60.4329368443966,21437978.0,98878.823393
Other small states,2001,90982919680.0924,60.3998195489602,21823886.0,101714.43822
Other small states,2002,98158426362.9159,60.4283508064141,22208079.0,105731.419476
Other small states,2003,122189958973.3,60.5702762723485,22590088.0,113375.843348
Other small states,2004,151627543898.66,60.8492846038074,22986615.0,118303.077687
Other small states,2005,183686012223.55,61.2016747434978,23450481.0,123372.37
Other small states,2006,215631590221.716,61.797430464785,24035320.0,132536.65
Other small states,2007,263863491372.664,62.4977742987517,24697686.0,143521.59
Other small states,2008,322995663616.479,63.1912033296877,25375277.0,148142.32
Other small states,2009,277207828476.991,63.8148785753945,26013714.0,144545.59
Other small states,2010,322487066056.584,64.5529603710142,26565994.0,156681.794
Other small states,2011,396892626077.256,65.0753359087981,27072916.0,165799.027
Other small states,2012,413908571026.452,65.6322237053785,27617274.0,171440.705
Other small states,2013,431963057170.373,66.2121156289415,28225790.0,177358.399
Other small states,2014,446497829205.868,66.7096082915931,28907552.0,185899.332
Other small states,2015,370348122609.664,67.2888368780988,29621042.0,184664.262
Other small states,2016,366414818900.209,67.9055488083681,30309997.0,188833.482
Other small states,2017,399197184232.786,68.3772615605541,30940313.0,191127.612
Other small states,2018,443324754299.418,68.4962925145189,31494491.0,190905.4875
Other small states,2019,434461797325.026,68.7711344736468,32005477.0,189059.37
Other small states,2020,378440036056.011,68.2555748322982,32381464.0,181678.207
Other small states,2021,457103617285.36,66.9896229202087,32708277.0,
Other small states,2022,530807158164.414,,33169026.0,
Other small states,2023,,,,
Pacific island small states,1990,2354687466.0651,65.7030123203863,1776243.0,1262.58
Pacific island small states,1991,2500551371.96273,65.8795554627824,1800161.0,1294.15
Pacific island small states,1992,2743014361.46894,66.091306806729,1822819.0,1741.05
Pacific island small states,1993,2908044325.09111,66.2728344508811,1846876.0,1768.79
Pacific island small states,1994,3426105661.74915,66.4796864153889,1870257.0,1786.03
Pacific island small states,1995,3716903983.91075,66.7313986981694,1892547.0,1853.57
Pacific island small states,1996,3978860484.90595,66.9085682484442,1917072.0,1939.8
Pacific island small states,1997,3985888227.50516,67.0374725045993,1945783.0,1951.11
Pacific island small states,1998,3413057976.54108,67.2371866265364,1976146.0,1965.15
Pacific island small states,1999,3750909522.21424,67.3133507965179,2006341.0,1994.72
Pacific island small states,2000,3435656409.26622,67.3039487281314,2035672.0,2045.78
Pacific island small states,2001,3389381028.84804,67.4120451768642,2064193.0,2257.7
Pacific island small states,2002,3558832712.52145,67.2052661088637,2091909.0,2111.7
Pacific island small states,2003,4239179347.08948,67.5196995129671,2119122.0,2306.9
Pacific island small states,2004,4877983057.20364,67.6882069100611,2146140.0,2570.1
Pacific island small states,2005,5419134785.44952,67.8304123903201,2172802.0,2324.3
Pacific island small states,2006,5688865057.59385,67.9857334641943,2199540.0,2475.5
Pacific island small states,2007,6273728190.35404,67.9652128719108,2226078.0,2457.7
Pacific island small states,2008,6704438346.94149,68.1238403841778,2251506.0,2163.6
Pacific island small states,2009,6031358946.02938,68.0236126664195,2276149.0,2145.9
Pacific island small states,2010,6634285955.01849,68.395698405641,2301401.0,2473.7
Pacific island small states,2011,7736812355.73422,68.5313845167091,2327284.0,2426.8
Pacific island small states,2012,8198463635.32172,68.5970917831779,2353058.0,2380.0
Pacific island small states,2013,8523914644.70586,68.625773949461,2379069.0,2500.9
Pacific island small states,2014,9263445656.65536,68.642639894166,2405308.0,2656.0
Pacific island small states,2015,9054326773.27404,68.562208761319,2431426.0,2659.4
Pacific island small states,2016,9504027215.73989,68.8275112368945,2457814.0,2637.0
Pacific island small states,2017,10256679807.601,69.1188648923584,2484263.0,2800.6
Pacific island small states,2018,10764416947.198,69.2137482861639,2510226.0,2895.3
Pacific island small states,2019,10709524679.9782,69.2942514087701,2536070.0,2959.2
Pacific island small states,2020,9492350931.30444,69.3649211004034,2566819.0,2178.0
Pacific island small states,2021,9500154100.4459,69.1635941828432,2602173.0,
Pacific island small states,2022,10324332231.7802,,2639019.0,
Pacific island small states,2023,,,,
Pakistan,1990,40010423970.4576,60.066,115414069.0,59026.0
Pakistan,1991,45625336680.2047,60.259,119203569.0,60305.8
Pakistan,1992,48884671947.4657,60.116,122375179.0,66977.8
Pakistan,1993,51809999353.1614,59.934,125546615.0,73749.6
Pakistan,1994,52293470813.1336,60.116,129245139.0,76253.6
Pakistan,1995,60636071684.1918,59.878,133117476.0,82737.2
Pakistan,1996,63320170084.4076,60.398,137234810.0,85821.1
Pakistan,1997,62433340468.0228,60.603,141330267.0,89362.5
Pakistan,1998,62191955814.3478,61.09,145476106.0,90190.3
Pakistan,1999,62973857068.5113,61.679,149694462.0,98773.3
Pakistan,2000,99484802344.5277,62.102,154369924.0,98374.1
Pakistan,2001,97145618479.9038,62.421,159217727.0,99837.2
Pakistan,2002,97923302809.3537,62.626,163262807.0,102325.6
Pakistan,2003,112371913740.823,62.843,166876680.0,105663.5
Pakistan,2004,132216048339.413,63.052,170648620.0,118313.6
Pakistan,2005,145208562960.767,62.466,174372098.0,121608.7
Pakistan,2006,161871385506.36,63.731,178069984.0,132304.2
Pakistan,2007,184140869997.46,63.852,181924521.0,145813.3
Pakistan,2008,202203748583.854,64.036,185931955.0,140734.2
Pakistan,2009,187337783856.466,64.14,190123222.0,145337.9
Pakistan,2010,196709621849.586,64.436,194454498.0,140378.6
Pakistan,2011,230586581059.665,64.648,198602738.0,141690.0
Pakistan,2012,250106966104.704,64.782,202205861.0,143819.1
Pakistan,2013,258657231672.412,65.15,205337562.0,145993.7
Pakistan,2014,271390474857.632,65.284,208251628.0,154235.2
Pakistan,2015,299963590534.773,65.697,210969298.0,164152.3
Pakistan,2016,313630000130.435,65.88,213524840.0,181113.3
Pakistan,2017,339205534861.1,66.297,216379655.0,198738.8
Pakistan,2018,356128166704.921,66.482,219731479.0,186865.6
Pakistan,2019,320909472770.669,66.756,223293280.0,184096.3
Pakistan,2020,300425609817.981,66.269,227196741.0,184111.2
Pakistan,2021,348516647445.148,66.098,231402117.0,
Pakistan,2022,374697366359.244,,235824862.0,
Pakistan,2023,,,,
Palau,1990,,69.0692682926829,15293.0,0.0
Palau,1991,,,15640.0,0.0
Palau,1992,,,16004.0,197.5
Palau,1993,,,16380.0,198.1
Palau,1994,,,16770.0,198.6
Palau,1995,,71.8446341463415,17209.0,197.7
Palau,1996,,,17732.0,198.9
Palau,1997,,,18297.0,201.8
Palau,1998,,,18852.0,203.3
Palau,1999,,,19380.0,204.0
Palau,2000,146297500.0,70.4936585365854,19726.0,211.5
Palau,2001,156907900.0,,19828.0,215.8
Palau,2002,163184900.0,,19851.0,217.1
Palau,2003,153963200.0,,19880.0,215.6
Palau,2004,165186200.0,,19907.0,217.8
Palau,2005,190452900.0,69.1292682926829,19831.0,226.7
Palau,2006,192382400.0,,19619.0,228.7
Palau,2007,198897700.0,,19366.0,223.4
Palau,2008,198283900.0,,19102.0,212.9
Palau,2009,187522800.0,,18826.0,204.6
Palau,2010,185943000.0,,18540.0,214.8
Palau,2011,196911100.0,,18240.0,212.6
Palau,2012,212397800.0,,17946.0,222.0
Palau,2013,221117200.0,,17805.0,221.1
Palau,2014,241669800.0,,17796.0,217.8
Palau,2015,280457700.0,,17794.0,200.9
Palau,2016,298300000.0,,17816.0,207.9
Palau,2017,285600000.0,,17837.0,213.0
Palau,2018,288546281.25,,17864.0,211.9
Palau,2019,281970375.0,,17916.0,217.4
Palau,2020,257885921.875,,17972.0,158.2
Palau,2021,232903015.625,,18024.0,
Palau,2022,,,18055.0,
Palau,2023,,,,
Panama,1990,6433967000.0,71.097,2449968.0,2692.9
Panama,1991,7074675500.0,71.207,2502044.0,3124.7
Panama,1992,8042337700.0,71.462,2554382.0,3635.4
Panama,1993,8782585400.0,71.8,2607499.0,3795.2
Panama,1994,9365289800.0,72.096,2661385.0,4036.9
Panama,1995,9573813700.0,72.385,2716067.0,4355.5
Panama,1996,9870494000.0,72.675,2771606.0,4406.3
Panama,1997,10677286100.0,72.97,2827992.0,4637.5
Panama,1998,11575486400.0,73.279,2885177.0,5721.6
Panama,1999,12130252200.0,73.622,2943120.0,5012.9
Panama,2000,12304115000.0,74.001,3001731.0,5282.7
Panama,2001,12502013400.0,74.414,3061024.0,6216.5
Panama,2002,12994310400.0,74.824,3120990.0,5410.0
Panama,2003,13693981200.0,75.218,3181608.0,5525.3
Panama,2004,15013381700.0,75.544,3243311.0,5609.5
Panama,2005,16374393900.0,75.829,3305868.0,7116.4
Panama,2006,18141666300.0,76.012,3368573.0,7490.3
Panama,2007,21295984200.0,76.154,3431614.0,7484.3
Panama,2008,25155888600.0,76.225,3495276.0,7297.5
Panama,2009,27116635600.0,76.343,3559343.0,8698.5
Panama,2010,29440287600.0,76.448,3623617.0,9190.6
Panama,2011,34686224300.0,76.627,3688674.0,9994.1
Panama,2012,40429700000.0,76.819,3754862.0,10461.6
Panama,2013,45599900000.0,77.038,3821556.0,10252.3
Panama,2014,49921400000.0,77.248,3888793.0,10758.1
Panama,2015,54091800000.0,77.468,3957099.0,10609.9
Panama,2016,57907700000.0,77.653,4026336.0,10652.4
Panama,2017,62202700000.0,77.795,4096063.0,10136.4
Panama,2018,67294169200.0,77.863,4165255.0,9918.8
Panama,2019,69721787500.0,77.81,4232532.0,13099.9
Panama,2020,57086836900.0,76.657,4294396.0,9582.7
Panama,2021,67406738100.0,76.223,4351267.0,
Panama,2022,76522511800.0,,4408581.0,
Panama,2023,,,,
Papua New Guinea,1990,3219729083.06487,59.721,3864972.0,2168.6
Papua New Guinea,1991,3787394957.98319,59.908,3990995.0,2176.4
Papua New Guinea,1992,4377980510.05598,60.218,4136644.0,2179.6
Papua New Guinea,1993,4974550286.18152,60.506,4291588.0,2212.5
Papua New Guinea,1994,5502786069.65174,60.756,4451694.0,2056.1
Papua New Guinea,1995,4636057476.42568,61.049,4616439.0,2132.1
Papua New Guinea,1996,5155311077.38998,61.105,4785895.0,2232.4
Papua New Guinea,1997,4936615298.79367,61.377,4960439.0,2401.8
Papua New Guinea,1998,3789443014.61662,60.629,5138829.0,2653.2
Papua New Guinea,1999,3477038204.01733,61.672,5321388.0,2603.3
Papua New Guinea,2000,3521339699.07407,61.72,5508297.0,2825.2
Papua New Guinea,2001,3081024212.42924,61.773,5698489.0,3383.8
Papua New Guinea,2002,2999511040.19764,61.698,5892596.0,3607.1
Papua New Guinea,2003,3536411824.2958,61.797,6090980.0,4070.8
Papua New Guinea,2004,3927157866.96465,61.761,6293166.0,4611.2
Papua New Guinea,2005,4865892972.27595,61.801,6498818.0,4323.9
Papua New Guinea,2006,8354911040.70193,61.917,6708217.0,4345.4
Papua New Guinea,2007,9545028944.34579,62.034,6921066.0,4737.2
Papua New Guinea,2008,11670892800.5309,62.571,7137988.0,4760.2
Papua New Guinea,2009,11619456449.266,62.788,7358890.0,5050.0
Papua New Guinea,2010,14250786674.7766,63.039,7583269.0,5042.0
Papua New Guinea,2011,17985138065.8549,63.526,7806637.0,5179.5
Papua New Guinea,2012,21295168665.7247,63.733,8026545.0,4905.7
Papua New Guinea,2013,21261338064.8783,63.961,8245627.0,5224.5
Papua New Guinea,2014,23210823987.308,64.259,8464153.0,5836.9
Papua New Guinea,2015,21723437010.0982,64.701,8682174.0,6369.7
Papua New Guinea,2016,20758876952.6232,64.84,8899169.0,6560.9
Papua New Guinea,2017,22742699138.356,65.103,9114796.0,6504.3
Papua New Guinea,2018,24109780708.0268,65.182,9329227.0,7114.0
Papua New Guinea,2019,24751066910.5409,65.474,9542486.0,7467.5
Papua New Guinea,2020,23848445103.9227,65.787,9749640.0,5491.5
Papua New Guinea,2021,26113333244.5115,65.351,9949437.0,
Papua New Guinea,2022,31603619041.7903,,10142619.0,
Papua New Guinea,2023,,,,
Paraguay,1990,5812114523.01187,67.944,4059195.0,2072.2
Paraguay,1991,6984367762.90371,68.173,4167996.0,2020.3
Paraguay,1992,7157424031.06045,68.395,4277051.0,2474.6
Paraguay,1993,7249533620.30614,68.633,4386202.0,2817.6
Paraguay,1994,7870982004.8195,68.824,4495301.0,3335.1
Paraguay,1995,9062131475.02318,69.009,4603917.0,3781.2
Paraguay,1996,9788391780.52421,69.202,4711655.0,3723.0
Paraguay,1997,9965225678.05093,69.325,4818289.0,4107.2
Paraguay,1998,9260481572.42462,69.478,4923449.0,4266.9
Paraguay,1999,8837070235.51892,69.634,5026031.0,4266.3
Paraguay,2000,8855705139.55857,69.75,5123819.0,3524.3
Paraguay,2001,8495806432.18467,69.9,5211541.0,3614.8
Paraguay,2002,7196260656.84556,70.025,5286512.0,3775.4
Paraguay,2003,7691367471.17992,70.297,5353254.0,3937.6
Paraguay,2004,9624440836.29309,70.481,5416324.0,3973.7
Paraguay,2005,10737500188.1123,70.527,5476878.0,3698.5
Paraguay,2006,13429430050.261,70.781,5534675.0,3954.6
Paraguay,2007,17856393235.4338,71.106,5590145.0,3720.5
Paraguay,2008,24615267663.5456,71.384,5645148.0,4323.2
Paraguay,2009,22355151161.994,71.635,5702574.0,4567.9
Paraguay,2010,27260886405.2263,71.887,5768613.0,5043.3
Paraguay,2011,33756238766.5,72.131,5843939.0,5218.0
Paraguay,2012,33271921136.315,72.454,5923322.0,5177.4
Paraguay,2013,38501122141.4241,72.757,6005652.0,5301.2
Paraguay,2014,40377929295.6419,72.878,6090721.0,5628.0
Paraguay,2015,36211447840.0971,73.191,6177950.0,6367.5
Paraguay,2016,36089700222.9461,73.534,6266615.0,7192.6
Paraguay,2017,38997129473.5558,73.644,6355404.0,7920.9
Paraguay,2018,40225448340.6322,73.568,6443328.0,8360.1
Paraguay,2019,37925338329.1494,73.621,6530026.0,8101.6
Paraguay,2020,35432178068.1814,73.182,6618695.0,7575.7
Paraguay,2021,39950899938.7482,70.262,6703799.0,
Paraguay,2022,41722295229.2279,,6780744.0,
Paraguay,2023,,,,
Peru,1990,26410386962.8019,65.106,22109099.0,20875.3
Peru,1991,34341465998.2003,65.434,22583006.0,20266.6
Peru,1992,35966302303.263,66.149,23047248.0,21033.8
Peru,1993,34832077220.8537,66.681,23513882.0,21801.3
Peru,1994,44882079766.8913,67.227,23983258.0,22538.1
Peru,1995,53312793687.3836,67.644,24449055.0,25649.9
Peru,1996,55252414130.3019,68.147,24907304.0,28062.2
Peru,1997,58147522522.5225,68.605,25365386.0,27958.9
Peru,1998,55501467877.381,69.082,25818226.0,26970.3
Peru,1999,50187324567.883,69.743,26252239.0,29072.4
Peru,2000,51744749133.213,70.424,26654439.0,28634.2
Peru,2001,52030158775.4055,71.041,27014909.0,26537.2
Peru,2002,54777553515.0809,71.661,27334503.0,27731.0
Peru,2003,58731030121.8671,72.217,27623341.0,27157.7
Peru,2004,66768703497.5687,72.668,27893911.0,31237.1
Peru,2005,76060606060.6061,72.986,28147267.0,31291.8
Peru,2006,88643193061.748,73.172,28381078.0,30843.7
Peru,2007,102170981144.136,73.223,28600387.0,33808.4
Peru,2008,120550599815.441,73.377,28806185.0,38292.6
Peru,2009,120822986521.479,73.466,29009326.0,41170.6
Peru,2010,147527631520.729,73.711,29229572.0,44998.5
Peru,2011,171761737046.585,74.133,29477721.0,48427.4
Peru,2012,192650021648.583,74.544,29749589.0,48120.6
Peru,2013,201175543571.392,74.967,30038809.0,49751.9
Peru,2014,200786250582.943,75.333,30353951.0,53167.8
Peru,2015,189802976285.619,75.621,30711863.0,54553.5
Peru,2016,191898104390.379,75.789,31132779.0,56860.3
Peru,2017,211007984080.911,75.879,31605486.0,54274.3
Peru,2018,222597009739.235,76.009,32203944.0,54589.9
Peru,2019,228325821196.153,76.156,32824861.0,56972.2
Peru,2020,201947615138.567,73.665,33304756.0,46578.9
Peru,2021,223717799056.526,72.377,33715471.0,
Peru,2022,242631573320.79,,34049588.0,
Peru,2023,,,,
Philippines,1990,50508286641.5746,65.909,61558898.0,40868.9
Philippines,1991,51784144942.727,66.304,63039751.0,40442.2
Philippines,1992,60422328242.1803,67.088,64543525.0,43803.7
Philippines,1993,62036529147.1831,67.542,66083321.0,47577.9
Philippines,1994,73159336915.2718,67.942,67650283.0,51270.0
Philippines,1995,84644328727.4825,68.223,69250468.0,61414.8
Philippines,1996,94648084429.0341,68.614,70944969.0,66899.8
Philippines,1997,94106317565.0846,68.884,72718837.0,74447.8
Philippines,1998,74492416329.9142,69.1,74491918.0,73870.2
Philippines,1999,85640171045.1254,69.298,76249064.0,71621.2
Philippines,2000,83669788254.7279,69.413,77958223.0,71942.8
Philippines,2001,78921234457.5487,69.614,79626086.0,70259.1
Philippines,2002,84307345887.543,69.781,81285572.0,71257.2
Philippines,2003,87039092974.2272,69.924,82942837.0,73141.9
Philippines,2004,95001999685.3314,70.037,84607501.0,74718.3
Philippines,2005,107419977318.166,70.24,86261250.0,76190.2
Philippines,2006,127652926368.069,70.282,87901835.0,69305.5
Philippines,2007,155980408673.403,70.483,89561377.0,73250.5
Philippines,2008,181624626327.361,70.564,91252326.0,75039.4
Philippines,2009,175974755881.372,70.633,92946951.0,76321.9
Philippines,2010,208368893151.144,70.754,94636700.0,81917.8
Philippines,2011,234216730295.938,70.788,96337913.0,82544.5
Philippines,2012,261920540972.102,70.881,98032317.0,86165.0
Philippines,2013,283902828581.65,70.835,99700107.0,95504.1
Philippines,2014,297483555344.802,71.151,101325201.0,101822.5
Philippines,2015,306445871246.718,71.268,103031365.0,110990.9
Philippines,2016,318627003012.52,71.387,104875266.0,120895.1
Philippines,2017,328480736798.792,71.516,106738501.0,133456.7
Philippines,2018,346841896583.515,71.689,108568836.0,139119.1
Philippines,2019,376823402244.928,71.865,110380804.0,145871.3
Philippines,2020,361751145451.597,72.119,112190977.0,133471.3
Philippines,2021,394087359844.049,69.266,113880328.0,
Philippines,2022,404284326110.463,,115559009.0,
Philippines,2023,,,,
Poland,1990,65977748210.5263,70.890243902439,38110782.0,350214.6
Poland,1991,85500935934.9901,70.5878048780488,38246193.0,351624.9
Poland,1992,94337050693.2727,71.090243902439,38363667.0,343368.4
Poland,1993,96043157272.862,71.5951219512195,38461408.0,344016.4
Poland,1994,110803635287.621,71.6951219512195,38542652.0,339752.2
Poland,1995,142293781028.568,71.8926829268293,38594998.0,340003.8
Poland,1996,160193242090.427,72.2463414634146,38624370.0,355320.2
Poland,1997,159358178533.659,72.6463414634146,38649660.0,344627.0
Poland,1998,174685791563.561,72.9975609756098,38663481.0,318414.1
Poland,1999,170030662134.734,73.0439024390244,38660271.0,308978.1
Poland,2000,172220451786.957,73.7487804878049,38258629.0,295774.4
Poland,2001,190905493539.168,74.2,38248076.0,293627.4
Poland,2002,199070448694.9,74.4975609756098,38230364.0,287320.3
Poland,2003,217828661056.935,74.5975609756098,38204570.0,297730.8
Poland,2004,255107252158.631,74.8463414634146,38182222.0,301854.0
Poland,2005,306145944824.93,74.9951219512195,38165445.0,301353.0
Poland,2006,344626667414.292,75.1439024390244,38141267.0,314093.0
Poland,2007,429020755432.721,75.2439024390244,38120560.0,313375.4
Poland,2008,533599779515.715,75.5439024390244,38125759.0,308325.3
Poland,2009,439731589139.212,75.6951219512195,38151603.0,297260.3
Poland,2010,475696613935.595,76.2463414634146,38042794.0,313739.1
Poland,2011,524374183218.309,76.6951219512195,38063255.0,310593.6
Poland,2012,495230523665.901,76.7463414634146,38063164.0,303351.4
Poland,2013,515761954074.157,77.0,38040196.0,298304.4
Poland,2014,539080475073.719,77.6024390243903,38011735.0,285730.0
Poland,2015,477111287969.227,77.4512195121951,37986412.0,289077.4
Poland,2016,470024559642.469,77.8512195121951,37970087.0,299802.4
Poland,2017,524641206566.631,77.7536585365854,37974826.0,312769.9
Poland,2018,588779850758.053,77.6024390243903,37974750.0,311754.9
Poland,2019,596058473058.766,77.9048780487805,37965475.0,294948.3
Poland,2020,599442783598.064,76.5,37899070.0,279223.8
Poland,2021,681346136411.701,75.6024390243903,37747124.0,
Poland,2022,688125010520.52,,36821749.0,
Poland,2023,,,,
Portugal,1990,78713860216.5659,73.9658536585366,9983218.0,41068.6
Portugal,1991,89233599278.4792,74.0146341463415,9960235.0,42767.7
Portugal,1992,107592098307.098,74.3121951219512,9952494.0,46774.0
Portugal,1993,95009751901.2592,74.5121951219512,9964675.0,45792.8
Portugal,1994,99688641304.3478,74.9146341463415,9991525.0,47302.9
Portugal,1995,118122007430.012,75.3121951219512,10026176.0,50693.2
Portugal,1996,122630089680.27,75.2609756097561,10063945.0,48742.5
Portugal,1997,117016535162.95,75.4121951219512,10108977.0,50931.6
Portugal,1998,123946327916.296,75.7121951219512,10160196.0,55600.6
Portugal,1999,127470385557.184,75.9634146341463,10217828.0,62207.6
Portugal,2000,118605192877.388,76.3146341463415,10289898.0,61661.2
Portugal,2001,121604107164.997,76.8146341463415,10362722.0,61383.6
Portugal,2002,134795565549.419,77.0658536585366,10419631.0,65604.9
Portugal,2003,165226175536.793,77.219512195122,10458821.0,60523.6
Portugal,2004,189382122532.169,77.6707317073171,10483861.0,62128.8
Portugal,2005,197253876704.921,78.0707317073171,10503330.0,65473.8
Portugal,2006,208756449275.848,78.419512195122,10522288.0,60448.0
Portugal,2007,240496147317.381,78.3219512195122,10542964.0,58797.6
Portugal,2008,263416394624.084,78.5243902439025,10558177.0,56844.4
Portugal,2009,244667762835.543,78.7268292682927,10568247.0,56299.6
Portugal,2010,238113003233.284,79.0268292682927,10573100.0,50937.3
Portugal,2011,245117990242.248,80.4707317073171,10557560.0,49867.9
Portugal,2012,216224240577.957,80.3731707317073,10514844.0,48220.3
Portugal,2013,226433858005.714,80.7219512195122,10457295.0,46555.2
Portugal,2014,229901964221.884,81.1219512195122,10401062.0,45931.1
Portugal,2015,199394066525.44,81.1243902439025,10358076.0,49851.9
Portugal,2016,206426152308.931,81.1243902439025,10325452.0,48695.2
Portugal,2017,221357874718.93,81.4243902439025,10300300.0,53272.7
Portugal,2018,242313116577.967,81.3243902439024,10283822.0,49461.2
Portugal,2019,239986922638.902,81.6756097560976,10286263.0,44564.7
Portugal,2020,229031860520.777,80.9756097560976,10297081.0,38973.5
Portugal,2021,255534839405.899,81.0731707317073,10361831.0,
Portugal,2022,255196660987.427,,10409704.0,
Portugal,2023,,,,
Post-demographic dividend,1990,18415065842465.4,75.4673650437809,964048985.0,11301942.62
Post-demographic dividend,1991,19444623831660.3,75.5940957796481,971176019.0,11261858.73
Post-demographic dividend,1992,20875069152452.6,75.7100165090045,977958696.0,11202035.02
Post-demographic dividend,1993,21031404311355.2,75.7223762694966,984265557.0,11190404.83
Post-demographic dividend,1994,22521943357227.0,76.0387247570211,989907298.0,11255283.55
Post-demographic dividend,1995,24976734015084.2,76.0596774629664,995212216.0,11385861.27
Post-demographic dividend,1996,25095080550814.8,76.4372851260638,1000693857.0,11654927.1
Post-demographic dividend,1997,24601809511219.9,76.7749903729361,1005936747.0,11878876.62
Post-demographic dividend,1998,24708014062399.1,76.990976029348,1010875500.0,11862048.6
Post-demographic dividend,1999,25945423419531.7,77.0973046395259,1015710581.0,11932534.8
Post-demographic dividend,2000,26398744972704.6,77.3493836287602,1020793420.0,12205401.5
Post-demographic dividend,2001,26143663079923.6,77.6440337386382,1025680403.0,12242579.1
Post-demographic dividend,2002,27268411471911.2,77.7959890213592,1030818658.0,12138747.3
Post-demographic dividend,2003,30570427188324.4,77.9094514734754,1035935060.0,12348057.2
Post-demographic dividend,2004,33970416656653.1,78.3393614227025,1041241254.0,12433283.2
Post-demographic dividend,2005,35741466648908.4,78.426553145263,1046468599.0,12434543.6
Post-demographic dividend,2006,37604010452010.8,78.7585869132718,1052106032.0,12321777.6
Post-demographic dividend,2007,41042314403153.3,79.005590206396,1058252873.0,12451551.7
Post-demographic dividend,2008,43475161351370.9,79.151087696378,1064631968.0,12108570.1
Post-demographic dividend,2009,40925357140745.4,79.4756110093771,1070085408.0,11325785.8
Post-demographic dividend,2010,42685417198862.4,79.685190812689,1075046427.0,11794117.9
Post-demographic dividend,2011,45847634138446.9,79.9503852558578,1077987051.0,11547695.05
Post-demographic dividend,2012,45779625495594.1,80.0838724772061,1082488958.0,11341919.52
Post-demographic dividend,2013,46233111841911.4,80.2602154770184,1087230525.0,11411367.77
Post-demographic dividend,2014,47149716647837.7,80.5160128461206,1092179620.0,11155172.57
Post-demographic dividend,2015,44580568561930.0,80.3820254160595,1097061415.0,11014655.47
Post-demographic dividend,2016,45583281100458.6,80.5395097027758,1102020063.0,10907463.37
Post-demographic dividend,2017,47532077024725.3,80.5836865840333,1106212920.0,10811083.27
Post-demographic dividend,2018,50380466224066.0,80.6711212031444,1110123356.0,10882237.97
Post-demographic dividend,2019,50878122051753.5,80.8990735666668,1113305347.0,10513545.907
Post-demographic dividend,2020,49740885136767.2,80.0044580547539,1117418072.0,9555830.37
Post-demographic dividend,2021,55301094121160.6,79.7977140117583,1116569892.0,
Post-demographic dividend,2022,56211584699649.4,,1113495082.0,
Post-demographic dividend,2023,,,,
Pre-demographic dividend,1990,406714861767.161,48.728726211776,417144782.0,187593.355181
Pre-demographic dividend,1991,221557831422.664,48.6498620116213,427363888.0,179937.336894
Pre-demographic dividend,1992,170271061740.865,48.5631630213706,439447569.0,212230.634723
Pre-demographic dividend,1993,177783300896.002,49.0575881973971,453282283.0,229152.448142
Pre-demographic dividend,1994,185211121857.43,49.9010494238866,468345219.0,236402.735085
Pre-demographic dividend,1995,274997760194.794,49.7163254615743,483031809.0,246353.932767
Pre-demographic dividend,1996,332565487839.374,49.7292676291153,495937962.0,265641.433325
Pre-demographic dividend,1997,365637813164.297,49.9701047076698,508962926.0,287689.307587
Pre-demographic dividend,1998,390147405181.649,49.6332021486073,523022619.0,253441.722441
Pre-demographic dividend,1999,240516103272.971,50.7283999451106,537918075.0,237689.604746
Pre-demographic dividend,2000,278338197586.22,51.4739360006522,553089230.0,262141.263652
Pre-demographic dividend,2001,265759597022.196,51.9215614271429,568734640.0,278395.381617
Pre-demographic dividend,2002,305593263940.059,52.3681161355009,586023563.0,263874.392257
Pre-demographic dividend,2003,332219627552.373,52.8837927902007,604077372.0,265679.243164
Pre-demographic dividend,2004,414080241790.959,53.3398016471408,621974508.0,278603.666363
Pre-demographic dividend,2005,516817659395.877,53.9397791722359,640493810.0,280335.060225
Pre-demographic dividend,2006,652739438827.27,54.5785753533199,659115651.0,274848.610212
Pre-demographic dividend,2007,791128662328.913,55.0867801380248,677333522.0,267241.244679
Pre-demographic dividend,2008,987167868333.43,55.6136543774986,697003893.0,292301.012288
Pre-demographic dividend,2009,904003901020.399,56.3080035125471,718121906.0,299207.451108
Pre-demographic dividend,2010,1064216809201.18,56.8119682833244,739525992.0,336938.477224
Pre-demographic dividend,2011,1239034064027.83,57.3871065174694,761717101.0,354783.027189
Pre-demographic dividend,2012,1346208604021.81,57.8697927005393,784822780.0,374390.53
Pre-demographic dividend,2013,1471559782482.3,58.3300592913712,808542070.0,406440.33
Pre-demographic dividend,2014,1562757808863.22,58.7521965415578,832469778.0,419480.76
Pre-demographic dividend,2015,1338986801176.84,59.1193712621413,856420253.0,423347.77
Pre-demographic dividend,2016,1223274837744.55,59.5239150627753,880891473.0,441959.88
Pre-demographic dividend,2017,1302929583567.18,59.9506113469282,905987912.0,455350.45
Pre-demographic dividend,2018,1353328613575.52,60.3548387754098,931467165.0,476743.54
Pre-demographic dividend,2019,1426582966203.49,60.7216573709725,957503246.0,506463.28
Pre-demographic dividend,2020,1309417999889.29,60.2495318388733,984213438.0,469494.036
Pre-demographic dividend,2021,1432814193024.43,59.87258063232,1011043183.0,
Pre-demographic dividend,2022,1617245641605.59,,1038012552.0,
Pre-demographic dividend,2023,,,,
Puerto Rico,1990,30603919000.0,73.89,3537000.0,
Puerto Rico,1991,32287031000.0,73.913,3562110.0,
Puerto Rico,1992,34630430000.0,73.939,3585176.0,
Puerto Rico,1993,36922456000.0,74.029,3615497.0,
Puerto Rico,1994,39690630000.0,74.083,3649237.0,
Puerto Rico,1995,42647331000.0,74.364,3683103.0,
Puerto Rico,1996,45340835000.0,74.585,3724655.0,
Puerto Rico,1997,48187039000.0,74.92,3759430.0,
Puerto Rico,1998,54086400000.0,75.194,3781101.0,
Puerto Rico,1999,57841000000.0,75.536,3800081.0,
Puerto Rico,2000,61701800000.0,75.977,3810605.0,
Puerto Rico,2001,69208400000.0,76.456,3818774.0,
Puerto Rico,2002,71623500000.0,76.728,3823701.0,
Puerto Rico,2003,74827400000.0,76.874,3826095.0,
Puerto Rico,2004,80322313000.0,77.143,3826878.0,
Puerto Rico,2005,83914521300.0,77.237,3821362.0,
Puerto Rico,2006,87276164400.0,77.415,3805214.0,
Puerto Rico,2007,89524131600.0,77.621,3782995.0,
Puerto Rico,2008,93639300000.0,77.841,3760866.0,
Puerto Rico,2009,96385600000.0,77.877,3740410.0,
Puerto Rico,2010,98381300000.0,78.01,3721525.0,
Puerto Rico,2011,100351700000.0,78.316,3678732.0,
Puerto Rico,2012,101564800000.0,78.461,3634488.0,
Puerto Rico,2013,102450000000.0,78.777,3593077.0,
Puerto Rico,2014,102445800000.0,78.929,3534874.0,
Puerto Rico,2015,103375500000.0,79.695,3473232.0,
Puerto Rico,2016,104336700000.0,80.27,3406672.0,
Puerto Rico,2017,103445500000.0,79.258,3325286.0,
Puerto Rico,2018,100958100000.0,79.77,3193354.0,
Puerto Rico,2019,105126400000.0,79.063,3193694.0,
Puerto Rico,2020,103130900000.0,78.041,3281557.0,
Puerto Rico,2021,106368900000.0,80.162,3262693.0,
Puerto Rico,2022,113434800000.0,,3221789.0,
Puerto Rico,2023,,,,
Qatar,1990,7360439423.07692,73.982,441675.0,12543.4
Qatar,1991,6883516483.51648,73.966,456486.0,14985.0
Qatar,1992,7646153983.51648,74.122,471293.0,14677.6
Qatar,1993,7156593653.84615,74.243,486041.0,16614.6
Qatar,1994,7374450769.23077,74.348,500683.0,18491.0
Qatar,1995,8137911978.02198,74.25,515133.0,19047.7
Qatar,1996,9059340384.61539,74.685,529265.0,20942.1
Qatar,1997,11297802115.3846,74.787,550591.0,25392.6
Qatar,1998,10255495027.4725,74.809,580997.0,26502.7
Qatar,1999,12393131868.1319,74.8,613302.0,29002.4
Qatar,2000,17759890109.8901,74.828,645937.0,28666.2
Qatar,2001,17538461538.4615,75.263,678831.0,28650.6
Qatar,2002,19363736263.7363,75.412,713186.0,32496.1
Qatar,2003,23533791208.7912,75.565,748525.0,34744.2
Qatar,2004,31734065934.0659,75.961,777943.0,37074.4
Qatar,2005,44530494505.4945,76.064,848710.0,38536.6
Qatar,2006,60882142857.1429,76.57,1015060.0,43940.5
Qatar,2007,79712087912.0879,77.016,1231893.0,50026.5
Qatar,2008,115270054945.055,77.427,1444277.0,53279.3
Qatar,2009,97798351648.3516,77.878,1610274.0,54310.2
Qatar,2010,125122306346.154,78.425,1713504.0,60912.1
Qatar,2011,167775268626.374,78.891,1804171.0,68521.5
Qatar,2012,186833502362.637,79.227,1905660.0,75430.1
Qatar,2013,198727642967.033,79.536,2035501.0,76540.7
Qatar,2014,206224598571.429,79.768,2214465.0,82167.8
Qatar,2015,161739955576.923,80.064,2414573.0,85211.3
Qatar,2016,151732181868.132,80.433,2595166.0,87066.7
Qatar,2017,161099122225.275,80.717,2711755.0,87472.1
Qatar,2018,183334953818.681,80.898,2766732.0,87099.4
Qatar,2019,176371267689.082,80.99,2807235.0,89486.8
Qatar,2020,144411363345.27,79.099,2760385.0,87578.3
Qatar,2021,179732009554.846,79.272,2688235.0,
Qatar,2022,236258302839.653,,2695122.0,
Qatar,2023,,,,
Romania,1990,38247882300.4904,69.7412195121951,23201835.0,172633.6
Romania,1991,28850634899.856,69.7843902439024,23001155.0,142755.2
Romania,1992,25121666666.6667,69.7843902439024,22794284.0,126185.7
Romania,1993,26361160449.9704,69.5634146341464,22763280.0,117690.8
Romania,1994,30072805104.2542,69.509756097561,22730211.0,115148.3
Romania,1995,37430162102.6125,69.4560975609756,22684270.0,120869.9
Romania,1996,36937074278.3004,69.1048780487805,22619004.0,124200.9
Romania,1997,35575214078.2428,69.0048780487805,22553978.0,113599.2
Romania,1998,41696091973.7076,69.8073170731708,22507344.0,99513.5
Romania,1999,35953156753.739,70.5121951219512,22472040.0,84969.4
Romania,2000,37253739511.1273,71.1634146341463,22442971.0,89003.1
Romania,2001,40395116581.4832,71.1609756097561,22131970.0,95220.8
Romania,2002,46065502702.5817,71.009756097561,21730496.0,93733.0
Romania,2003,57806384143.166,71.309756097561,21574326.0,98138.2
Romania,2004,74973656851.8076,71.5609756097561,21451748.0,95336.3
Romania,2005,98454380120.0761,71.9121951219512,21319685.0,94682.9
Romania,2006,122023735992.706,72.1634146341463,21193760.0,99254.3
Romania,2007,174588782938.583,72.5658536585366,20882982.0,96728.6
Romania,2008,214317202478.266,72.5658536585366,20537875.0,95409.1
Romania,2009,174102268534.84,73.309756097561,20367487.0,80699.2
Romania,2010,170029359010.667,73.4585365853659,20246871.0,77601.9
Romania,2011,192613579705.885,74.409756097561,20147528.0,84049.5
Romania,2012,179132893143.417,74.4121951219512,20058035.0,81843.8
Romania,2013,189789258566.244,75.0634146341463,19983693.0,72090.6
Romania,2014,199713780259.318,74.909756097561,19908979.0,71539.0
Romania,2015,177883883008.747,74.9121951219512,19815616.0,73314.4
Romania,2016,185287630540.431,75.209756097561,19702267.0,71585.2
Romania,2017,210147163769.848,75.309756097561,19588715.0,74208.1
Romania,2018,243316029944.056,75.3585365853659,19473970.0,75190.2
Romania,2019,251017797625.017,75.6073170731707,19371648.0,73942.8
Romania,2020,251362514349.697,74.2536585365854,19265250.0,68664.0
Romania,2021,285810244501.933,72.9609756097561,19122059.0,
Romania,2022,300691354864.855,,19047009.0,
Romania,2023,,,,
Russian Federation,1990,517014446227.929,68.8860975609756,147969407.0,2163533.1
Russian Federation,1991,517962962962.963,68.4743902439024,148394216.0,2136444.3
Russian Federation,1992,460290556900.726,66.8731707317073,148538197.0,2030810.7
Russian Federation,1993,435083713850.837,64.9358536585366,148458777.0,1880244.5
Russian Federation,1994,395077301248.464,64.4670731707317,148407912.0,1685046.3
Russian Federation,1995,395537185734.854,64.6907317073171,148375787.0,1635484.8
Russian Federation,1996,391724890744.498,65.8541463414634,148160129.0,1601176.5
Russian Federation,1997,404928954191.876,66.6987804878049,147915361.0,1489506.5
Russian Federation,1998,270955486862.442,67.029756097561,147670784.0,1487965.0
Russian Federation,1999,195907128350.934,65.9821951219512,147214776.0,1523721.3
Russian Federation,2000,259710142196.943,65.4836585365854,146596869.0,1563845.6
Russian Federation,2001,306602070620.5,65.3834146341463,145976482.0,1567172.0
Russian Federation,2002,345470494417.863,65.1287804878049,145306497.0,1565334.4
Russian Federation,2003,430347420184.885,65.0275609756098,144648618.0,1609996.7
Russian Federation,2004,591016690732.385,65.4709756097561,144067316.0,1600978.5
Russian Federation,2005,764015973481.11,65.529756097561,143518814.0,1611982.1
Russian Federation,2006,989932071352.543,66.7275609756098,143049637.0,1654851.0
Russian Federation,2007,1299703478481.65,67.5868292682927,142805114.0,1658148.6
Russian Federation,2008,1660848058303.11,67.9492682926829,142742366.0,1655191.1
Russian Federation,2009,1222645900055.7,68.6846341463415,142785349.0,1546666.4
Russian Federation,2010,1524916715223.95,68.8412195121951,142849468.0,1617827.5
Russian Federation,2011,2045922753398.04,69.6839024390244,142960908.0,1699083.2
Russian Federation,2012,2208293553878.42,70.0721951219512,143201721.0,1675755.9
Russian Federation,2013,2292470078346.22,70.5787804878049,143506995.0,1632679.7
Russian Federation,2014,2059241589895.01,70.7436585365854,143819667.0,1611960.7
Russian Federation,2015,1363482182197.71,71.1834146341463,144096870.0,1592559.4
Russian Federation,2016,1276786350881.14,71.6512195121951,144342397.0,1571517.3
Russian Federation,2017,1574199360089.0,72.4514634146342,144496739.0,1594550.3
Russian Federation,2018,1657328773461.31,72.6621951219512,144477859.0,1661000.0
Russian Federation,2019,1693115002708.32,73.0839024390244,144406261.0,1703588.7
Russian Federation,2020,1493075894362.14,71.3387804878049,144073139.0,1618271.0
Russian Federation,2021,1836892075547.52,69.3612195121951,144130482.0,
Russian Federation,2022,2240422427458.58,,144236933.0,
Russian Federation,2023,,,,
Rwanda,1990,2550185679.08109,48.431,7319962.0,536.36
Rwanda,1991,1911600236.67461,46.519,7485681.0,481.45
Rwanda,1992,2029026961.55894,44.319,7657208.0,483.55
Rwanda,1993,1971525711.83511,42.166,7904740.0,486.05
Rwanda,1994,753636370.454545,14.098,6732665.0,461.723
Rwanda,1995,1293535193.49248,39.969,5686897.0,454.989
Rwanda,1996,1382334879.40812,40.698,6715510.0,464.63
Rwanda,1997,1851558197.31088,40.64,7666732.0,481.23
Rwanda,1998,1989343546.17594,41.681,7914645.0,480.02
Rwanda,1999,2157240525.97173,44.616,8009587.0,494.89
Rwanda,2000,2068955252.83541,47.129,8109989.0,660.52
Rwanda,2001,1966719933.25386,49.021,8223941.0,674.05
Rwanda,2002,1966111528.56793,51.032,8372306.0,795.79
Rwanda,2003,2138354521.02184,53.368,8567992.0,684.91
Rwanda,2004,2376642785.76983,55.491,8791853.0,662.34
Rwanda,2005,2933999088.59914,57.316,9026299.0,716.9
Rwanda,2006,3319974269.10464,58.714,9270066.0,720.3
Rwanda,2007,4070746222.26691,59.965,9523168.0,653.34
Rwanda,2008,5180228095.99803,61.134,9781996.0,653.34
Rwanda,2009,5674899033.27806,61.958,10043737.0,670.88
Rwanda,2010,6125216482.26839,62.54,10309031.0,703.68
Rwanda,2011,6885492660.83242,63.261,10576932.0,736.07
Rwanda,2012,7655465589.74669,64.009,10840334.0,814.13
Rwanda,2013,7820741499.0814,64.426,11101350.0,903.69
Rwanda,2014,8239766320.0954,64.94,11368451.0,923.92
Rwanda,2015,8544621756.79813,65.298,11642959.0,1080.44
Rwanda,2016,8696069807.42495,65.737,11930899.0,1148.0
Rwanda,2017,9252834120.39358,65.941,12230339.0,1255.5
Rwanda,2018,9636254325.02444,66.251,12531808.0,1403.4
Rwanda,2019,10346326599.029,66.437,12835028.0,1451.1
Rwanda,2020,10172303393.0612,66.774,13146362.0,1382.0
Rwanda,2021,11054517345.7109,66.072,13461888.0,
Rwanda,2022,13311487445.0686,,13776698.0,
Rwanda,2023,,,,
Samoa,1990,125766269.755358,67.658,168186.0,89.0
Samoa,1991,125597205.422315,67.881,168701.0,97.7
Samoa,1992,132303041.36253,68.385,169799.0,102.9
Samoa,1993,133122897.196262,68.701,171362.0,112.5
Samoa,1994,221098106.508876,68.98,173107.0,103.4
Samoa,1995,224865731.381903,69.298,174902.0,116.6
Samoa,1996,249907868.772424,69.588,176713.0,131.5
Samoa,1997,285475591.89651,69.875,178543.0,129.1
Samoa,1998,269485244.15511,70.171,180385.0,146.1
Samoa,1999,255408060.259486,70.456,182211.0,145.1
Samoa,2000,258856139.798489,70.746,184008.0,148.6
Samoa,2001,266299591.479428,71.019,185530.0,162.6
Samoa,2002,281790134.211972,71.276,186630.0,170.2
Samoa,2003,333426188.41876,71.496,187440.0,169.2
Samoa,2004,407747565.096959,71.696,188073.0,175.0
Samoa,2005,476801793.159429,71.754,188626.0,179.1
Samoa,2006,499923757.780736,72.021,189379.0,177.1
Samoa,2007,573548459.833372,72.1,190478.0,186.3
Samoa,2008,641346191.664776,72.155,191787.0,169.5
Samoa,2009,628006115.424052,70.066,193176.0,176.4
Samoa,2010,680260907.153983,72.249,194672.0,192.4
Samoa,2011,744097050.169115,72.26,196351.0,196.0
Samoa,2012,773141661.165548,72.167,198124.0,198.1
Samoa,2013,797736334.281305,72.391,199939.0,196.7
Samoa,2014,796683519.593842,72.463,201757.0,207.3
Samoa,2015,824150498.653536,72.515,203571.0,232.3
Samoa,2016,843924796.697421,72.54,205544.0,246.7
Samoa,2017,884844384.463214,72.59,207630.0,255.2
Samoa,2018,878448433.404342,72.636,209701.0,248.7
Samoa,2019,912950466.064906,72.157,211905.0,278.7
Samoa,2020,868898358.266437,72.768,214929.0,206.5
Samoa,2021,843923638.733018,72.767,218764.0,
Samoa,2022,832945205.637185,,222382.0,
Samoa,2023,,,,
San Marino,1990,,,23132.0,
San Marino,1991,,,23459.0,
San Marino,1992,,,23808.0,
San Marino,1993,,,24181.0,
San Marino,1994,,,24535.0,
San Marino,1995,,,24886.0,
San Marino,1996,,,25235.0,
San Marino,1997,,,25596.0,
San Marino,1998,,,25997.0,
San Marino,1999,1109098657.57511,,26404.0,
San Marino,2000,1005159388.24397,,26823.0,
San Marino,2001,1077413479.05282,,27335.0,
San Marino,2002,1168269230.76923,,27969.0,
San Marino,2003,1464326160.8154,,28601.0,
San Marino,2004,1723750000.0,,29093.0,
San Marino,2005,1785847531.40157,,29508.0,
San Marino,2006,1908167105.75837,,29959.0,
San Marino,2007,2185874623.59704,,30372.0,
San Marino,2008,2393437820.41892,,30700.0,
San Marino,2009,2056126701.86163,,31059.0,
San Marino,2010,1881191949.98998,,31608.0,
San Marino,2011,1813717694.56092,,32495.0,
San Marino,2012,1604701051.1653,,33132.0,
San Marino,2013,1678741201.5731,,33285.0,
San Marino,2014,1673910988.24105,,33389.0,
San Marino,2015,1419400403.82788,,33570.0,
San Marino,2016,1468342430.7393,,33834.0,
San Marino,2017,1528621195.4832,,34056.0,
San Marino,2018,1655354303.86998,,34156.0,
San Marino,2019,1616188702.33964,,34178.0,
San Marino,2020,1541247883.99351,,34007.0,
San Marino,2021,1855382833.1165,,33745.0,
San Marino,2022,,,33660.0,
San Marino,2023,,,,
Sao Tome and Principe,1990,,61.471,120343.0,46.5
Sao Tome and Principe,1991,,61.429,123084.0,46.5
Sao Tome and Principe,1992,,61.284,125648.0,44.3
Sao Tome and Principe,1993,,61.138,128182.0,44.9
Sao Tome and Principe,1994,,61.069,130666.0,46.6
Sao Tome and Principe,1995,,61.056,133077.0,47.5
Sao Tome and Principe,1996,,61.097,135412.0,47.5
Sao Tome and Principe,1997,,61.181,137656.0,47.5
Sao Tome and Principe,1998,,61.187,139790.0,51.0
Sao Tome and Principe,1999,,61.393,141808.0,51.0
Sao Tome and Principe,2000,,61.655,143714.0,53.5
Sao Tome and Principe,2001,75951133.3777948,62.032,146258.0,53.5
Sao Tome and Principe,2002,85171073.8777498,62.6,149841.0,58.3
Sao Tome and Principe,2003,102085769.123419,63.166,153762.0,65.9
Sao Tome and Principe,2004,114582283.916382,63.731,157697.0,74.5
Sao Tome and Principe,2005,136450662.390592,63.709,161680.0,80.0
Sao Tome and Principe,2006,142775104.081626,64.398,165725.0,81.7
Sao Tome and Principe,2007,149146918.888611,64.724,169845.0,81.8
Sao Tome and Principe,2008,188021165.00338,65.079,174004.0,88.5
Sao Tome and Principe,2009,200668065.03175,65.116,178128.0,93.8
Sao Tome and Principe,2010,190021192.489536,65.249,182138.0,102.8
Sao Tome and Principe,2011,226455001.243083,64.902,186044.0,100.5
Sao Tome and Principe,2012,229371348.202606,65.746,189924.0,118.7
Sao Tome and Principe,2013,267041747.584354,66.328,193757.0,121.3
Sao Tome and Principe,2014,293119143.246825,66.845,197497.0,119.2
Sao Tome and Principe,2015,259999643.047388,67.249,201124.0,123.6
Sao Tome and Principe,2016,292267272.196925,67.492,204632.0,128.7
Sao Tome and Principe,2017,322002845.229335,68.267,208036.0,134.4
Sao Tome and Principe,2018,383717327.830508,68.355,211344.0,137.5
Sao Tome and Principe,2019,412976064.479214,68.523,214599.0,140.2
Sao Tome and Principe,2020,471229484.607144,67.785,218641.0,141.1
Sao Tome and Principe,2021,524402450.755612,67.591,223107.0,
Sao Tome and Principe,2022,542686976.457587,,227380.0,
Sao Tome and Principe,2023,,,,
Saudi Arabia,1990,117630261604.888,68.948,16004763.0,171403.3
Saudi Arabia,1991,132223257865.578,69.366,16654276.0,187924.9
Saudi Arabia,1992,137087867284.342,69.925,17281350.0,202031.7
Saudi Arabia,1993,132967891655.205,70.303,17846461.0,203252.6
Saudi Arabia,1994,135174876355.656,70.705,18367528.0,206359.4
Saudi Arabia,1995,143343025756.299,71.011,18888857.0,204830.5
Saudi Arabia,1996,158662377388.989,71.273,19410280.0,217652.4
Saudi Arabia,1997,165963594803.636,71.483,19938377.0,220072.7
Saudi Arabia,1998,146775428759.278,71.879,20472580.0,233898.8
Saudi Arabia,1999,161717040000.0,72.136,21009660.0,239520.5
Saudi Arabia,2000,189514910222.667,72.467,21547390.0,249654.8
Saudi Arabia,2001,184137517724.863,72.974,22085929.0,254084.2
Saudi Arabia,2002,189605920240.516,73.337,22623415.0,272251.2
Saudi Arabia,2003,215807655244.424,73.628,23150847.0,284828.3
Saudi Arabia,2004,258742263029.008,74.153,23661808.0,299889.4
Saudi Arabia,2005,328459700124.064,74.588,24397644.0,315293.2
Saudi Arabia,2006,376900135720.729,74.81,25382870.0,335434.3
Saudi Arabia,2007,415964583059.205,75.046,26400068.0,354617.4
Saudi Arabia,2008,519796738631.128,75.274,27437353.0,389713.4
Saudi Arabia,2009,429097899279.013,75.431,28483797.0,406526.7
Saudi Arabia,2010,528207298529.872,75.763,29411929.0,446131.5
Saudi Arabia,2011,676634577273.045,76.234,30150945.0,463763.7
Saudi Arabia,2012,741849984943.256,76.461,30821543.0,492467.1
Saudi Arabia,2013,753864543430.248,76.626,31482498.0,503213.7
Saudi Arabia,2014,766605946720.427,76.757,32125564.0,540520.2
Saudi Arabia,2015,669484381328.891,76.918,32749848.0,565190.1
Saudi Arabia,2016,665999879694.192,77.064,33416270.0,561229.7
Saudi Arabia,2017,714994694991.651,77.16,34193122.0,549749.9
Saudi Arabia,2018,846583791842.629,77.212,35018133.0,527565.7
Saudi Arabia,2019,838564705295.139,77.304,35827362.0,526770.3
Saudi Arabia,2020,734271183944.989,76.239,35997107.0,513555.8
Saudi Arabia,2021,874156115900.131,76.936,35950396.0,
Saudi Arabia,2022,1108571517285.38,,36408820.0,
Saudi Arabia,2023,,,,
Senegal,1990,7390967360.42121,56.948,7536001.0,2326.3
Senegal,1991,7255210469.51743,57.139,7754289.0,2334.7
Senegal,1992,7769817839.95644,57.112,7974514.0,2568.3
Senegal,1993,7367986241.21869,56.996,8196551.0,2505.6
Senegal,1994,5034588195.55806,56.955,8416997.0,2606.2
Senegal,1995,6326342633.4034,56.839,8632681.0,2761.2
Senegal,1996,6559712165.96508,56.672,8843423.0,2927.3
Senegal,1997,6041478725.90443,56.591,9051539.0,3215.0
Senegal,1998,6505607909.05324,56.418,9261526.0,3597.4
Senegal,1999,6592834932.80876,56.609,9478564.0,3960.7
Senegal,2000,6013185003.97525,56.943,9704287.0,4063.7
Senegal,2001,6507824829.26254,57.564,9938027.0,4455.4
Senegal,2002,7006402319.75856,58.231,10180950.0,4579.6
Senegal,2003,8768721563.18211,59.122,10434504.0,4486.4
Senegal,2004,10076816666.6196,60.027,10698691.0,5390.2
Senegal,2005,11009033437.939,60.915,10974057.0,5666.2
Senegal,2006,11697918243.0035,61.75,11263387.0,5569.4
Senegal,2007,13994218412.9619,62.543,11563869.0,6202.1
Senegal,2008,16853989627.548,63.242,11872929.0,6436.1
Senegal,2009,16145867494.9405,63.923,12195029.0,6666.2
Senegal,2010,16121315909.0758,64.615,12530121.0,7026.2
Senegal,2011,17814283639.3119,65.262,12875880.0,7571.4
Senegal,2012,17660870411.5235,65.457,13231833.0,7454.6
Senegal,2013,18918667724.8817,66.072,13595566.0,8013.0
Senegal,2014,19797253440.2679,66.452,13970308.0,8572.0
Senegal,2015,17774766696.1759,66.879,14356181.0,9285.5
Senegal,2016,19040312333.1864,67.497,14751356.0,10132.8
Senegal,2017,20996562943.5979,67.75,15157793.0,9800.8
Senegal,2018,23116701556.1381,68.097,15574909.0,10176.6
Senegal,2019,23403995992.1354,68.526,16000781.0,12297.8
Senegal,2020,24530513037.7518,68.006,16436120.0,10680.2
Senegal,2021,27569136729.9023,67.093,16876720.0,
Senegal,2022,27684264748.2324,,17316449.0,
Senegal,2023,,,,
Serbia,1990,,70.2292195121951,7586000.0,61906.5
Serbia,1991,,70.6177073170732,7595636.0,52202.4
Serbia,1992,,70.8009268292683,7646424.0,48858.2
Serbia,1993,,70.9655609756098,7699307.0,43190.6
Serbia,1994,,71.2506585365854,7734639.0,39618.2
Serbia,1995,16832598870.0565,71.6894878048781,7625357.0,45315.8
Serbia,1996,21818007448.7896,71.485243902439,7617794.0,52666.1
Serbia,1997,25676487999.5941,71.5843658536585,7596501.0,57256.4
Serbia,1998,19457979423.376,71.1872926829268,7567745.0,57283.7
Serbia,1999,19388663551.0012,69.7154390243902,7540401.0,40773.7
Serbia,2000,6875845986.52121,71.5829268292683,7516346.0,43985.4
Serbia,2001,12960546471.3782,72.2341463414634,7503433.0,46211.8
Serbia,2002,17120906918.3503,72.2853658536585,7496522.0,49792.2
Serbia,2003,22482365321.7656,72.4365853658537,7480591.0,53204.0
Serbia,2004,26141968161.0924,72.6829268292683,7463157.0,57502.3
Serbia,2005,27683225959.2468,72.8341463414634,7440769.0,50685.1
Serbia,2006,32482070360.3204,73.3853658536585,7411569.0,53009.0
Serbia,2007,43170990616.4729,73.6317073170732,7381579.0,51463.6
Serbia,2008,52194221468.5007,73.8853658536585,7350222.0,49825.9
Serbia,2009,45162894380.9318,73.9853658536585,7320807.0,46874.8
Serbia,2010,41819468691.8251,74.3365853658537,7291436.0,47103.9
Serbia,2011,49258136128.9672,74.5365853658537,7234099.0,51230.2
Serbia,2012,43309252921.0567,74.8365853658537,7199077.0,45790.2
Serbia,2013,48394239474.6762,75.1853658536585,7164132.0,46472.5
Serbia,2014,47062202418.8864,75.3365853658537,7130576.0,38980.7
Serbia,2015,39655949731.3816,75.2878048780488,7095383.0,45410.1
Serbia,2016,40692661657.284,75.6878048780488,7058322.0,46635.0
Serbia,2017,44179075778.9267,75.5390243902439,7020858.0,47342.6
Serbia,2018,50640662859.4987,75.890243902439,6982604.0,46192.4
Serbia,2019,51514242938.6734,75.9365853658537,6945235.0,46030.1
Serbia,2020,53356484591.4378,74.4780487804878,6899126.0,46324.3
Serbia,2021,63101069561.2193,72.7307317073171,6834326.0,
Serbia,2022,63563401043.5044,,6664449.0,
Serbia,2023,,,,
Seychelles,1990,392163560.879912,68.1073170731707,69507.0,153.2
Seychelles,1991,398307169.860405,70.7121951219512,70439.0,175.2
Seychelles,1992,461409398.855893,71.2146341463415,70763.0,176.2
Seychelles,1993,504230620.551871,69.4682926829268,72253.0,188.3
Seychelles,1994,517570058.151034,70.7292682926829,74205.0,207.4
Seychelles,1995,540733047.733048,72.4829268292683,75304.0,203.9
Seychelles,1996,535250347.089479,71.5609756097561,76417.0,238.7
Seychelles,1997,598966982.350186,71.2121951219512,77319.0,277.9
Seychelles,1998,647287375.762528,71.7463414634146,78846.0,294.2
Seychelles,1999,662838614.880674,72.6682926829268,80410.0,308.3
Seychelles,2000,654212394.27164,72.7780487804878,81131.0,293.7
Seychelles,2001,662064155.920692,73.2536585365854,81202.0,323.7
Seychelles,2002,742134837.50919,71.0878048780488,83723.0,352.3
Seychelles,2003,750847230.099263,71.0292682926829,82781.0,342.4
Seychelles,2004,893012218.181818,72.6609756097561,82475.0,383.2
Seychelles,2005,977899381.818182,72.1317073170732,82858.0,381.9
Seychelles,2006,1081441283.31798,72.2170731707317,84600.0,389.0
Seychelles,2007,1077308813.82945,73.1439024390244,85033.0,404.5
Seychelles,2008,979597394.293453,73.1634146341463,86956.0,417.6
Seychelles,2009,851064347.087496,73.0829268292683,87298.0,448.3
Seychelles,2010,981917973.654922,73.1975609756098,89770.0,443.7
Seychelles,2011,1059249931.66967,72.7243902439024,87441.0,408.2
Seychelles,2012,1089880685.4713,74.2756097560976,88303.0,423.7
Seychelles,2013,1324915185.0959,73.119512195122,89949.0,412.2
Seychelles,2014,1387576450.14334,73.2292682926829,91359.0,456.7
Seychelles,2015,1391427967.33495,74.2951219512195,93419.0,499.8
Seychelles,2016,1458954073.30681,74.309756097561,94677.0,565.6
Seychelles,2017,1529773473.31153,74.3,95843.0,570.7
Seychelles,2018,1588050311.16454,72.8414634146341,96762.0,602.3
Seychelles,2019,1645090567.04612,74.0463414634146,97625.0,595.3
Seychelles,2020,1183515314.03478,77.2365853658537,98462.0,598.7
Seychelles,2021,1286687308.25807,73.3975609756097,99258.0,
Seychelles,2022,1588438144.37685,,119878.0,
Seychelles,2023,,,,
Sierra Leone,1990,649644097.566129,44.057,4325388.0,318.0
Sierra Leone,1991,780098205.215036,43.506,4378169.0,342.3
Sierra Leone,1992,679997997.597116,43.621,4301566.0,325.5
Sierra Leone,1993,768812334.801762,43.594,4295689.0,327.5
Sierra Leone,1994,911915970.683484,42.925,4314953.0,350.5
Sierra Leone,1995,870758739.40678,42.716,4324149.0,236.2
Sierra Leone,1996,941742152.709895,43.68,4347370.0,310.7
Sierra Leone,1997,850218033.622007,43.715,4405028.0,229.2
Sierra Leone,1998,672375927.347148,42.789,4449975.0,247.7
Sierra Leone,1999,669384768.87263,42.071,4475145.0,197.2
Sierra Leone,2000,635874002.198748,45.05,4584067.0,333.3
Sierra Leone,2001,1074851475.17873,45.661,4857096.0,442.5
Sierra Leone,2002,1236235826.58409,46.359,5140113.0,497.6
Sierra Leone,2003,1369685676.56203,46.963,5350907.0,550.4
Sierra Leone,2004,1430217080.66487,47.577,5533329.0,532.6
Sierra Leone,2005,1627058424.93809,48.237,5683334.0,446.5
Sierra Leone,2006,1862116290.541,49.323,5809774.0,590.6
Sierra Leone,2007,2126679543.58623,50.365,5939163.0,503.2
Sierra Leone,2008,2451896435.20157,51.526,6090860.0,519.4
Sierra Leone,2009,2419014960.19967,52.626,6259842.0,517.8
Sierra Leone,2010,2578159803.94597,53.693,6436698.0,560.2
Sierra Leone,2011,2932274309.3957,54.62,6612385.0,734.9
Sierra Leone,2012,3789251613.36066,55.451,6788587.0,854.7
Sierra Leone,2013,4920343316.87093,56.313,6964859.0,1030.8
Sierra Leone,2014,5015180725.3416,56.393,7140688.0,1137.6
Sierra Leone,2015,4252029353.82191,57.189,7314773.0,1084.5
Sierra Leone,2016,3862721266.02162,58.404,7493913.0,1170.8
Sierra Leone,2017,3719443418.26155,58.652,7677565.0,1120.0
Sierra Leone,2018,4085114387.55605,59.796,7861281.0,1043.7
Sierra Leone,2019,4076578698.79107,60.255,8046828.0,1038.8
Sierra Leone,2020,4062906265.7332,59.763,8233970.0,1048.0
Sierra Leone,2021,4249234704.01866,60.062,8420641.0,
Sierra Leone,2022,4094563859.43556,,8605718.0,
Sierra Leone,2023,,,,
Singapore,1990,36144336768.7023,75.2951219512195,3047132.0,28970.0
Singapore,1991,45466164978.2923,75.6463414634146,3135083.0,30474.9
Singapore,1992,52131320032.8797,75.9463414634146,3230698.0,31410.9
Singapore,1993,60603815716.2653,76.0463414634146,3313471.0,36164.2
Singapore,1994,73688724431.1412,76.1975609756098,3419048.0,37978.8
Singapore,1995,87812540788.4293,76.2951219512195,3524506.0,37581.9
Singapore,1996,96293086513.0872,76.5951219512195,3670704.0,38520.1
Singapore,1997,100123787215.299,76.8975609756097,3796038.0,38161.6
Singapore,1998,85728207781.7785,77.3,3927213.0,37047.1
Singapore,1999,86286849754.8905,77.5512195121951,3958723.0,37802.1
Singapore,2000,96076539925.7409,77.9512195121951,4027887.0,42117.5
Singapore,2001,89793790669.6515,78.2512195121951,4138012.0,42031.3
Singapore,2002,92538372869.6942,78.5512195121951,4175950.0,41290.8
Singapore,2003,97646401095.6369,79.0390243902439,4114826.0,38157.7
Singapore,2004,115033593101.049,79.490243902439,4166664.0,39618.8
Singapore,2005,127807848728.398,79.990243902439,4265762.0,36901.4
Singapore,2006,148627286361.351,80.1414634146341,4401365.0,37171.6
Singapore,2007,180941701357.97,80.4414634146342,4588599.0,38286.0
Singapore,2008,193617323539.203,80.790243902439,4839396.0,38423.6
Singapore,2009,194150283771.566,81.2414634146342,4987573.0,38831.8
Singapore,2010,239807980591.24,81.5414634146342,5076732.0,42413.6
Singapore,2011,279356499090.458,81.7439024390244,5183688.0,44766.9
Singapore,2012,295092888076.589,81.9951219512195,5312437.0,43692.3
Singapore,2013,307576360584.992,82.2463414634147,5399162.0,43912.3
Singapore,2014,314863580758.455,82.4951219512195,5469724.0,44398.5
Singapore,2015,307998545269.398,82.7439024390244,5535002.0,45431.9
Singapore,2016,319030057631.089,82.8463414634146,5607283.0,44969.8
Singapore,2017,343272878686.388,83.0951219512195,5612253.0,47324.2
Singapore,2018,376869492498.009,83.2975609756098,5638676.0,45212.1
Singapore,2019,376837580397.579,83.5951219512195,5703569.0,45163.2
Singapore,2020,348392090695.217,84.4658536585366,5685807.0,43705.0
Singapore,2021,423797100521.555,83.4414634146342,5453566.0,
Singapore,2022,466788426791.966,,5637022.0,
Singapore,2023,,,,
Sint Maarten (Dutch part),1990,,72.324,27845.0,
Sint Maarten (Dutch part),1991,,71.954,29820.0,
Sint Maarten (Dutch part),1992,,72.509,31345.0,
Sint Maarten (Dutch part),1993,,72.293,31823.0,
Sint Maarten (Dutch part),1994,,72.338,31735.0,
Sint Maarten (Dutch part),1995,,72.406,31596.0,
Sint Maarten (Dutch part),1996,,72.858,31410.0,
Sint Maarten (Dutch part),1997,,73.76,31195.0,
Sint Maarten (Dutch part),1998,,73.48,31240.0,
Sint Maarten (Dutch part),1999,,75.034,31084.0,
Sint Maarten (Dutch part),2000,,74.514,30519.0,
Sint Maarten (Dutch part),2001,,74.522,30600.0,
Sint Maarten (Dutch part),2002,,74.858,30777.0,
Sint Maarten (Dutch part),2003,,74.148,31472.0,
Sint Maarten (Dutch part),2004,,74.24,32488.0,
Sint Maarten (Dutch part),2005,,75.542,33011.0,
Sint Maarten (Dutch part),2006,,75.926,33441.0,
Sint Maarten (Dutch part),2007,,75.417,33811.0,
Sint Maarten (Dutch part),2008,,75.742,33964.0,
Sint Maarten (Dutch part),2009,,75.441,34238.0,
Sint Maarten (Dutch part),2010,,75.132,34056.0,
Sint Maarten (Dutch part),2011,936089385.47486,74.684,33435.0,
Sint Maarten (Dutch part),2012,985865921.787709,74.608,34640.0,
Sint Maarten (Dutch part),2013,1022905027.93296,74.917,36607.0,
Sint Maarten (Dutch part),2014,1361811520.80425,76.773,37685.0,
Sint Maarten (Dutch part),2015,1417888712.18062,76.954,38825.0,
Sint Maarten (Dutch part),2016,1427017201.87971,76.598,39969.0,
Sint Maarten (Dutch part),2017,1353212141.44053,75.03,40574.0,
Sint Maarten (Dutch part),2018,1259200442.69574,75.131,40895.0,
Sint Maarten (Dutch part),2019,1407880465.5512,75.437,41608.0,
Sint Maarten (Dutch part),2020,1236428075.42112,74.584,42310.0,
Sint Maarten (Dutch part),2021,1353071060.2652,73.972,42668.0,
Sint Maarten (Dutch part),2022,1537088724.46126,,42848.0,
Sint Maarten (Dutch part),2023,,,,
Slovak Republic,1990,12747380650.0762,70.9326829268293,5299187.0,54811.8
Slovak Republic,1991,14272201755.4704,70.8829268292683,5303294.0,47938.2
Slovak Republic,1992,15495514296.8042,71.7951219512195,5305016.0,46096.2
Slovak Republic,1993,16520676973.5301,72.4487804878049,5325305.0,44319.9
Slovak Republic,1994,20162936291.375,72.3,5346331.0,41702.0
Slovak Republic,1995,25840146405.2288,72.2536585365854,5361999.0,42370.6
Slovak Republic,1996,27925036755.3866,72.6536585365854,5373361.0,42174.1
Slovak Republic,1997,27706028095.6157,72.7048780487805,5383291.0,42273.5
Slovak Republic,1998,29856000671.216,72.5512195121951,5390516.0,41403.5
Slovak Republic,1999,30463670123.5931,72.9024390243902,5396020.0,40660.1
Slovak Republic,2000,29242558796.5507,73.0512195121951,5388720.0,38072.2
Slovak Republic,2001,30778781606.9575,73.4024390243903,5378867.0,38577.0
Slovak Republic,2002,35297794385.6863,73.6048780487805,5376912.0,38065.4
Slovak Republic,2003,46919965224.1497,73.6048780487805,5373374.0,38331.2
Slovak Republic,2004,57437444469.087,73.9585365853659,5372280.0,37430.5
Slovak Republic,2005,62808723476.719,73.9048780487805,5372807.0,38518.3
Slovak Republic,2006,70767338922.4411,74.2048780487805,5373054.0,37873.3
Slovak Republic,2007,86563986799.2505,74.2073170731707,5374622.0,37190.3
Slovak Republic,2008,100879902984.983,74.7048780487805,5379233.0,37097.2
Slovak Republic,2009,89399303222.155,74.909756097561,5386406.0,33908.9
Slovak Republic,2010,91162836320.3502,75.1121951219512,5391428.0,35432.2
Slovak Republic,2011,99922685424.8835,75.9585365853659,5398384.0,34116.9
Slovak Republic,2012,94623731085.6106,76.109756097561,5407579.0,32347.1
Slovak Republic,2013,98935222174.8603,76.4121951219512,5413393.0,32920.4
Slovak Republic,2014,101437045019.901,76.8121951219512,5418649.0,30438.1
Slovak Republic,2015,88900883130.8374,76.5634146341463,5423801.0,30753.7
Slovak Republic,2016,89952699524.894,77.1658536585366,5430798.0,31497.8
Slovak Republic,2017,95649966260.9802,77.1658536585366,5439232.0,33576.5
Slovak Republic,2018,106137924015.593,77.2658536585366,5446771.0,33005.1
Slovak Republic,2019,105711680180.565,77.6658536585366,5454147.0,31032.5
Slovak Republic,2020,106731482855.496,76.8658536585366,5458827.0,29035.8
Slovak Republic,2021,118576482542.583,74.7146341463415,5447247.0,
Slovak Republic,2022,115461711688.965,,5431752.0,
Slovak Republic,2023,,,,
Slovenia,1990,,73.2048780487805,1998161.0,13528.8
Slovenia,1991,,73.3536585365854,1999429.0,12737.4
Slovenia,1992,,73.3048780487805,1996498.0,12825.4
Slovenia,1993,,73.2536585365854,1991746.0,13556.2
Slovenia,1994,,73.4048780487805,1989443.0,13606.0
Slovenia,1995,21352224019.4096,73.9585365853659,1989872.0,14470.0
Slovenia,1996,21507232648.7252,74.4585365853658,1988628.0,15290.0
Slovenia,1997,20763101740.6963,74.7073170731707,1985956.0,15725.6
Slovenia,1998,22146231967.6861,74.8073170731708,1981629.0,15503.1
Slovenia,1999,22711384311.1404,75.009756097561,1983045.0,14910.0
Slovenia,2000,20289627636.6767,75.4121951219512,1988925.0,14541.7
Slovenia,2001,20876309970.385,75.7585365853659,1992060.0,15380.1
Slovenia,2002,23489890274.3142,76.0073170731707,1994530.0,15524.6
Slovenia,2003,29634713641.0968,76.8585365853659,1995733.0,15413.0
Slovenia,2004,34414784504.2352,77.2073170731707,1997012.0,15699.6
Slovenia,2005,36206395970.6504,77.6121951219512,2000474.0,15916.5
Slovenia,2006,39481045038.2637,78.0865853658537,2006868.0,16293.7
Slovenia,2007,48067401207.3978,78.5609756097561,2018122.0,16283.4
Slovenia,2008,55779427739.6609,78.7658536585366,2021316.0,17360.1
Slovenia,2009,50567734885.9613,78.9707317073171,2039669.0,15509.2
Slovenia,2010,48208240226.4501,79.4219512195122,2048583.0,15777.2
Slovenia,2011,51583869785.1849,79.9707317073171,2052843.0,15700.8
Slovenia,2012,46577793184.0031,80.1243902439024,2057159.0,15123.6
Slovenia,2013,48415657264.8758,80.3219512195122,2059953.0,14548.1
Slovenia,2014,49997186439.0916,81.0780487804878,2061980.0,13112.7
Slovenia,2015,43107506024.3254,80.7756097560976,2063531.0,13139.7
Slovenia,2016,44766722790.5826,81.1756097560976,2065042.0,13903.0
Slovenia,2017,48589100043.0954,81.0292682926829,2066388.0,14123.7
Slovenia,2018,54177882425.8431,81.3780487804878,2073894.0,14072.9
Slovenia,2019,54386654313.9685,81.5292682926829,2088385.0,13665.0
Slovenia,2020,53734526854.2289,80.5317073170732,2102419.0,12477.3
Slovenia,2021,61832201543.8285,80.8756097560976,2108079.0,
Slovenia,2022,60063475466.3446,,2111986.0,
Slovenia,2023,,,,
Small states,1990,74904284632.3456,64.0460766203726,25640496.0,112880.958354
Small states,1991,76503385459.6137,64.0220203270701,26140490.0,114175.732764
Small states,1992,81412478291.9523,63.9205908743691,26545612.0,110162.445912
Small states,1993,80325204441.0044,63.8956244415802,26935348.0,107413.932019
Small states,1994,84517313060.5408,63.6408289362871,27353950.0,109776.145342
Small states,1995,95833039358.357,63.5389211161868,27759071.0,109940.877407
Small states,1996,101906865973.505,63.4166651753367,28194606.0,116043.607776
Small states,1997,109156115404.436,63.0970862271396,28645950.0,123378.042845
Small states,1998,109054240809.162,62.8229157985802,29106853.0,127198.363862
Small states,1999,116967168370.52,62.5236931638779,29583318.0,130525.860755
Small states,2000,129427285780.109,62.9101269006607,30055791.0,129409.823393
Small states,2001,129944629555.58,62.8934438194637,30514882.0,134006.09822
Small states,2002,139039991470.62,62.9410580527187,30971830.0,138654.579476
Small states,2003,166311834949.328,63.0100624919927,31425957.0,149906.203348
Small states,2004,200125136310.866,63.2964114162141,31893127.0,155983.237687
Small states,2005,238408838954.683,63.59498856728,32425757.0,162323.73
Small states,2006,277390647709.804,64.050738279096,33079043.0,175362.92
Small states,2007,332464515328.276,64.5948008313594,33808469.0,187045.87
Small states,2008,400485012150.165,65.1131221379244,34550707.0,188804.41
Small states,2009,343078746509.037,65.6707068451106,35254103.0,182665.66
Small states,2010,394062206459.675,66.2576712131467,35871823.0,197456.964
Small states,2011,474845732089.777,66.7043239957682,36444557.0,207886.607
Small states,2012,496292151229.88,67.1617848727764,37059328.0,212938.955
Small states,2013,515843772131.962,67.5956591512135,37740743.0,220336.879
Small states,2014,532820364281.38,67.9450848666196,38493904.0,228640.7906
Small states,2015,455151461884.525,68.3472917960308,39277070.0,226608.062
Small states,2016,447159100959.93,68.8076983302127,40033083.0,228693.538
Small states,2017,483232971475.538,69.1806032059566,40728210.0,230241.512
Small states,2018,530629968630.175,69.2689349559205,41379367.0,231602.2875
Small states,2019,522425066419.733,69.467199622489,41965649.0,229633.56
Small states,2020,453792483117.133,69.0825725303329,42393051.0,216633.197
Small states,2021,542727261728.344,67.8224389438784,42792327.0,
Small states,2022,636018280142.001,,43313523.0,
Small states,2023,,,,
Solomon Islands,1990,214877666.699752,65.392,324171.0,152.9
Solomon Islands,1991,227540473.340087,65.579,333952.0,160.0
Solomon Islands,1992,269034595.812985,65.767,343916.0,168.3
Solomon Islands,1993,300746361.128739,65.958,354086.0,177.3
Solomon Islands,1994,402837005.272596,66.188,364505.0,190.0
Solomon Islands,1995,469443201.503274,66.381,375189.0,196.9
Solomon Islands,1996,510586430.190127,66.59,386069.0,206.0
Solomon Islands,1997,526554005.954357,66.742,397050.0,213.4
Solomon Islands,1998,457579840.225066,66.92,408145.0,220.5
Solomon Islands,1999,488024514.369359,67.069,419229.0,228.1
Solomon Islands,2000,419842674.227652,67.225,429978.0,235.4
Solomon Islands,2001,409508552.979972,67.364,440395.0,245.8
Solomon Islands,2002,346406738.885237,67.515,450760.0,257.6
Solomon Islands,2003,417668983.408349,67.644,461216.0,268.9
Solomon Islands,2004,468005318.551977,67.801,471785.0,286.3
Solomon Islands,2005,552864570.225819,67.936,482486.0,294.7
Solomon Islands,2006,617258154.260133,68.09,493430.0,304.0
Solomon Islands,2007,695295347.621537,67.986,504619.0,313.7
Solomon Islands,2008,776337691.795098,68.404,516001.0,323.2
Solomon Islands,2009,805557562.580059,68.466,527833.0,333.5
Solomon Islands,2010,898133684.898793,68.732,540394.0,342.8
Solomon Islands,2011,1063895360.69907,68.908,553721.0,355.9
Solomon Islands,2012,1185215418.25562,69.084,567763.0,355.6
Solomon Islands,2013,1285911586.132,69.188,582365.0,389.0
Solomon Islands,2014,1335571420.72676,69.234,597375.0,340.7
Solomon Islands,2015,1307909887.55212,69.583,612660.0,304.1
Solomon Islands,2016,1379490304.2254,69.801,628102.0,298.1
Solomon Islands,2017,1469789119.08756,69.988,643634.0,295.0
Solomon Islands,2018,1615478393.28614,70.173,659249.0,300.9
Solomon Islands,2019,1619155017.3924,70.382,674993.0,304.8
Solomon Islands,2020,1536145814.17007,70.199,691191.0,223.3
Solomon Islands,2021,1580303515.40945,70.348,707851.0,
Solomon Islands,2022,1597204340.62902,,724273.0,
Solomon Islands,2023,,,,
Somalia,1990,917044228.00846,47.105,6999096.0,735.12
Somalia,1991,,26.565,6732702.0,707.099
Somalia,1992,,27.312,6428141.0,684.23
Somalia,1993,,50.648,6620729.0,643.12
Somalia,1994,,50.327,6959828.0,633.1
Somalia,1995,,50.6,7210930.0,598.29
Somalia,1996,,50.447,7472450.0,575.2
Somalia,1997,,50.195,7734313.0,546.7
Somalia,1998,,50.66,8056862.0,518.3
Somalia,1999,,50.525,8384479.0,498.6
Somalia,2000,,50.66,8721465.0,486.6
Somalia,2001,,50.74,9070747.0,509.5
Somalia,2002,,50.731,9411103.0,571.0
Somalia,2003,,50.614,9758281.0,577.5
Somalia,2004,,50.538,10117354.0,577.5
Somalia,2005,,50.661,10467292.0,580.6
Somalia,2006,,50.597,10784973.0,581.6
Somalia,2007,,50.515,11118092.0,623.6
Somalia,2008,,51.12,11444870.0,618.7
Somalia,2009,,51.853,11730037.0,614.4
Somalia,2010,,50.563,12026649.0,631.2
Somalia,2011,,51.304,12216837.0,632.5
Somalia,2012,,53.161,12440326.0,625.7
Somalia,2013,5836021227.47436,53.843,12852485.0,649.4
Somalia,2014,6537360532.64205,54.277,13309235.0,645.9
Somalia,2015,6984947145.09369,54.857,13763906.0,646.2
Somalia,2016,7390796616.53029,55.044,14292847.0,654.4
Somalia,2017,8252394373.29875,55.654,14864221.0,654.9
Somalia,2018,8278212314.40591,56.375,15411094.0,656.1
Somalia,2019,9420431258.24667,57.078,15981300.0,655.7
Somalia,2020,9204140383.17507,55.967,16537016.0,660.4
Somalia,2021,9838711529.45863,55.28,17065581.0,
Somalia,2022,10419541202.0382,,17597511.0,
Somalia,2023,,,,
South Africa,1990,126048140141.869,63.375,39877570.0,247614.7
South Africa,1991,135203698237.977,63.265,40910959.0,242286.0
South Africa,1992,146956150986.636,63.341,41760755.0,238780.6
South Africa,1993,147194747565.75,63.045,42525440.0,246445.9
South Africa,1994,153512712381.836,62.612,43267982.0,252088.5
South Africa,1995,171735933897.331,62.262,43986084.0,264251.5
South Africa,1996,163234925380.563,61.459,44661603.0,274043.7
South Africa,1997,168978057327.73,60.805,45285048.0,288584.8
South Africa,1998,152982984557.233,60.001,45852166.0,296196.9
South Africa,1999,151516957078.536,59.241,46364681.0,278270.9
South Africa,2000,151752757215.309,58.47,46813266.0,284463.3
South Africa,2001,135429905922.526,57.261,47229714.0,320393.3
South Africa,2002,129087556612.449,55.666,47661514.0,331272.0
South Africa,2003,197018965308.697,54.331,48104048.0,353033.5
South Africa,2004,255806908594.573,54.043,48556071.0,379939.8
South Africa,2005,288867217196.534,53.98,49017147.0,377642.7
South Africa,2006,303858675363.643,54.278,49491756.0,379736.0
South Africa,2007,333077117253.684,54.992,49996094.0,397161.9
South Africa,2008,316131258616.309,56.022,50565812.0,427111.7
South Africa,2009,329754060647.129,57.447,51170779.0,404354.0
South Africa,2010,417363822801.713,58.899,51784921.0,425548.4
South Africa,2011,458199494830.834,60.651,52443325.0,409480.3
South Africa,2012,434400545085.811,61.846,53145033.0,427001.7
South Africa,2013,400886013595.573,62.533,53873616.0,437261.7
South Africa,2014,381198869776.106,63.38,54729551.0,448298.1
South Africa,2015,346709790458.563,63.95,55876504.0,425063.1
South Africa,2016,323585509674.481,64.747,56422274.0,425682.9
South Africa,2017,381448814654.62,65.402,56641209.0,435214.5
South Africa,2018,405260723892.868,65.674,57339635.0,439644.6
South Africa,2019,389330032221.07,66.175,58087055.0,446626.0
South Africa,2020,338291396025.956,65.252,58801927.0,393241.6
South Africa,2021,420117812463.841,62.341,59392255.0,
South Africa,2022,405270850099.387,,59893885.0,
South Africa,2023,,,,
South Asia,1990,406989688413.065,58.5602424226893,1141312704.0,641292.09
South Asia,1991,362086643424.485,58.7366410195772,1166480561.0,685811.98
South Asia,1992,384546459006.514,59.37658079705,1192390433.0,713532.72
South Asia,1993,380914811392.991,59.7114177115125,1219180082.0,746077.74
South Asia,1994,432114259474.231,60.1037147968453,1246157499.0,785115.44
South Asia,1995,479616531671.044,60.4576923780226,1272877742.0,846825.3
South Asia,1996,524715251563.746,60.8252306297439,1299407301.0,889016.46
South Asia,1997,550444437662.759,61.3439900073573,1326007987.0,940197.64
South Asia,1998,558153189409.898,61.9292523026633,1352849350.0,958640.22
South Asia,1999,598033332783.548,62.5571489792528,1379874856.0,1034754.43
South Asia,2000,647686504213.636,62.8929661464142,1406945493.0,1072998.26
South Asia,2001,663315346921.869,63.3037073531154,1434314654.0,1095270.848
South Asia,2002,695416323416.856,63.7715296382315,1462070145.0,1131663.95
South Asia,2003,811619434178.715,64.199772941262,1489358080.0,1164057.737
South Asia,2004,941543875013.263,64.5400348324969,1515703001.0,1252484.717
South Asia,2005,1075732708524.25,64.9162980965955,1541263909.0,1310942.931
South Asia,2006,1220695824211.18,65.3714047440218,1565892885.0,1401904.88
South Asia,2007,1535949630979.41,65.6322768161914,1589454615.0,1540885.02
South Asia,2008,1559598183074.45,65.9610070803582,1612709085.0,1628172.46
South Asia,2009,1702620252614.52,66.2545914531589,1636411632.0,1779015.6
South Asia,2010,2082235871786.71,66.7509942386822,1660546144.0,1878594.23
South Asia,2011,2293960102339.4,67.1424365863389,1684898004.0,1987072.19
South Asia,2012,2327825468877.16,67.6320178896539,1708706729.0,2147871.13
South Asia,2013,2389729692833.0,68.121401503545,1731683901.0,2213363.55
South Asia,2014,2614764107326.58,68.6382506953563,1754030304.0,2403894.74
South Asia,2015,2733399604482.97,69.1437835147163,1775545180.0,2434198.49
South Asia,2016,3010885154564.81,69.609572441708,1797072648.0,2503383.23
South Asia,2017,3433943646490.54,69.9792893786272,1818931519.0,2644485.38
South Asia,2018,3534083235323.88,70.2534786113924,1840534093.0,2792018.58
South Asia,2019,3658216510053.27,70.4727549740685,1861598514.0,2752652.43
South Asia,2020,3489923527067.67,69.7483309161325,1882531620.0,2518434.77
South Asia,2021,4062850047299.39,67.5791290463818,1901911604.0,
South Asia,2022,4390347563465.91,,1919348000.0,
South Asia,2023,,,,
South Asia (IDA & IBRD),1990,406989688413.066,58.5602424226893,1141312704.0,641292.09
South Asia (IDA & IBRD),1991,362086643424.485,58.7366410195772,1166480561.0,685811.98
South Asia (IDA & IBRD),1992,384546459006.514,59.37658079705,1192390433.0,713532.72
South Asia (IDA & IBRD),1993,380914811392.99,59.7114177115125,1219180082.0,746077.74
South Asia (IDA & IBRD),1994,432114259474.231,60.1037147968453,1246157499.0,785115.44
South Asia (IDA & IBRD),1995,479616531671.044,60.4576923780226,1272877742.0,846825.3
South Asia (IDA & IBRD),1996,524715251563.746,60.8252306297439,1299407301.0,889016.46
South Asia (IDA & IBRD),1997,550444437662.759,61.3439900073573,1326007987.0,940197.64
South Asia (IDA & IBRD),1998,558153189409.898,61.9292523026633,1352849350.0,958640.22
South Asia (IDA & IBRD),1999,598033332783.548,62.5571489792528,1379874856.0,1034754.43
South Asia (IDA & IBRD),2000,647686504213.635,62.8929661464142,1406945493.0,1072998.26
South Asia (IDA & IBRD),2001,663315346921.869,63.3037073531154,1434314654.0,1095270.848
South Asia (IDA & IBRD),2002,695416323416.856,63.7715296382315,1462070145.0,1131663.95
South Asia (IDA & IBRD),2003,811619434178.715,64.1997729412621,1489358080.0,1164057.737
South Asia (IDA & IBRD),2004,941543875013.262,64.5400348324968,1515703001.0,1252484.717
South Asia (IDA & IBRD),2005,1075732708524.25,64.9162980965955,1541263909.0,1310942.931
South Asia (IDA & IBRD),2006,1220695824211.18,65.3714047440218,1565892885.0,1401904.88
South Asia (IDA & IBRD),2007,1535949630979.41,65.6322768161914,1589454615.0,1540885.02
South Asia (IDA & IBRD),2008,1559598183074.45,65.9610070803582,1612709085.0,1628172.46
South Asia (IDA & IBRD),2009,1702620252614.52,66.2545914531589,1636411632.0,1779015.6
South Asia (IDA & IBRD),2010,2082235871786.71,66.7509942386822,1660546144.0,1878594.23
South Asia (IDA & IBRD),2011,2293960102339.4,67.1424365863389,1684898004.0,1987072.19
South Asia (IDA & IBRD),2012,2327825468877.16,67.6320178896539,1708706729.0,2147871.13
South Asia (IDA & IBRD),2013,2389729692833.0,68.121401503545,1731683901.0,2213363.55
South Asia (IDA & IBRD),2014,2614764107326.58,68.6382506953563,1754030304.0,2403894.74
South Asia (IDA & IBRD),2015,2733399604482.97,69.1437835147163,1775545180.0,2434198.49
South Asia (IDA & IBRD),2016,3010885154564.81,69.609572441708,1797072648.0,2503383.23
South Asia (IDA & IBRD),2017,3433943646490.54,69.9792893786272,1818931519.0,2644485.38
South Asia (IDA & IBRD),2018,3534083235323.88,70.2534786113924,1840534093.0,2792018.58
South Asia (IDA & IBRD),2019,3658216510053.27,70.4727549740685,1861598514.0,2752652.43
South Asia (IDA & IBRD),2020,3489923527067.67,69.7483309161325,1882531620.0,2518434.77
South Asia (IDA & IBRD),2021,4062850047299.39,67.5791290463818,1901911604.0,
South Asia (IDA & IBRD),2022,4390347563465.91,,1919348000.0,
South Asia (IDA & IBRD),2023,,,,
South Sudan,1990,,29.935,4750817.0,433.885181
South Sudan,1991,,30.148,4867185.0,406.424094
South Sudan,1992,,22.724,4956969.0,363.401723
South Sudan,1993,,22.704,5018172.0,250.506142
South Sudan,1994,,44.384,5142863.0,344.484085
South Sudan,1995,,30.948,5302042.0,356.078767
South Sudan,1996,,31.297,5434894.0,367.368325
South Sudan,1997,,32.242,5589410.0,449.751587
South Sudan,1998,,18.385,5699436.0,389.947441
South Sudan,1999,,43.223,5850145.0,422.900746
South Sudan,2000,,46.028,6114440.0,459.820652
South Sudan,2001,,46.881,6394431.0,529.083617
South Sudan,2002,,47.492,6686100.0,674.322257
South Sudan,2003,,50.253,6992367.0,753.349164
South Sudan,2004,,50.917,7317118.0,951.984363
South Sudan,2005,,51.545,7662654.0,912.013225
South Sudan,2006,,52.016,8029517.0,998.668212
South Sudan,2007,,52.856,8417823.0,1173.198679
South Sudan,2008,14586253383.0632,53.538,8823888.0,1239.105288
South Sudan,2009,12231264525.0671,53.891,9229227.0,1290.671108
South Sudan,2010,14602072410.9506,54.812,9714419.0,1313.250224
South Sudan,2011,14907308932.7534,54.94,10243050.0,1281.212289
South Sudan,2012,11931472169.4915,55.865,10701604.0,1418.6
South Sudan,2013,18426469016.9492,55.751,11106031.0,1453.1
South Sudan,2014,13962212847.4576,54.973,11213284.0,1519.6
South Sudan,2015,11997800760.2242,55.566,11194299.0,1969.4
South Sudan,2016,,55.544,11066105.0,1730.2
South Sudan,2017,,55.309,10658226.0,1512.1
South Sudan,2018,,55.95,10395329.0,1768.9
South Sudan,2019,,55.912,10447666.0,1824.6
South Sudan,2020,,55.48,10606227.0,1742.7
South Sudan,2021,,54.975,10748272.0,
South Sudan,2022,,,10913164.0,
South Sudan,2023,,,,
Spain,1990,536558591250.408,76.8375609756098,38867322.0,214950.6
Spain,1991,577166174539.632,76.9712195121951,38966376.0,222099.7
Spain,1992,630916018202.503,77.41,39157685.0,232369.6
Spain,1993,525075636030.854,77.5465853658537,39361262.0,218079.8
Spain,1994,530562634455.347,77.9014634146342,39549108.0,228452.7
Spain,1995,614609020549.773,77.9807317073171,39724050.0,240567.3
Spain,1996,642588992512.807,78.1204878048781,39889852.0,230113.2
Spain,1997,590077272727.273,78.6041463414634,40057389.0,248603.1
Spain,1998,619214834614.099,78.6658536585366,40223509.0,256215.5
Spain,1999,634907542858.302,78.7170731707317,40386875.0,278300.5
Spain,2000,598363313494.903,78.9658536585366,40567864.0,293314.3
Spain,2001,627830029412.205,79.3682926829268,40850412.0,294786.8
Spain,2002,708756677088.629,79.5682926829268,41431558.0,312753.3
Spain,2003,907491523174.116,79.619512195122,42187645.0,318657.7
Spain,2004,1069055675273.75,79.8707317073171,42921895.0,335560.3
Spain,2005,1153715822717.51,80.1707317073171,43653155.0,350499.8
Spain,2006,1260398977831.76,80.8219512195122,44397319.0,341776.3
Spain,2007,1474002579820.0,80.8731707317073,45226803.0,354683.1
Spain,2008,1631863493552.34,81.1756097560976,45954106.0,324274.2
Spain,2009,1491472923706.64,81.4756097560976,46362946.0,288131.2
Spain,2010,1422108199783.34,81.6268292682927,46576897.0,274140.6
Spain,2011,1480710495710.12,82.4756097560976,46742697.0,275470.1
Spain,2012,1324750738725.0,82.4268292682927,46773055.0,270280.4
Spain,2013,1355579535912.55,83.0780487804878,46620045.0,243794.9
Spain,2014,1371820537888.62,83.2292682926829,46480882.0,241979.9
Spain,2015,1196156971279.69,82.8317073170732,46444832.0,257251.2
Spain,2016,1233554967011.68,83.3292682926829,46484062.0,248252.1
Spain,2017,1313245330197.65,83.2829268292683,46593236.0,264723.7
Spain,2018,1421702715218.04,83.4317073170732,46797754.0,258373.2
Spain,2019,1394320055129.41,83.8317073170732,47134837.0,241886.5
Spain,2020,1278128867875.49,82.3317073170732,47365655.0,202705.8
Spain,2021,1445651653604.63,83.1780487804878,47415794.0,
Spain,2022,1417800466262.65,,47778340.0,
Spain,2023,,,,
Sri Lanka,1990,8032551173.24014,71.927,17204094.0,3839.2
Sri Lanka,1991,9000362581.58086,71.751,17416596.0,3985.4
Sri Lanka,1992,9703011635.86585,72.53,17624457.0,5248.3
Sri Lanka,1993,10338679635.7616,73.052,17825611.0,5091.3
Sri Lanka,1994,11717604208.8223,72.882,18011744.0,5766.8
Sri Lanka,1995,13029697560.9756,72.26,18177572.0,5816.4
Sri Lanka,1996,13897738375.2488,72.261,18322506.0,8355.3
Sri Lanka,1997,15091913883.7091,72.136,18449123.0,8340.5
Sri Lanka,1998,15794972847.1683,72.081,18560798.0,8608.4
Sri Lanka,1999,15656327859.5696,72.618,18670411.0,9496.3
Sri Lanka,2000,16330814179.9766,70.355,18776371.0,10928.9
Sri Lanka,2001,15749753804.8344,70.787,18920275.0,10848.0
Sri Lanka,2002,16536535647.0834,71.117,19110707.0,11385.2
Sri Lanka,2003,18881765437.2151,71.373,19303180.0,12412.3
Sri Lanka,2004,20662525941.2985,67.091,19490431.0,12868.2
Sri Lanka,2005,24405791044.7761,72.118,19673866.0,13984.4
Sri Lanka,2006,28279802405.9138,71.969,19870706.0,12404.9
Sri Lanka,2007,32350238760.4239,72.049,20078655.0,13591.6
Sri Lanka,2008,40713826215.0093,71.729,20285643.0,12810.7
Sri Lanka,2009,42066224093.0065,69.187,20482477.0,12291.4
Sri Lanka,2010,58636161081.712,73.215,20668557.0,13071.8
Sri Lanka,2011,67753284043.9282,73.38,20859743.0,15410.2
Sri Lanka,2012,70447216891.3366,73.906,21017147.0,17440.4
Sri Lanka,2013,77000578167.353,74.239,21131756.0,14448.4
Sri Lanka,2014,82528535713.926,74.651,21239457.0,17458.3
Sri Lanka,2015,85140955388.8509,74.927,21336697.0,19240.9
Sri Lanka,2016,88012282205.8357,75.331,21425494.0,23167.6
Sri Lanka,2017,94376237797.2367,75.403,21506813.0,23140.5
Sri Lanka,2018,94493871200.7869,75.748,21670000.0,21690.3
Sri Lanka,2019,89014978344.1404,76.008,21803000.0,23427.9
Sri Lanka,2020,84440516486.1099,76.393,21919000.0,21846.3
Sri Lanka,2021,88548049121.4972,76.399,22156000.0,
Sri Lanka,2022,74403578363.4355,,22181000.0,
Sri Lanka,2023,,,,
St. Kitts and Nevis,1990,217259259.259259,65.188,40636.0,113.7
St. Kitts and Nevis,1991,220540740.740741,66.15,40542.0,115.3
St. Kitts and Nevis,1992,242137037.037037,66.972,40900.0,117.5
St. Kitts and Nevis,1993,263755555.555556,67.58,41447.0,120.5
St. Kitts and Nevis,1994,295159259.259259,67.294,42001.0,131.3
St. Kitts and Nevis,1995,313485185.185185,67.152,42550.0,134.6
St. Kitts and Nevis,1996,333944444.444444,67.313,43097.0,141.4
St. Kitts and Nevis,1997,374641307.974641,67.853,43656.0,148.1
St. Kitts and Nevis,1998,383257331.40548,67.69,44230.0,160.3
St. Kitts and Nevis,1999,406595484.373262,68.709,44825.0,168.1
St. Kitts and Nevis,2000,421695769.843918,69.781,45461.0,181.2
St. Kitts and Nevis,2001,458643829.014199,70.2,45986.0,188.8
St. Kitts and Nevis,2002,481077373.669966,70.452,46264.0,201.8
St. Kitts and Nevis,2003,469869869.86987,70.768,46431.0,201.9
St. Kitts and Nevis,2004,506900000.0,71.303,46580.0,219.2
St. Kitts and Nevis,2005,547203703.703704,71.362,46725.0,203.6
St. Kitts and Nevis,2006,644414814.814815,71.288,46874.0,210.4
St. Kitts and Nevis,2007,689285185.185185,71.367,47015.0,224.5
St. Kitts and Nevis,2008,777691333.333333,71.374,47156.0,221.3
St. Kitts and Nevis,2009,774273111.111111,71.393,47286.0,228.6
St. Kitts and Nevis,2010,778718518.518518,71.27,47403.0,229.2
St. Kitts and Nevis,2011,836092592.592593,71.538,47581.0,236.4
St. Kitts and Nevis,2012,825381481.481481,71.669,47727.0,229.1
St. Kitts and Nevis,2013,874896296.296296,71.457,47767.0,227.2
St. Kitts and Nevis,2014,953166666.666667,70.966,47789.0,228.4
St. Kitts and Nevis,2015,957025925.925926,70.763,47790.0,237.6
St. Kitts and Nevis,2016,1007348148.14815,71.74,47788.0,244.6
St. Kitts and Nevis,2017,1058366666.66667,71.84,47785.0,243.0
St. Kitts and Nevis,2018,1076240740.74074,71.467,47761.0,245.2
St. Kitts and Nevis,2019,1107155555.55556,71.572,47712.0,247.5
St. Kitts and Nevis,2020,883933333.333333,71.627,47642.0,231.0
St. Kitts and Nevis,2021,858592592.592592,71.682,47606.0,
St. Kitts and Nevis,2022,965638864.921867,,47657.0,
St. Kitts and Nevis,2023,,,,
St. Lucia,1990,579629629.62963,70.326,142301.0,192.8
St. Lucia,1991,613703703.703704,70.602,144268.0,200.8
St. Lucia,1992,674074074.074074,70.799,146420.0,227.2
St. Lucia,1993,684814814.814815,71.114,148595.0,252.1
St. Lucia,1994,713703703.703704,70.992,150561.0,278.3
St. Lucia,1995,762962962.962963,71.002,152348.0,292.9
St. Lucia,1996,788888888.888889,70.904,153969.0,313.1
St. Lucia,1997,805925925.925926,70.775,155454.0,314.0
St. Lucia,1998,877407407.407407,70.69,156855.0,345.4
St. Lucia,1999,921851851.851852,70.709,158256.0,361.2
St. Lucia,2000,932592592.592592,70.768,159500.0,366.8
St. Lucia,2001,892592592.592592,71.135,160594.0,386.6
St. Lucia,2002,900000000.0,71.472,161799.0,373.3
St. Lucia,2003,987407407.407407,71.771,163047.0,396.2
St. Lucia,2004,1066666666.66667,72.028,164239.0,416.9
St. Lucia,2005,1135555555.55556,72.245,165386.0,411.1
St. Lucia,2006,1268319185.18519,72.465,166470.0,431.6
St. Lucia,2007,1336088814.81481,72.599,167518.0,440.0
St. Lucia,2008,1437731111.11111,72.698,168576.0,444.9
St. Lucia,2009,1401507888.88889,72.722,169688.0,444.2
St. Lucia,2010,1482385185.18519,72.72,170935.0,507.7
St. Lucia,2011,1568370370.37037,72.944,172145.0,501.6
St. Lucia,2012,1598207407.40741,72.882,173124.0,507.0
St. Lucia,2013,1660222222.22222,72.735,173978.0,506.4
St. Lucia,2014,1749288888.88889,72.864,174804.0,505.9
St. Lucia,2015,1807225925.92593,73.138,175623.0,501.2
St. Lucia,2016,1865459259.25926,73.112,176413.0,505.5
St. Lucia,2017,1996711111.11111,73.127,177163.0,530.9
St. Lucia,2018,2057066666.66667,73.357,177888.0,527.9
St. Lucia,2019,2102534000.0,73.445,178583.0,534.6
St. Lucia,2020,1604444444.44444,73.416,179237.0,499.2
St. Lucia,2021,1961111111.11111,71.111,179651.0,
St. Lucia,2022,2343703703.7037,,179857.0,
St. Lucia,2023,,,,
St. Martin (French part),1990,,74.463,28127.0,
St. Martin (French part),1991,,75.917,28736.0,
St. Martin (French part),1992,,75.327,29035.0,
St. Martin (French part),1993,,75.483,29247.0,
St. Martin (French part),1994,,75.654,29380.0,
St. Martin (French part),1995,,75.821,29435.0,
St. Martin (French part),1996,,75.98,29407.0,
St. Martin (French part),1997,,76.154,29299.0,
St. Martin (French part),1998,,76.326,29102.0,
St. Martin (French part),1999,,76.502,29099.0,
St. Martin (French part),2000,,76.663,29610.0,
St. Martin (French part),2001,,76.847,30387.0,
St. Martin (French part),2002,,77.031,31160.0,
St. Martin (French part),2003,,77.206,31929.0,
St. Martin (French part),2004,,77.384,32697.0,
St. Martin (French part),2005,,77.555,33452.0,
St. Martin (French part),2006,,77.726,34183.0,
St. Martin (French part),2007,,77.892,34887.0,
St. Martin (French part),2008,,78.068,35541.0,
St. Martin (French part),2009,,78.236,36132.0,
St. Martin (French part),2010,,78.406,36458.0,
St. Martin (French part),2011,775875748.523832,78.827,36350.0,
St. Martin (French part),2012,,79.022,36026.0,
St. Martin (French part),2013,,78.908,35639.0,
St. Martin (French part),2014,772921958.529509,79.966,35261.0,
St. Martin (French part),2015,,79.309,35020.0,
St. Martin (French part),2016,,79.475,34811.0,
St. Martin (French part),2017,,78.59,34496.0,
St. Martin (French part),2018,,80.614,33852.0,
St. Martin (French part),2019,652206037.103874,79.983,33121.0,
St. Martin (French part),2020,,80.149,32553.0,
St. Martin (French part),2021,649206262.847519,80.379,31948.0,
St. Martin (French part),2022,,,31791.0,
St. Martin (French part),2023,,,,
St. Vincent and the Grenadines,1990,240366666.666667,72.38,112487.0,82.6
St. Vincent and the Grenadines,1991,254829629.62963,72.937,112780.0,89.1
St. Vincent and the Grenadines,1992,277955555.555556,72.624,113222.0,89.2
St. Vincent and the Grenadines,1993,286307407.407407,72.458,113621.0,108.9
St. Vincent and the Grenadines,1994,289437037.037037,71.922,113944.0,122.3
St. Vincent and the Grenadines,1995,316007407.407407,72.097,114174.0,132.2
St. Vincent and the Grenadines,1996,331488888.888889,71.266,114290.0,135.4
St. Vincent and the Grenadines,1997,347770370.37037,70.922,114276.0,142.1
St. Vincent and the Grenadines,1998,373618518.518519,71.097,114165.0,171.2
St. Vincent and the Grenadines,1999,390718518.518519,71.3,113995.0,173.1
St. Vincent and the Grenadines,2000,427946037.037037,71.377,113813.0,155.6
St. Vincent and the Grenadines,2001,462072333.333333,71.938,113641.0,187.4
St. Vincent and the Grenadines,2002,487763851.851852,72.168,113450.0,196.7
St. Vincent and the Grenadines,2003,509090888.888889,72.352,113108.0,208.2
St. Vincent and the Grenadines,2004,549900185.185185,73.035,112608.0,228.3
St. Vincent and the Grenadines,2005,579948925.925926,73.516,112043.0,229.7
St. Vincent and the Grenadines,2006,643501148.148148,74.017,111427.0,227.7
St. Vincent and the Grenadines,2007,713596666.666667,74.703,110824.0,246.0
St. Vincent and the Grenadines,2008,732663259.259259,75.053,110316.0,229.2
St. Vincent and the Grenadines,2009,714300259.259259,75.083,109840.0,288.2
St. Vincent and the Grenadines,2010,720447888.888889,74.718,109308.0,233.6
St. Vincent and the Grenadines,2011,713796370.37037,74.596,108703.0,224.9
St. Vincent and the Grenadines,2012,730032592.592593,74.146,108083.0,240.8
St. Vincent and the Grenadines,2013,764781259.259259,73.798,107450.0,226.3
St. Vincent and the Grenadines,2014,770900000.0,74.473,106912.0,267.5
St. Vincent and the Grenadines,2015,786555555.555555,74.407,106482.0,246.5
St. Vincent and the Grenadines,2016,814303703.703704,74.28,105963.0,255.2
St. Vincent and the Grenadines,2017,844037037.037037,74.305,105549.0,225.1
St. Vincent and the Grenadines,2018,884329629.62963,74.128,105281.0,252.3
St. Vincent and the Grenadines,2019,910766666.666667,72.835,104924.0,235.1
St. Vincent and the Grenadines,2020,869111111.111111,72.126,104632.0,219.8
St. Vincent and the Grenadines,2021,872222222.222222,69.629,104332.0,
St. Vincent and the Grenadines,2022,948559259.259259,,103948.0,
St. Vincent and the Grenadines,2023,,,,
Sub-Saharan Africa,1990,375056911242.162,49.824307633488,516629688.0,401805.065181
Sub-Saharan Africa,1991,401835601959.637,49.6996310276074,530716971.0,410695.876894
Sub-Saharan Africa,1992,361703838925.339,49.4721606714275,544899623.0,418462.694723
Sub-Saharan Africa,1993,365328274669.429,49.6969325187812,559413902.0,420263.648142
Sub-Saharan Africa,1994,373323426402.362,50.0021598833425,574094137.0,420794.778085
Sub-Saharan Africa,1995,476009200002.753,50.1141740715954,589328085.0,445983.171767
Sub-Saharan Africa,1996,530381466553.707,50.0485283330994,605186062.0,476620.923325
Sub-Saharan Africa,1997,558559464614.684,50.2153367096642,621065325.0,492598.867587
Sub-Saharan Africa,1998,562743780314.644,49.9277868743025,637198518.0,497107.532441
Sub-Saharan Africa,1999,399807853242.212,50.6408381841779,653883261.0,485133.984746
Sub-Saharan Africa,2000,424190717152.982,51.2645448028029,671212486.0,498620.963652
Sub-Saharan Africa,2001,406812918059.95,51.5363218250061,689161982.0,542940.943617
Sub-Saharan Africa,2002,443148058332.92,51.891342436414,707693440.0,545144.752257
Sub-Saharan Africa,2003,558141609069.782,52.36952152081,726785433.0,576823.246164
Sub-Saharan Africa,2004,693283108166.62,52.8488071191082,746546802.0,609493.599363
Sub-Saharan Africa,2005,823425641880.833,53.4621950485481,766978666.0,612882.449225
Sub-Saharan Africa,2006,973649819318.576,54.2133010695828,788110000.0,612096.030212
Sub-Saharan Africa,2007,1128673253084.49,54.8490285448748,810019264.0,628636.684679
Sub-Saharan Africa,2008,1279544309271.44,55.4507126052464,832642735.0,669566.982288
Sub-Saharan Africa,2009,1231672697171.96,56.2196130711593,855885698.0,646674.221108
Sub-Saharan Africa,2010,1465215490467.22,56.8473656890804,879797419.0,692188.097224
Sub-Saharan Africa,2011,1653394890750.09,57.5586106850985,904282154.0,690836.384189
Sub-Saharan Africa,2012,1717443724523.61,58.1410132486788,929328653.0,717126.535
Sub-Saharan Africa,2013,1820439942754.1,58.668043004746,955096702.0,755034.179
Sub-Saharan Africa,2014,1901497484757.43,59.1426582019127,981506608.0,788024.602
Sub-Saharan Africa,2015,1701776666914.07,59.5629817000586,1008698799.0,770629.632
Sub-Saharan Africa,2016,1582166358879.25,60.0690246731195,1036155989.0,781618.462
Sub-Saharan Africa,2017,1714024580927.1,60.4771384571495,1063885274.0,791456.382
Sub-Saharan Africa,2018,1780679619928.75,60.8630275388921,1092403973.0,809339.8475
Sub-Saharan Africa,2019,1829596580378.4,61.2442905189234,1121549049.0,833713.85
Sub-Saharan Africa,2020,1715842671714.98,60.8488944244664,1151302081.0,760868.113
Sub-Saharan Africa,2021,1931458241338.34,60.2417434631864,1181163013.0,
Sub-Saharan Africa,2022,2060531397309.08,,1211190002.0,
Sub-Saharan Africa,2023,,,,
Sub-Saharan Africa (IDA & IBRD countries),1990,375056911242.162,49.824307633488,516629688.0,401805.065181
Sub-Saharan Africa (IDA & IBRD countries),1991,401835601959.638,49.6996310276074,530716971.0,410695.876894
Sub-Saharan Africa (IDA & IBRD countries),1992,361703838925.34,49.4721606714275,544899623.0,418462.694723
Sub-Saharan Africa (IDA & IBRD countries),1993,365328274669.429,49.6969325187812,559413902.0,420263.648142
Sub-Saharan Africa (IDA & IBRD countries),1994,373323426402.362,50.0021598833425,574094137.0,420794.778085
Sub-Saharan Africa (IDA & IBRD countries),1995,476009200002.753,50.1141740715954,589328085.0,445983.171767
Sub-Saharan Africa (IDA & IBRD countries),1996,530381466553.707,50.0485283330994,605186062.0,476620.923325
Sub-Saharan Africa (IDA & IBRD countries),1997,558559464614.684,50.2153367096642,621065325.0,492598.867587
Sub-Saharan Africa (IDA & IBRD countries),1998,562743780314.644,49.9277868743025,637198518.0,497107.532441
Sub-Saharan Africa (IDA & IBRD countries),1999,399807853242.212,50.6408381841779,653883261.0,485133.984746
Sub-Saharan Africa (IDA & IBRD countries),2000,424190717152.982,51.2645448028029,671212486.0,498620.963652
Sub-Saharan Africa (IDA & IBRD countries),2001,406812918059.95,51.5363218250062,689161982.0,542940.943617
Sub-Saharan Africa (IDA & IBRD countries),2002,443148058332.921,51.891342436414,707693440.0,545144.752257
Sub-Saharan Africa (IDA & IBRD countries),2003,558141609069.783,52.36952152081,726785433.0,576823.246164
Sub-Saharan Africa (IDA & IBRD countries),2004,693283108166.621,52.8488071191082,746546802.0,609493.599363
Sub-Saharan Africa (IDA & IBRD countries),2005,823425641880.834,53.4621950485481,766978666.0,612882.449225
Sub-Saharan Africa (IDA & IBRD countries),2006,973649819318.576,54.2133010695829,788110000.0,612096.030212
Sub-Saharan Africa (IDA & IBRD countries),2007,1128673253084.49,54.8490285448748,810019264.0,628636.684679
Sub-Saharan Africa (IDA & IBRD countries),2008,1279544309271.44,55.4507126052464,832642735.0,669566.982288
Sub-Saharan Africa (IDA & IBRD countries),2009,1231672697171.96,56.2196130711593,855885698.0,646674.221108
Sub-Saharan Africa (IDA & IBRD countries),2010,1465215490467.22,56.8473656890804,879797419.0,692188.097224
Sub-Saharan Africa (IDA & IBRD countries),2011,1653394890750.09,57.5586106850985,904282154.0,690836.384189
Sub-Saharan Africa (IDA & IBRD countries),2012,1717443724523.61,58.1410132486788,929328653.0,717126.535
Sub-Saharan Africa (IDA & IBRD countries),2013,1820439942754.1,58.668043004746,955096702.0,755034.179
Sub-Saharan Africa (IDA & IBRD countries),2014,1901497484757.43,59.1426582019127,981506608.0,788024.602
Sub-Saharan Africa (IDA & IBRD countries),2015,1701776666914.07,59.5629817000586,1008698799.0,770629.632
Sub-Saharan Africa (IDA & IBRD countries),2016,1582166358879.25,60.0690246731195,1036155989.0,781618.462
Sub-Saharan Africa (IDA & IBRD countries),2017,1714024580927.1,60.4771384571495,1063885274.0,791456.382
Sub-Saharan Africa (IDA & IBRD countries),2018,1780679619928.75,60.8630275388921,1092403973.0,809339.8475
Sub-Saharan Africa (IDA & IBRD countries),2019,1829596580378.4,61.2442905189234,1121549049.0,833713.85
Sub-Saharan Africa (IDA & IBRD countries),2020,1715842671714.98,60.8488944244664,1151302081.0,760868.113
Sub-Saharan Africa (IDA & IBRD countries),2021,1931458241338.34,60.2417434631864,1181163013.0,
Sub-Saharan Africa (IDA & IBRD countries),2022,2060531397309.08,,1211190002.0,
Sub-Saharan Africa (IDA & IBRD countries),2023,,,,
Sub-Saharan Africa (IDA & IBRD),1990,,,,
Sub-Saharan Africa (IDA & IBRD),1991,,,,
Sub-Saharan Africa (IDA & IBRD),1992,,,,
Sub-Saharan Africa (IDA & IBRD),1993,,,,
Sub-Saharan Africa (IDA & IBRD),1994,,,,
Sub-Saharan Africa (IDA & IBRD),1995,,,,
Sub-Saharan Africa (IDA & IBRD),1996,,,,
Sub-Saharan Africa (IDA & IBRD),1997,,,,
Sub-Saharan Africa (IDA & IBRD),1998,,,,
Sub-Saharan Africa (IDA & IBRD),1999,,,,
Sub-Saharan Africa (IDA & IBRD),2000,,,,
Sub-Saharan Africa (IDA & IBRD),2001,,,,
Sub-Saharan Africa (IDA & IBRD),2002,,,,
Sub-Saharan Africa (IDA & IBRD),2003,,,,
Sub-Saharan Africa (IDA & IBRD),2004,,,,
Sub-Saharan Africa (IDA & IBRD),2005,,,,
Sub-Saharan Africa (IDA & IBRD),2006,,,,
Sub-Saharan Africa (IDA & IBRD),2007,,,,
Sub-Saharan Africa (IDA & IBRD),2008,,,,
Sub-Saharan Africa (IDA & IBRD),2009,,,,
Sub-Saharan Africa (IDA & IBRD),2010,,,,
Sub-Saharan Africa (IDA & IBRD),2011,,,,
Sub-Saharan Africa (IDA & IBRD),2012,,,,
Sub-Saharan Africa (IDA & IBRD),2013,,,,
Sub-Saharan Africa (IDA & IBRD),2014,,,,
Sub-Saharan Africa (IDA & IBRD),2015,,,,
Sub-Saharan Africa (IDA & IBRD),2016,,,,
Sub-Saharan Africa (IDA & IBRD),2017,,,,
Sub-Saharan Africa (IDA & IBRD),2018,,,,
Sub-Saharan Africa (IDA & IBRD),2019,,,,
Sub-Saharan Africa (IDA & IBRD),2020,,,,
Sub-Saharan Africa (excluding high income),1990,374665734140.112,49.821847519093,516560181.0,401651.865181
Sub-Saharan Africa (excluding high income),1991,401439557598.473,49.6968417810694,530646532.0,410520.676894
Sub-Saharan Africa (excluding high income),1992,361239878837.312,49.4693367339244,544828860.0,418286.494723
Sub-Saharan Africa (excluding high income),1993,364820812463.728,49.6943785518301,559341649.0,420075.348142
Sub-Saharan Africa (excluding high income),1994,372802514500.485,49.9994804379195,574019932.0,420587.378085
Sub-Saharan Africa (excluding high income),1995,475466250941.704,50.1113154401014,589252781.0,445779.271767
Sub-Saharan Africa (excluding high income),1996,529844900806.944,50.0458116077966,605109645.0,476382.223325
Sub-Saharan Africa (excluding high income),1997,557958507069.303,50.2127223981478,620988006.0,492320.967587
Sub-Saharan Africa (excluding high income),1998,562093735438.762,49.9250867445926,637119672.0,496813.332441
Sub-Saharan Africa (excluding high income),1999,399139573356.306,50.6381290684047,653802851.0,484825.684746
Sub-Saharan Africa (excluding high income),2000,423531573174.739,51.2619441016462,671131355.0,498327.263652
Sub-Saharan Africa (excluding high income),2001,406145603661.459,51.5337626313284,689080780.0,542617.243617
Sub-Saharan Africa (excluding high income),2002,442399893749.21,51.8890711484619,707609717.0,544792.452257
Sub-Saharan Africa (excluding high income),2003,557385894755.261,52.3673959299741,726702652.0,576480.846164
Sub-Saharan Africa (excluding high income),2004,692384638338.3,52.8466181215404,746464327.0,609110.399363
Sub-Saharan Africa (excluding high income),2005,822442487820.254,53.4601779317098,766895808.0,612500.549225
Sub-Saharan Africa (excluding high income),2006,972563275184.176,54.2113682396008,788025400.0,611707.030212
Sub-Saharan Africa (excluding high income),2007,1127592644328.53,54.8471078111259,809934231.0,628232.184679
Sub-Saharan Africa (excluding high income),2008,1278564556276.8,55.4488626082174,832555779.0,669149.382288
Sub-Saharan Africa (excluding high income),2009,1230821778771.71,56.2178928838296,855798400.0,646225.921108
Sub-Saharan Africa (excluding high income),2010,1464233844343.53,56.8456972290726,879707649.0,691744.397224
Sub-Saharan Africa (excluding high income),2011,1652336104570.58,57.5571440641248,904194713.0,690428.184189
Sub-Saharan Africa (excluding high income),2012,1716354359034.49,58.139480025035,929240350.0,716702.835
Sub-Saharan Africa (excluding high income),2013,1819115027569.0,58.6666818675623,955006753.0,754621.979
Sub-Saharan Africa (excluding high income),2014,1900109908307.29,59.1413468929509,981415249.0,787567.902
Sub-Saharan Africa (excluding high income),2015,1700385238946.74,59.5616171804581,1008605380.0,770129.832
Sub-Saharan Africa (excluding high income),2016,1580707404805.94,60.0677233314774,1036061312.0,781052.862
Sub-Saharan Africa (excluding high income),2017,1712494807453.79,60.4758930748584,1063789431.0,790885.682
Sub-Saharan Africa (excluding high income),2018,1779091569617.59,60.8619664295261,1092307211.0,808737.5475
Sub-Saharan Africa (excluding high income),2019,1827951489811.35,61.2431760700969,1121451424.0,833118.55
Sub-Saharan Africa (excluding high income),2020,1714659156400.95,60.8474927916025,1151203619.0,760269.413
Sub-Saharan Africa (excluding high income),2021,1930171554030.08,60.2406378326655,1181063755.0,
Sub-Saharan Africa (excluding high income),2022,2058942959164.7,,1211070124.0,
Sub-Saharan Africa (excluding high income),2023,,,,
Sudan,1990,33641222222.2222,49.732,21090886.0,5365.69
Sudan,1991,44168918918.9189,50.213,21453711.0,4803.48
Sudan,1992,7031909434.27211,45.891,21780059.0,4530.7
Sudan,1993,8881005435.80602,46.575,22163251.0,3210.8
Sudan,1994,12793794737.042,56.644,22703631.0,4696.41
Sudan,1995,13830363899.9163,51.991,23290602.0,4507.9
Sudan,1996,9018300724.66086,52.276,23862258.0,4307.1
Sudan,1997,11681175864.3383,52.833,24454372.0,5248.1
Sudan,1998,11250221536.7484,48.81,25029144.0,4767.34
Sudan,1999,10682028339.6898,57.015,25634162.0,5305.12
Sudan,2000,12257299147.2936,58.319,26298773.0,5690.74
Sudan,2001,15716361792.1926,58.562,26947253.0,6254.93
Sudan,2002,18137128388.3606,58.976,27570318.0,7713.9
Sudan,2003,21355298459.5955,58.2,28188977.0,7931.9
Sudan,2004,26646007250.7319,56.773,28831550.0,8827.8
Sudan,2005,35182711987.974,57.279,29540577.0,10496.0
Sudan,2006,45263831634.1497,60.281,30332968.0,12900.25
Sudan,2007,59440139774.8128,61.256,31191163.0,13969.9
Sudan,2008,64833083257.1431,61.206,32065241.0,14959.56
Sudan,2009,58315355287.1065,62.644,32948155.0,15490.3
Sudan,2010,74151154444.4256,63.016,33739933.0,16427.4
Sudan,2011,78402830324.5307,63.246,34419624.0,15936.6
Sudan,2012,63196242385.161,63.792,35159792.0,15806.3
Sudan,2013,66027141578.0612,63.678,35990704.0,15853.2
Sudan,2014,76818769321.3038,64.269,37003245.0,16658.5
Sudan,2015,84984666745.108,64.659,38171178.0,19259.2
Sudan,2016,102943509633.573,64.78,39377169.0,21503.1
Sudan,2017,129718581297.431,65.445,40679828.0,21579.5
Sudan,2018,32333780383.2924,65.681,41999059.0,21670.3
Sudan,2019,32338079165.2893,65.876,43232093.0,22131.5
Sudan,2020,27034593750.0,65.614,44440486.0,20796.1
Sudan,2021,34229513773.9708,65.267,45657202.0,
Sudan,2022,51662241775.0629,,46874204.0,
Sudan,2023,,,,
Suriname,1990,388400000.0,64.23,412756.0,1759.988097
Suriname,1991,448100000.0,64.453,415981.0,2045.742072
Suriname,1992,404600000.0,64.65,419521.0,2053.032047
Suriname,1993,428764705.882353,64.98,422375.0,2060.322022
Suriname,1994,605492537.313433,65.272,426548.0,2069.302797
Suriname,1995,691590497.737557,65.337,434490.0,2087.581167
Suriname,1996,861372806.2082,65.668,443834.0,2109.523537
Suriname,1997,926422500.0,65.697,452887.0,2131.465907
Suriname,1998,1110850000.0,65.594,461749.0,2131.424277
Suriname,1999,886290697.674419,65.443,470458.0,2149.692647
Suriname,2000,947671969.69697,65.508,478998.0,1480.42
Suriname,2001,834279357.798165,65.482,487394.0,1520.56
Suriname,2002,1093574468.08511,65.531,495666.0,1115.66
Suriname,2003,1274190311.41869,65.596,503780.0,1233.96
Suriname,2004,1484092538.40527,66.416,510572.0,1392.96
Suriname,2005,1793410397.38738,67.002,516220.0,1687.26
Suriname,2006,2626380435.17877,67.571,522023.0,1529.27
Suriname,2007,2936612021.85792,68.204,527946.0,1411.28
Suriname,2008,3532969034.60838,68.816,533938.0,1455.49
Suriname,2009,3875409836.06557,69.505,539987.0,1446.77
Suriname,2010,4368370997.92126,69.894,546080.0,1744.87
Suriname,2011,4422276621.78703,69.914,552146.0,1952.73
Suriname,2012,4980000000.0,69.764,558111.0,2441.63
Suriname,2013,5145757575.75758,69.682,563947.0,2289.81
Suriname,2014,5240606060.60606,69.782,569682.0,2620.0
Suriname,2015,5126237646.22072,70.8,575475.0,2724.1
Suriname,2016,3317421648.09918,71.592,581453.0,2954.886
Suriname,2017,3591679430.99988,72.417,587559.0,2444.33
Suriname,2018,3996198866.57453,72.553,593715.0,2146.53
Suriname,2019,4016040575.08796,72.242,600301.0,2656.82
Suriname,2020,2911807496.20227,72.561,607065.0,2601.32
Suriname,2021,3081401725.88833,70.274,612985.0,
Suriname,2022,3620987993.32637,,618040.0,
Suriname,2023,,,,
Sweden,1990,261846194498.885,77.5368292682927,8558835.0,53346.2
Sweden,1991,274229034311.699,77.6668292682927,8617375.0,54236.3
Sweden,1992,284321115594.629,77.9987804878049,8668067.0,56745.9
Sweden,1993,212953336588.123,78.0604878048781,8718561.0,56504.9
Sweden,1994,229033566614.826,78.650243902439,8780745.0,58488.8
Sweden,1995,267305875261.099,78.7404878048781,8826939.0,58230.9
Sweden,1996,291743811512.079,78.9590243902439,8840998.0,63647.4
Sweden,1997,268146144677.73,79.1975609756098,8846062.0,57381.6
Sweden,1998,270809066780.714,79.3390243902439,8850974.0,58363.4
Sweden,1999,274072182416.731,79.4414634146342,8857874.0,57264.9
Sweden,2000,262835454366.855,79.6439024390244,8872109.0,53277.5
Sweden,2001,242395852494.409,79.7951219512195,8895960.0,52497.3
Sweden,2002,266849061835.659,79.8463414634146,8924958.0,54023.7
Sweden,2003,334337212322.076,80.0951219512195,8958229.0,55202.7
Sweden,2004,385118044877.465,80.4975609756098,8993531.0,53593.3
Sweden,2005,392218088878.779,80.5463414634146,9029572.0,50082.6
Sweden,2006,423093437423.762,80.7487804878049,9080505.0,48734.9
Sweden,2007,491252589217.021,80.9,9148092.0,47054.3
Sweden,2008,517706149201.196,81.1,9219637.0,46023.3
Sweden,2009,436537014293.554,81.3512195121951,9298515.0,42760.7
Sweden,2010,495812558843.31,81.4512195121951,9378126.0,47985.5
Sweden,2011,574094112972.733,81.8024390243903,9449213.0,44452.0
Sweden,2012,552483727282.802,81.7048780487805,9519374.0,41996.6
Sweden,2013,586841821796.891,81.9560975609756,9600379.0,40388.1
Sweden,2014,581964017237.095,82.2536585365854,9696110.0,38993.0
Sweden,2015,505103781349.757,82.2048780487805,9799186.0,39120.1
Sweden,2016,515654671469.547,82.3073170731707,9923085.0,38691.2
Sweden,2017,541018749769.097,82.409756097561,10057698.0,38168.2
Sweden,2018,555455371487.089,82.5585365853659,10175214.0,35915.9
Sweden,2019,533879529188.454,83.109756097561,10278887.0,34964.6
Sweden,2020,547054174235.876,82.3560975609756,10353442.0,33576.1
Sweden,2021,639714956069.468,83.1560975609756,10415811.0,
Sweden,2022,591718144602.141,,10486941.0,
Sweden,2023,,,,
Switzerland,1990,265763573999.424,77.2424390243902,6715519.0,43326.5
Switzerland,1991,268901693863.319,77.5146341463415,6799978.0,45666.8
Switzerland,1992,279921425828.474,77.8060975609756,6875364.0,45702.6
Switzerland,1993,272237527070.926,78.0853658536586,6938265.0,43452.0
Switzerland,1994,301375055202.164,78.35,6993795.0,42593.0
Switzerland,1995,352835806342.495,78.4170731707317,7040687.0,43439.4
Switzerland,1996,340103959546.926,78.8960975609756,7071850.0,44006.0
Switzerland,1997,294788198856.198,79.079512195122,7088906.0,42748.3
Switzerland,1998,303459014346.806,79.3243902439025,7110001.0,44247.3
Switzerland,1999,297873643323.126,79.580487804878,7143991.0,44528.1
Switzerland,2000,279216033870.204,79.6804878048781,7184250.0,43708.8
Switzerland,2001,286582672434.226,80.1804878048781,7229854.0,45154.7
Switzerland,2002,309301422430.386,80.3853658536585,7284753.0,43573.3
Switzerland,2003,362075086507.76,80.5365853658537,7339001.0,44839.5
Switzerland,2004,403912891033.374,81.0878048780488,7389625.0,45283.9
Switzerland,2005,418284865884.998,81.2365853658537,7437115.0,45850.7
Switzerland,2006,441634672196.523,81.490243902439,7483934.0,45479.3
Switzerland,2007,490740715594.802,81.7414634146342,7551117.0,43541.2
Switzerland,2008,567267767519.158,81.9926829268293,7647675.0,44962.5
Switzerland,2009,554212916092.271,82.0439024390244,7743831.0,43668.6
Switzerland,2010,598851028906.58,82.2463414634147,7824909.0,45207.8
Switzerland,2011,715888126682.396,82.6951219512195,7912398.0,41192.3
Switzerland,2012,686420221557.99,82.6975609756098,7996861.0,42516.6
Switzerland,2013,706234937370.968,82.7975609756098,8089346.0,43531.2
Switzerland,2014,726537808338.0,83.1975609756098,8188649.0,39793.3
Switzerland,2015,694118186379.628,82.8975609756098,8282396.0,39090.8
Switzerland,2016,687895460902.713,83.6024390243903,8373338.0,39666.5
Switzerland,2017,695200833086.499,83.5512195121951,8451840.0,38699.0
Switzerland,2018,725568717468.001,83.7536585365854,8514329.0,37481.3
Switzerland,2019,721369112726.724,83.9048780487805,8575280.0,37376.3
Switzerland,2020,741999406005.627,83.0,8638167.0,34916.1
Switzerland,2021,813408787222.499,83.8512195121951,8704546.0,
Switzerland,2022,818426550206.45,,8775760.0,
Switzerland,2023,,,,
Syrian Arab Republic,1990,23904498886.4143,69.817,12408996.0,32388.1
Syrian Arab Republic,1991,27756258351.8931,70.036,12782281.0,35766.0
Syrian Arab Republic,1992,33107349665.9243,70.263,13156406.0,35151.5
Syrian Arab Republic,1993,36860133630.2895,70.193,13537060.0,35882.4
Syrian Arab Republic,1994,45086948775.0557,70.141,13922626.0,37441.8
Syrian Arab Republic,1995,50866369710.4677,70.416,14313450.0,38978.7
Syrian Arab Republic,1996,61546280623.608,70.347,14708879.0,42022.9
Syrian Arab Republic,1997,66420400890.8686,70.283,15103996.0,42072.7
Syrian Arab Republic,1998,70418173719.3764,70.196,15500542.0,44630.8
Syrian Arab Republic,1999,72970334075.7238,70.425,15901201.0,43872.2
Syrian Arab Republic,2000,80590022271.7149,70.764,16307654.0,44401.1
Syrian Arab Republic,2001,86771314031.1804,71.644,16727948.0,44728.9
Syrian Arab Republic,2002,90558485523.3853,71.939,17164021.0,44267.3
Syrian Arab Republic,2003,95693808463.2517,72.414,17611356.0,44378.7
Syrian Arab Republic,2004,112863340757.238,72.475,18084007.0,46364.3
Syrian Arab Republic,2005,134203830734.967,72.769,18583557.0,57220.3
Syrian Arab Republic,2006,153799910913.14,73.35,19432009.0,60213.9
Syrian Arab Republic,2007,180030111358.575,73.709,20703005.0,63604.5
Syrian Arab Republic,2008,218089977728.285,73.551,21474059.0,65275.9
Syrian Arab Republic,2009,224561692650.334,73.853,21827220.0,60696.7
Syrian Arab Republic,2010,252518218262.806,73.881,22337563.0,61090.7
Syrian Arab Republic,2011,67539428159.4474,73.305,22730733.0,57562.5
Syrian Arab Republic,2012,43190318032.5627,66.769,22605577.0,45039.2
Syrian Arab Republic,2013,21361254634.9336,63.827,21495821.0,30696.6
Syrian Arab Republic,2014,21502061466.067,63.153,20072232.0,26603.9
Syrian Arab Republic,2015,16468399173.0006,65.124,19205178.0,25260.7
Syrian Arab Republic,2016,12598742889.2732,65.993,18964252.0,24479.1
Syrian Arab Republic,2017,16369724424.2585,68.481,18983373.0,25794.4
Syrian Arab Republic,2018,21496337948.9175,70.145,19333463.0,28303.1
Syrian Arab Republic,2019,22600896342.9399,71.822,20098251.0,26840.4
Syrian Arab Republic,2020,11156757922.0385,72.14,20772595.0,25234.6
Syrian Arab Republic,2021,8969512933.38826,72.063,21324367.0,
Syrian Arab Republic,2022,,,22125249.0,
Syrian Arab Republic,2023,,,,
Tajikistan,1990,2629395066.27017,61.879,5417860.0,11018.2
Tajikistan,1991,2536585365.85366,61.379,5556306.0,10171.7
Tajikistan,1992,1909246640.78093,55.074,5656208.0,7686.2
Tajikistan,1993,1646693642.12127,52.867,5717806.0,5167.3
Tajikistan,1994,1522018435.70705,57.48,5803993.0,3035.37
Tajikistan,1995,1231567145.36448,59.338,5916173.0,2508.62
Tajikistan,1996,1043654822.33503,59.129,6035600.0,2240.2
Tajikistan,1997,921517486.668177,60.348,6117069.0,2513.44
Tajikistan,1998,1320199581.52261,61.519,6156805.0,2765.715
Tajikistan,1999,1086612582.86366,62.621,6189565.0,2544.59
Tajikistan,2000,860541842.263697,63.26,6272998.0,2200.97
Tajikistan,2001,1080772703.1461,64.057,6408810.0,2150.05
Tajikistan,2002,1221106073.04545,64.846,6541755.0,2133.81
Tajikistan,2003,1555318430.74928,65.552,6672492.0,2175.1
Tajikistan,2004,2076176636.45758,66.028,6801204.0,2597.02
Tajikistan,2005,2312352267.96248,66.514,6929145.0,2471.2
Tajikistan,2006,2830213562.63077,67.013,7057417.0,2686.5
Tajikistan,2007,3719524180.7389,67.217,7188391.0,3267.8
Tajikistan,2008,5161299725.27673,67.688,7324627.0,3041.06
Tajikistan,2009,4979471963.83187,68.039,7468596.0,2405.15
Tajikistan,2010,5642221528.6282,67.742,7621779.0,2446.9
Tajikistan,2011,6522755783.43972,68.148,7784819.0,2564.2
Tajikistan,2012,7633036366.08862,68.484,7956382.0,3015.2
Tajikistan,2013,8448410727.21353,68.885,8136610.0,3195.1
Tajikistan,2014,9112606074.45562,69.069,8326348.0,4583.6
Tajikistan,2015,8271431932.39205,69.306,8524063.0,4904.8
Tajikistan,2016,6992416096.89018,69.549,8725318.0,5496.7
Tajikistan,2017,7536403146.65439,69.905,8925525.0,6757.7
Tajikistan,2018,7765000282.26569,70.353,9128132.0,8097.3
Tajikistan,2019,8300813889.60795,70.867,9337003.0,8965.7
Tajikistan,2020,8133963813.07025,67.994,9543207.0,9328.8
Tajikistan,2021,8937805347.13963,71.594,9750064.0,
Tajikistan,2022,10492123387.7931,,9952787.0,
Tajikistan,2023,,,,
Tanzania,1990,4258742891.66014,51.485,26206012.0,1892.2
Tanzania,1991,4956587894.07981,51.306,26890906.0,1865.7
Tanzania,1992,4601413526.28306,50.989,27580723.0,1859.5
Tanzania,1993,4257702017.94111,50.87,28469017.0,1915.9
Tanzania,1994,4510847189.15431,50.797,29598323.0,1910.0
Tanzania,1995,5255221040.79085,50.786,30560071.0,2734.8
Tanzania,1996,6496195820.23633,50.744,31140733.0,3070.5
Tanzania,1997,7683852496.84499,50.624,31785846.0,2887.3
Tanzania,1998,12270448552.512,50.914,32626498.0,2692.6
Tanzania,1999,12708703446.6482,51.748,33499772.0,2516.6
Tanzania,2000,13376365874.8449,52.362,34463704.0,2946.4
Tanzania,2001,13568654924.4694,53.161,35414469.0,3128.3
Tanzania,2002,14134511339.163,53.863,36353531.0,3565.8
Tanzania,2003,15216719215.2206,54.895,37333918.0,3769.5
Tanzania,2004,16678796641.9005,55.596,38360879.0,5081.7
Tanzania,2005,18395383647.4975,56.299,39439505.0,5660.0
Tanzania,2006,18619859795.2852,56.911,40562052.0,5991.7
Tanzania,2007,21860434823.4808,57.52,41716497.0,5906.5
Tanzania,2008,27947821397.9272,58.086,42870884.0,6073.0
Tanzania,2009,29400573553.6075,58.894,43957933.0,5928.6
Tanzania,2010,32012892919.37,60.105,45110527.0,6909.9
Tanzania,2011,34657140096.4836,61.049,46416031.0,8019.7
Tanzania,2012,39650394362.9287,62.03,47786137.0,9587.9
Tanzania,2013,45648857242.315,62.96,49253643.0,10698.0
Tanzania,2014,49986726460.6805,63.873,50814552.0,10108.0
Tanzania,2015,47413919817.124,64.651,52542823.0,10765.9
Tanzania,2016,49774409374.4538,65.386,54401802.0,10646.9
Tanzania,2017,53274884532.7886,65.999,56267032.0,11659.3
Tanzania,2018,57003712892.0858,66.535,58090443.0,12018.9
Tanzania,2019,61026731925.9213,66.989,59872579.0,14960.8
Tanzania,2020,66068737786.0639,66.408,61704518.0,14435.5
Tanzania,2021,70655628147.8986,66.201,63588334.0,
Tanzania,2022,75732311666.039,,65497748.0,
Tanzania,2023,,,,
Thailand,1990,85343190719.0107,70.445,55228410.0,88005.8
Thailand,1991,98234714971.0612,70.717,56099865.0,96403.4
Thailand,1992,111452746517.655,70.885,56939020.0,106917.2
Thailand,1993,128889262951.157,71.068,57776082.0,123371.7
Thailand,1994,146683778959.101,71.227,58610010.0,137725.0
Thailand,1995,169278916592.843,70.948,59424834.0,156293.3
Thailand,1996,183035237429.281,71.653,60211096.0,175594.0
Thailand,1997,150180456565.728,72.501,60989108.0,181502.8
Thailand,1998,113675596787.738,72.862,61745217.0,160408.9
Thailand,1999,126669211778.94,72.542,62442651.0,169086.0
Thailand,2000,126392224253.794,72.316,63066603.0,168941.4
Thailand,2001,120296476180.402,72.613,63649892.0,178776.6
Thailand,2002,134300904400.022,72.93,64222580.0,190573.9
Thailand,2003,152280615245.887,73.155,64776956.0,195675.5
Thailand,2004,172895685154.658,73.08,65311166.0,213439.9
Thailand,2005,189318408468.595,73.82,65821360.0,222096.8
Thailand,2006,221758296021.621,74.938,66319525.0,224693.7
Thailand,2007,262942621455.053,75.187,66826754.0,231901.7
Thailand,2008,291382982430.951,75.492,67328239.0,233893.7
Thailand,2009,281710630187.319,75.842,67813654.0,224850.1
Thailand,2010,341104766329.17,76.131,68270489.0,240768.3
Thailand,2011,370818739623.622,76.421,68712846.0,238968.5
Thailand,2012,397558325278.579,76.772,69157023.0,256286.0
Thailand,2013,420333654592.547,77.083,69578602.0,264681.0
Thailand,2014,407339040197.651,77.415,69960943.0,261377.0
Thailand,2015,401296238228.084,77.717,70294397.0,268853.3
Thailand,2016,413366349747.508,78.049,70607037.0,267916.3
Thailand,2017,456356813536.764,78.394,70898202.0,267137.1
Thailand,2018,506754208404.485,78.662,71127802.0,264483.6
Thailand,2019,543976691793.886,78.975,71307763.0,274466.7
Thailand,2020,500457264955.763,79.274,71475664.0,265478.9
Thailand,2021,505568063988.806,78.715,71601103.0,
Thailand,2022,495423343049.622,,71697030.0,
Thailand,2023,,,,
Timor-Leste,1990,,44.953,758106.0,0.0
Timor-Leste,1991,,44.985,772655.0,0.0
Timor-Leste,1992,,46.276,783705.0,0.0
Timor-Leste,1993,,47.254,795179.0,0.0
Timor-Leste,1994,,48.252,807115.0,0.0
Timor-Leste,1995,,48.024,819226.0,0.0
Timor-Leste,1996,,48.816,831269.0,0.0
Timor-Leste,1997,,49.517,843341.0,0.0
Timor-Leste,1998,,49.123,855409.0,0.0
Timor-Leste,1999,,45.701,866649.0,0.0
Timor-Leste,2000,366924300.0,58.568,878360.0,0.0
Timor-Leste,2001,477443500.0,59.362,893001.0,0.0
Timor-Leste,2002,469455500.0,60.148,909639.0,168.7
Timor-Leste,2003,490439100.0,60.871,926721.0,167.6
Timor-Leste,2004,440772000.0,61.628,945989.0,182.5
Timor-Leste,2005,462268000.0,62.328,969313.0,180.7
Timor-Leste,2006,453792400.0,63.073,994564.0,185.0
Timor-Leste,2007,542795400.0,63.723,1019362.0,191.4
Timor-Leste,2008,648523600.0,64.329,1043076.0,210.1
Timor-Leste,2009,726937800.0,64.854,1065540.0,235.4
Timor-Leste,2010,881909300.0,65.304,1088486.0,244.1
Timor-Leste,2011,1042534600.0,65.697,1112976.0,252.4
Timor-Leste,2012,1160555000.0,66.081,1137676.0,300.4
Timor-Leste,2013,1395727400.0,66.44,1161555.0,364.4
Timor-Leste,2014,1447535200.0,66.787,1184830.0,449.8
Timor-Leste,2015,1595205100.0,67.137,1205813.0,437.2
Timor-Leste,2016,1652603700.0,67.446,1224562.0,518.9
Timor-Leste,2017,1598208400.0,67.745,1243235.0,561.8
Timor-Leste,2018,1566157200.0,68.017,1261845.0,510.1
Timor-Leste,2019,2027034000.0,68.268,1280438.0,617.6
Timor-Leste,2020,2162619200.0,68.475,1299995.0,446.1
Timor-Leste,2021,3621958000.0,67.737,1320942.0,
Timor-Leste,2022,3204753000.0,,1341296.0,
Timor-Leste,2023,,,,
Togo,1990,1628427587.19133,54.37,3875947.0,977.6
Togo,1991,1602299811.80645,54.268,3990215.0,925.5
Togo,1992,1692959103.78425,54.299,4106219.0,746.0
Togo,1993,1233496937.81395,54.195,4078392.0,633.1
Togo,1994,982624331.585265,54.037,4092612.0,906.9
Togo,1995,1309382817.12622,54.037,4279566.0,977.4
Togo,1996,1465448204.40008,54.098,4445883.0,1356.6
Togo,1997,1498950970.99596,54.192,4592550.0,763.7
Togo,1998,1587346018.24022,54.199,4728297.0,1199.6
Togo,1999,1576672666.13034,54.538,4867941.0,1708.2
Togo,2000,1491891156.27182,54.742,5008035.0,1269.0
Togo,2001,1482437766.22601,54.86,5145426.0,1178.1
Togo,2002,1706698033.01876,55.311,5281538.0,1344.2
Togo,2003,2115836258.25578,55.639,5421001.0,1833.8
Togo,2004,2259992505.14896,55.569,5565218.0,1778.2
Togo,2005,2281483015.5667,55.962,5711597.0,1748.1
Togo,2006,2351584495.8792,56.222,5874240.0,1569.6
Togo,2007,3759962853.26476,56.511,6047537.0,1503.7
Togo,2008,4578847112.70688,56.695,6222482.0,1568.8
Togo,2009,4721888275.26937,57.011,6398624.0,2824.7
Togo,2010,4746386893.22553,57.304,6571855.0,2630.1
Togo,2011,5422439152.10906,57.925,6748672.0,2515.6
Togo,2012,5413541649.14901,58.073,6926635.0,2235.8
Togo,2013,6021729629.82454,58.684,7106229.0,1749.0
Togo,2014,6393314707.85456,58.853,7288383.0,1588.5
Togo,2015,5755457836.01866,59.396,7473229.0,1825.6
Togo,2016,6071167584.1951,59.55,7661354.0,2305.6
Togo,2017,6387424239.8801,60.154,7852795.0,2018.7
Togo,2018,7029215766.46367,60.244,8046679.0,2189.9
Togo,2019,6992654019.28876,60.901,8243094.0,2442.3
Togo,2020,7486031561.86885,61.035,8442580.0,2415.1
Togo,2021,8443112143.23844,61.619,8644829.0,
Togo,2022,8341225241.45693,,8848699.0,
Togo,2023,,,,
Tonga,1990,113563821.577404,67.294,98727.0,84.1
Tonga,1991,132201141.446861,67.518,99010.0,90.4
Tonga,1992,137066290.550071,67.686,99260.0,76.9
Tonga,1993,138489884.393064,67.855,99492.0,86.3
Tonga,1994,195990986.21421,68.014,99731.0,92.3
Tonga,1995,208871665.748682,68.17,99977.0,99.0
Tonga,1996,222100576.345483,68.323,100195.0,81.0
Tonga,1997,214991452.314998,68.49,100658.0,94.2
Tonga,1998,191504892.761394,68.642,101343.0,94.9
Tonga,1999,199208717.501913,68.809,101982.0,113.9
Tonga,2000,204848487.806485,68.978,102603.0,102.9
Tonga,2001,181117230.406546,69.127,103210.0,94.7
Tonga,2002,182764280.828501,69.335,103804.0,101.7
Tonga,2003,202246591.215502,69.495,104410.0,123.5
Tonga,2004,230657627.231323,69.67,105036.0,117.4
Tonga,2005,261803684.241754,69.768,105633.0,117.2
Tonga,2006,292230662.399012,69.894,106190.0,134.9
Tonga,2007,298519024.14082,70.048,106638.0,119.8
Tonga,2008,344436582.075764,70.164,106932.0,127.3
Tonga,2009,312377678.83941,70.012,107144.0,138.1
Tonga,2010,366832215.189578,70.323,107383.0,117.7
Tonga,2011,414533117.692299,70.381,107611.0,107.4
Tonga,2012,470705196.432659,70.442,107502.0,109.3
Tonga,2013,450650633.04135,70.505,107089.0,114.7
Tonga,2014,439877614.419206,70.54,106626.0,113.4
Tonga,2015,437003078.563584,70.607,106122.0,109.9
Tonga,2016,420548712.433288,70.661,105707.0,123.9
Tonga,2017,460374354.847247,70.713,105415.0,132.9
Tonga,2018,488906838.594866,70.779,105150.0,134.2
Tonga,2019,512053692.078675,70.871,104951.0,161.5
Tonga,2020,484796854.918756,70.928,105254.0,118.1
Tonga,2021,469228219.665791,70.986,106017.0,
Tonga,2022,,,106858.0,
Tonga,2023,,,,
Trinidad and Tobago,1990,5068000000.0,68.272,1266518.0,13152.4
Trinidad and Tobago,1991,5307905882.35294,68.859,1276224.0,13045.1
Trinidad and Tobago,1992,5439552941.17647,68.391,1285502.0,13145.2
Trinidad and Tobago,1993,4669488516.37981,68.811,1293974.0,10722.4
Trinidad and Tobago,1994,4947205860.01451,68.511,1301393.0,8792.5
Trinidad and Tobago,1995,5329214163.22001,69.17,1307822.0,8618.6
Trinidad and Tobago,1996,5759537726.26601,69.009,1313434.0,9194.8
Trinidad and Tobago,1997,5737751331.63779,68.719,1318171.0,9690.5
Trinidad and Tobago,1998,6043694330.21609,69.16,1322572.0,9923.9
Trinidad and Tobago,1999,6808982520.75759,68.377,1327063.0,9899.8
Trinidad and Tobago,2000,8154338232.95978,69.102,1332203.0,10204.5
Trinidad and Tobago,2001,8824873259.32105,69.646,1338567.0,11619.6
Trinidad and Tobago,2002,9008273720.93395,70.488,1345964.0,12674.7
Trinidad and Tobago,2003,11305459802.0683,69.729,1353548.0,15446.9
Trinidad and Tobago,2004,13280275123.0354,71.076,1361172.0,16096.0
Trinidad and Tobago,2005,15982282462.3786,71.308,1369075.0,17580.0
Trinidad and Tobago,2006,18369361094.3886,71.256,1376919.0,20054.6
Trinidad and Tobago,2007,21641620049.9352,71.652,1384861.0,20485.8
Trinidad and Tobago,2008,27871587349.5413,71.47,1392803.0,20012.1
Trinidad and Tobago,2009,19172165225.5015,73.126,1401191.0,19030.2
Trinidad and Tobago,2010,22157948396.2042,72.725,1410296.0,21443.0
Trinidad and Tobago,2011,25433011405.3017,73.278,1420020.0,22243.0
Trinidad and Tobago,2012,27334581560.2837,73.716,1430377.0,21497.2
Trinidad and Tobago,2013,28709988700.2142,73.962,1440729.0,22186.3
Trinidad and Tobago,2014,29699968760.7278,74.215,1450661.0,22014.2
Trinidad and Tobago,2015,27026080986.578,74.503,1460177.0,21310.6
Trinidad and Tobago,2016,23713671528.1421,74.281,1469330.0,18291.6
Trinidad and Tobago,2017,24040299977.8745,74.23,1478607.0,18224.7
Trinidad and Tobago,2018,24569079488.3913,73.802,1504709.0,17763.7
Trinidad and Tobago,2019,23775754304.6652,74.228,1519955.0,17195.3
Trinidad and Tobago,2020,20807571314.3043,74.406,1518147.0,15420.0
Trinidad and Tobago,2021,24496505940.6673,72.971,1525663.0,
Trinidad and Tobago,2022,30053575132.142,,1531044.0,
Trinidad and Tobago,2023,,,,
Tunisia,1990,12290568181.8182,70.11,8440023.0,14671.9
Tunisia,1991,13074782608.6957,70.521,8622853.0,15206.3
Tunisia,1992,15496708060.4184,70.701,8802540.0,16294.7
Tunisia,1993,14608335608.1543,71.235,8977173.0,16622.4
Tunisia,1994,15633174304.0905,71.615,9143141.0,16654.4
Tunisia,1995,18030876599.3444,71.988,9294102.0,17045.1
Tunisia,1996,19587161806.7655,72.38,9430550.0,17572.0
Tunisia,1997,20746210353.845,72.863,9557948.0,18133.2
Tunisia,1998,21802893587.126,73.169,9677148.0,18939.5
Tunisia,1999,22943202174.9668,73.508,9788067.0,19972.0
Tunisia,2000,21473528160.7782,73.69,9893316.0,21068.8
Tunisia,2001,22065832448.8623,73.816,9995123.0,21971.0
Tunisia,2002,23141616604.5242,74.059,10094561.0,22147.1
Tunisia,2003,27453902261.4629,74.305,10193798.0,21961.7
Tunisia,2004,31183885241.4396,74.49,10292225.0,23020.2
Tunisia,2005,32272186694.8043,74.764,10388344.0,23538.6
Tunisia,2006,34376664600.5898,74.921,10483558.0,24472.1
Tunisia,2007,38915353866.757,75.072,10580395.0,25366.7
Tunisia,2008,44859439902.2191,75.185,10680380.0,25960.7
Tunisia,2009,43455740497.3061,75.267,10784504.0,25984.2
Tunisia,2010,46206091937.9628,75.421,10895063.0,28321.5
Tunisia,2011,48123325825.0739,75.46,11032528.0,26717.4
Tunisia,2012,47311401812.6733,75.55,11174383.0,29106.2
Tunisia,2013,48685446413.953,75.65,11300284.0,28601.9
Tunisia,2014,50271812920.612,75.65,11428948.0,30976.0
Tunisia,2015,45779494041.9295,75.692,11557779.0,31627.4
Tunisia,2016,44360072680.4476,75.786,11685667.0,30317.8
Tunisia,2017,42163530590.9462,75.845,11811443.0,30742.6
Tunisia,2018,42686580020.8322,75.95,11933041.0,31023.1
Tunisia,2019,41905540184.424,75.993,12049314.0,31045.0
Tunisia,2020,42538289933.2162,75.292,12161723.0,29293.0
Tunisia,2021,46687293140.3377,73.772,12262946.0,
Tunisia,2022,46303552449.3542,,12356117.0,
Tunisia,2023,,,,
Turkey,1990,,,,
Turkey,1991,,,,
Turkey,1992,,,,
Turkey,1993,,,,
Turkey,1994,,,,
Turkey,1995,,,,
Turkey,1996,,,,
Turkey,1997,,,,
Turkey,1998,,,,
Turkey,1999,,,,
Turkey,2000,,,,
Turkey,2001,,,,
Turkey,2002,,,,
Turkey,2003,,,,
Turkey,2004,,,,
Turkey,2005,,,,
Turkey,2006,,,,
Turkey,2007,,,,
Turkey,2008,,,,
Turkey,2009,,,,
Turkey,2010,,,,
Turkey,2011,,,,
Turkey,2012,,,,
Turkey,2013,,,,
Turkey,2014,,,,
Turkey,2015,,,,
Turkey,2016,,,,
Turkey,2017,,,,
Turkey,2018,,,,
Turkey,2019,,,,
Turkey,2020,,,,
Turkiye,1990,150655500191.644,67.709,54324142.0,139197.9
Turkiye,1991,151034731543.624,68.169,55321172.0,143796.1
Turkiye,1992,159104772991.851,68.486,56302037.0,149797.2
Turkiye,1993,180415757851.616,68.911,57296008.0,155579.5
Turkiye,1994,130650447499.071,69.295,58310245.0,153823.1
Turkiye,1995,169319579016.25,69.609,59305490.0,168150.5
Turkiye,1996,181464408820.097,70.141,60293786.0,185337.7
Turkiye,1997,189878399894.643,70.57,61277426.0,193428.4
Turkiye,1998,275941990764.18,71.039,62242204.0,193687.6
Turkiye,1999,256395932738.435,70.695,63185615.0,192651.4
Turkiye,2000,274294623164.043,71.861,64113547.0,216396.5
Turkiye,2001,201753123806.695,72.231,65072018.0,197771.1
Turkiye,2002,240249071871.106,72.579,65988663.0,208107.6
Turkiye,2003,314595572145.767,72.89,66867327.0,219158.6
Turkiye,2004,408865430220.331,73.24,67785075.0,224601.2
Turkiye,2005,506314717661.655,73.534,68704715.0,235003.0
Turkiye,2006,557076157773.479,73.845,69601333.0,261083.6
Turkiye,2007,681321124295.914,74.193,70158112.0,288967.8
Turkiye,2008,770449132861.373,74.45,71051678.0,287205.0
Turkiye,2009,649289324627.732,74.765,72039206.0,288307.2
Turkiye,2010,776967266305.53,75.069,73142150.0,297814.0
Turkiye,2011,838785289694.35,74.941,74223629.0,318641.2
Turkiye,2012,880555885492.269,75.678,75175827.0,329797.8
Turkiye,2013,957799120008.32,76.297,76147624.0,319088.6
Turkiye,2014,938934609296.966,76.565,77181884.0,341671.5
Turkiye,2015,864313810469.009,76.646,78218479.0,353413.8
Turkiye,2016,869682881593.041,76.66,79277962.0,376399.0
Turkiye,2017,858988492853.742,77.141,80312698.0,418098.2
Turkiye,2018,778972199727.859,77.563,81407204.0,414111.9
Turkiye,2019,761005946788.221,77.832,82579440.0,398772.9
Turkiye,2020,720338498174.744,75.85,83384680.0,407406.2
Turkiye,2021,819865253669.661,76.032,84147318.0,
Turkiye,2022,907118435952.688,,84979913.0,
Turkiye,2023,,,,
Turkmenistan,1990,3000000000.0,63.939,3720278.0,44646.3
Turkmenistan,1991,2950000000.0,64.035,3821782.0,37788.5
Turkmenistan,1992,3200000000.0,63.875,3926369.0,28099.3
Turkmenistan,1993,3180952380.95238,63.804,4031698.0,26972.0
Turkmenistan,1994,2560939794.41997,63.756,4133037.0,33545.0
Turkmenistan,1995,2482249252.85059,63.684,4226623.0,33989.8
Turkmenistan,1996,2378759975.44506,63.596,4301093.0,30608.9
Turkmenistan,1997,2450350625.10407,63.646,4363672.0,30502.5
Turkmenistan,1998,2605689134.49042,64.106,4431517.0,31838.6
Turkmenistan,1999,2450564100.18292,64.518,4501079.0,37688.0
Turkmenistan,2000,2904663310.9825,65.026,4569132.0,38507.5
Turkmenistan,2001,3534772732.39746,65.156,4635094.0,39123.0
Turkmenistan,2002,4462029108.72349,65.385,4698968.0,41410.7
Turkmenistan,2003,5977440582.80171,65.746,4758988.0,46350.2
Turkmenistan,2004,6838351088.46688,66.075,4819792.0,49365.2
Turkmenistan,2005,8103901996.37024,66.068,4885775.0,50592.5
Turkmenistan,2006,10276674364.8961,66.499,4954029.0,51916.5
Turkmenistan,2007,12664165103.1895,66.895,5024894.0,58482.3
Turkmenistan,2008,19271523178.8079,67.407,5100083.0,59279.7
Turkmenistan,2009,20214385964.9123,67.958,5180957.0,52386.8
Turkmenistan,2010,22583157894.7368,68.293,5267970.0,59175.1
Turkmenistan,2011,29233333333.3333,68.567,5360811.0,65076.7
Turkmenistan,2012,35164210526.3158,68.722,5458682.0,66758.5
Turkmenistan,2013,39197543859.6491,68.74,5560095.0,63791.5
Turkmenistan,2014,43524210526.3158,68.614,5663152.0,62189.0
Turkmenistan,2015,35799714285.7143,68.782,5766431.0,63777.6
Turkmenistan,2016,36169428571.4286,68.777,5868561.0,64079.5
Turkmenistan,2017,37926285714.2857,68.916,5968383.0,63871.6
Turkmenistan,2018,40765428571.4286,68.796,6065066.0,63317.6
Turkmenistan,2019,45232857142.8571,69.002,6158420.0,63231.8
Turkmenistan,2020,45818000000.0,68.687,6250438.0,63655.0
Turkmenistan,2021,50007428571.4286,69.264,6341855.0,
Turkmenistan,2022,56542857142.8571,,6430770.0,
Turkmenistan,2023,,,,
Turks and Caicos Islands,1990,,69.001,11709.0,
Turks and Caicos Islands,1991,,68.888,12329.0,
Turks and Caicos Islands,1992,,69.64,13014.0,
Turks and Caicos Islands,1993,,69.625,13704.0,
Turks and Caicos Islands,1994,,68.447,14402.0,
Turks and Caicos Islands,1995,,68.308,15101.0,
Turks and Caicos Islands,1996,,71.287,15806.0,
Turks and Caicos Islands,1997,,72.365,16515.0,
Turks and Caicos Islands,1998,,73.964,17239.0,
Turks and Caicos Islands,1999,,74.01,17984.0,
Turks and Caicos Islands,2000,,73.575,18744.0,
Turks and Caicos Islands,2001,358744800.0,74.131,19578.0,
Turks and Caicos Islands,2002,366707900.0,75.54,20598.0,
Turks and Caicos Islands,2003,409753600.0,75.411,21739.0,
Turks and Caicos Islands,2004,485598800.0,76.786,22869.0,
Turks and Caicos Islands,2005,578645800.0,77.148,23995.0,
Turks and Caicos Islands,2006,721891500.0,76.831,25128.0,
Turks and Caicos Islands,2007,773489700.0,75.914,26268.0,
Turks and Caicos Islands,2008,862683600.0,76.632,27422.0,
Turks and Caicos Islands,2009,703175800.0,77.164,28581.0,
Turks and Caicos Islands,2010,686787800.0,76.243,29726.0,
Turks and Caicos Islands,2011,728789600.0,76.195,30816.0,
Turks and Caicos Islands,2012,727161000.0,77.037,32081.0,
Turks and Caicos Islands,2013,754238000.0,77.018,33594.0,
Turks and Caicos Islands,2014,841070000.0,77.135,34985.0,
Turks and Caicos Islands,2015,942070000.0,76.912,36538.0,
Turks and Caicos Islands,2016,1032452000.0,76.864,38246.0,
Turks and Caicos Islands,2017,1022365000.0,76.702,39844.0,
Turks and Caicos Islands,2018,1113178000.0,76.443,41487.0,
Turks and Caicos Islands,2019,1197415000.0,75.326,43080.0,
Turks and Caicos Islands,2020,924583000.0,75.001,44276.0,
Turks and Caicos Islands,2021,1044778790.0,74.587,45114.0,
Turks and Caicos Islands,2022,1138808881.1,,45703.0,
Turks and Caicos Islands,2023,,,,
Tuvalu,1990,8824743.94191672,61.661,9182.0,6.4
Tuvalu,1991,9365486.89937963,61.909,9354.0,6.7
Tuvalu,1992,9742606.01858924,60.491,9466.0,7.3
Tuvalu,1993,9631024.91567838,62.654,9517.0,7.6
Tuvalu,1994,10887215.5823684,62.924,9559.0,8.3
Tuvalu,1995,11025675.4282512,63.098,9585.0,8.9
Tuvalu,1996,12335203.3825222,63.21,9611.0,6.9
Tuvalu,1997,12701093.9749737,63.356,9630.0,7.8
Tuvalu,1998,12757408.4637285,63.418,9634.0,10.9
Tuvalu,1999,13687141.1058778,63.427,9640.0,7.6
Tuvalu,2000,15073975.5349377,63.499,9638.0,7.9
Tuvalu,2001,13964732.327114,63.543,9621.0,9.9
Tuvalu,2002,16842672.5952874,63.58,9609.0,9.1
Tuvalu,2003,19456338.0318228,63.631,9668.0,8.5
Tuvalu,2004,22798274.9795551,63.693,9791.0,8.5
Tuvalu,2005,22909979.8163078,63.836,9912.0,8.5
Tuvalu,2006,24096875.4635825,63.928,10030.0,11.0
Tuvalu,2007,28450168.692765,63.931,10149.0,13.2
Tuvalu,2008,31874434.857882,63.948,10272.0,9.5
Tuvalu,2009,28076983.9703819,63.949,10408.0,10.6
Tuvalu,2010,32105408.4771121,63.978,10550.0,9.6
Tuvalu,2011,39196957.4908996,63.974,10700.0,10.2
Tuvalu,2012,39345579.4723758,63.964,10854.0,9.8
Tuvalu,2013,38615890.6320745,64.008,10918.0,8.7
Tuvalu,2014,38760982.6540096,64.025,10899.0,8.5
Tuvalu,2015,36811936.0824587,64.06,10877.0,7.7
Tuvalu,2016,41629064.2232388,64.108,10852.0,7.5
Tuvalu,2017,45276595.3533146,64.148,10828.0,7.7
Tuvalu,2018,48015259.8751356,64.212,10865.0,8.8
Tuvalu,2019,54123198.5662913,64.278,10956.0,8.9
Tuvalu,2020,51746594.3148543,64.382,11069.0,6.6
Tuvalu,2021,60196405.7138393,64.547,11204.0,
Tuvalu,2022,59065979.0227679,,11312.0,
Tuvalu,2023,,,,
Uganda,1990,4304399310.30967,46.443,17586630.0,785.735
Uganda,1991,3321729159.62277,46.316,18171935.0,806.39
Uganda,1992,2857457761.90922,46.368,18801966.0,815.06
Uganda,1993,3220439044.18949,46.237,19462958.0,813.92
Uganda,1994,3990430446.71216,46.353,20125021.0,725.72
Uganda,1995,5755818842.49246,46.567,20680831.0,952.5
Uganda,1996,6044585326.938,46.67,21249572.0,1048.41
Uganda,1997,6269333313.17108,46.977,21876935.0,1110.09
Uganda,1998,6584815846.52754,47.175,22537658.0,1263.27
Uganda,1999,5998563257.94659,47.786,23279247.0,1290.6
Uganda,2000,6193246837.09687,48.342,24020697.0,1297.6
Uganda,2001,5840503868.51573,49.006,24763325.0,1303.9
Uganda,2002,6178563591.12051,49.648,25545090.0,1486.2
Uganda,2003,6606884275.23087,50.368,26354736.0,1567.2
Uganda,2004,7939487547.77384,51.547,27146084.0,1629.6
Uganda,2005,9239221763.05793,52.976,27946588.0,2024.0
Uganda,2006,9977647682.96954,54.369,28773227.0,2399.5
Uganda,2007,11902564494.8833,55.236,29629804.0,2868.2
Uganda,2008,14440404132.2047,55.823,30509862.0,2971.8
Uganda,2009,25127805566.6584,56.488,31412520.0,3357.3
Uganda,2010,26673441430.7857,57.055,32341728.0,3332.0
Uganda,2011,27871725241.4723,57.965,33295738.0,3744.2
Uganda,2012,27305915910.7877,58.817,34273295.0,3777.1
Uganda,2013,28915786516.6123,59.763,35273570.0,3694.3
Uganda,2014,32612397257.4458,60.408,36336539.0,4112.2
Uganda,2015,32387183730.1002,61.086,37477356.0,4712.1
Uganda,2016,29203988696.2626,61.648,38748299.0,4946.3
Uganda,2017,30744473841.424,62.115,40127085.0,5172.0
Uganda,2018,32927025619.6795,62.714,41515395.0,5866.6
Uganda,2019,35348155095.4215,62.991,42949080.0,5943.0
Uganda,2020,37605430214.3519,62.851,44404611.0,5674.6
Uganda,2021,40510241365.8914,62.705,45853778.0,
Uganda,2022,45567304608.4764,,47249585.0,
Uganda,2023,,,,
Ukraine,1990,79523809523.8095,70.0975609756098,51891400.0,688618.9
Ukraine,1991,76666666666.6667,69.2980487804878,52000500.0,651932.0
Ukraine,1992,73906020558.0029,68.7709756097561,52150400.0,574642.6
Ukraine,1993,65648189143.7174,68.1307317073171,52179200.0,499314.9
Ukraine,1994,52549580264.8064,67.5412195121951,51921400.0,415669.9
Ukraine,1995,48213856468.5718,66.7419512195122,51512800.0,399250.1
Ukraine,1996,44558831005.0621,67.0224390243903,51057800.0,346111.3
Ukraine,1997,50151531591.7317,67.5763414634146,50594600.0,328244.8
Ukraine,1998,41882523345.1804,68.3748780487805,50144500.0,309288.0
Ukraine,1999,31580639553.8298,67.9809756097561,49674000.0,305725.1
Ukraine,2000,32375083934.8241,67.6756097560976,49176500.0,297376.8
Ukraine,2001,39309580983.2282,67.8370731707317,48662400.0,300552.9
Ukraine,2002,43956163612.0433,68.2756097560976,48202470.0,303940.8
Ukraine,2003,52010355753.0461,68.2107317073171,47812949.0,330228.5
Ukraine,2004,67220154164.3166,68.1853658536585,47451626.0,307135.6
Ukraine,2005,89238865118.5263,67.9568292682927,47105171.0,295405.2
Ukraine,2006,111884752475.248,68.0775609756098,46787786.0,303989.4
Ukraine,2007,148733861386.139,68.2221951219512,46509355.0,312141.5
Ukraine,2008,188110390659.515,68.2514634146342,46258189.0,301195.3
Ukraine,2009,121552153444.124,69.19,46053331.0,251616.6
Ukraine,2010,141209170427.233,70.2653658536586,45870741.0,268924.6
Ukraine,2011,169333835201.554,70.8092682926829,45706086.0,283342.4
Ukraine,2012,182591753827.949,70.9441463414634,45593342.0,277110.2
Ukraine,2013,190498811460.028,71.159512195122,45489648.0,270268.7
Ukraine,2014,133503871861.723,71.1865853658537,45272155.0,237728.7
Ukraine,2015,91030967789.0717,71.189512195122,45154036.0,191067.8
Ukraine,2016,93355869403.9223,71.4763414634146,45004673.0,201655.4
Ukraine,2017,112090505081.739,71.7809756097561,44831135.0,174938.3
Ukraine,2018,130891088293.55,71.5826829268293,44622518.0,185623.8
Ukraine,2019,153883047509.577,71.8273170731707,44386203.0,174599.9
Ukraine,2020,156617722013.342,71.1851219512195,44132049.0,165663.6
Ukraine,2021,199765859570.935,69.6478048780488,43822901.0,
Ukraine,2022,160502737251.047,,38000000.0,
Ukraine,2023,,,,
United Arab Emirates,1990,50701443748.2975,71.9,1900151.0,55210.4
United Arab Emirates,1991,51552165622.4462,72.241,2008383.0,61564.1
United Arab Emirates,1992,54239171887.769,72.306,2116231.0,59702.8
United Arab Emirates,1993,55625170253.337,72.521,2223284.0,63620.2
United Arab Emirates,1994,59305093979.842,72.598,2329024.0,70779.6
United Arab Emirates,1995,65743666575.8649,72.695,2433988.0,75166.7
United Arab Emirates,1996,73571233996.1863,72.767,2572735.0,78528.3
United Arab Emirates,1997,78839008444.5655,72.937,2746119.0,81440.9
United Arab Emirates,1998,75674336283.1858,73.066,2921130.0,83449.6
United Arab Emirates,1999,84445473110.9598,73.67,3097563.0,85679.8
United Arab Emirates,2000,104337372362.151,74.38,3275333.0,84729.1
United Arab Emirates,2001,103311640571.818,74.636,3454198.0,97196.5
United Arab Emirates,2002,109816201497.617,74.901,3633655.0,99146.3
United Arab Emirates,2003,124346358066.712,76.222,3813443.0,103820.5
United Arab Emirates,2004,147824370319.946,76.453,3993339.0,110007.6
United Arab Emirates,2005,180617467964.602,76.683,4280993.0,116453.9
United Arab Emirates,2006,222116541865.214,76.909,4898954.0,121562.5
United Arab Emirates,2007,257916133424.098,77.129,5872624.0,131831.6
United Arab Emirates,2008,315474615738.598,77.488,6988685.0,156044.4
United Arab Emirates,2009,253547358747.447,78.003,7992644.0,157019.8
United Arab Emirates,2010,300189052694.029,78.334,8481771.0,162788.9
United Arab Emirates,2011,360832739558.385,78.517,8575205.0,166631.5
United Arab Emirates,2012,384610125384.033,78.716,8664969.0,175687.9
United Arab Emirates,2013,400218529747.597,78.853,8751847.0,184960.8
United Arab Emirates,2014,414105366758.911,79.044,8835951.0,186639.8
United Arab Emirates,2015,370275469560.166,79.223,8916899.0,195409.4
United Arab Emirates,2016,369255326235.771,79.335,8994263.0,200398.5
United Arab Emirates,2017,390516804016.501,79.504,9068296.0,191935.0
United Arab Emirates,2018,427049432149.345,79.627,9140169.0,174220.3
United Arab Emirates,2019,417989721734.494,79.726,9211657.0,185645.7
United Arab Emirates,2020,349473015336.939,78.946,9287289.0,188088.7
United Arab Emirates,2021,415178792769.884,78.71,9365145.0,
United Arab Emirates,2022,507063968273.313,,9441129.0,
United Arab Emirates,2023,,,,
United Kingdom,1990,1093169389204.55,75.8804878048781,57247586.0,561774.5
United Kingdom,1991,1142797178130.51,76.0829268292683,57424897.0,570681.6
United Kingdom,1992,1179659529659.53,76.4341463414634,57580402.0,557885.6
United Kingdom,1993,1061388722255.55,76.3853658536585,57718614.0,541376.4
United Kingdom,1994,1140489745944.29,76.8853658536585,57865745.0,535183.2
United Kingdom,1995,1344240176739.78,76.8365853658537,58019030.0,526808.2
United Kingdom,1996,1419645865834.63,77.0878048780488,58166950.0,545478.1
United Kingdom,1997,1560911918795.02,77.2109756097561,58316954.0,524191.2
United Kingdom,1998,1653694932096.72,77.190243902439,58487141.0,526000.6
United Kingdom,1999,1687830448147.55,77.390243902439,58682466.0,522752.6
United Kingdom,2000,1665534876683.31,77.7414634146342,58892514.0,530888.2
United Kingdom,2001,1649827263567.01,77.9926829268293,59119673.0,545262.2
United Kingdom,2002,1785729916067.15,78.1439024390244,59370479.0,530785.9
United Kingdom,2003,2054422857142.86,78.4463414634146,59647577.0,543037.1
United Kingdom,2004,2421525082387.4,78.7463414634146,59987905.0,543075.9
United Kingdom,2005,2543180000000.0,79.0487804878049,60401206.0,540917.0
United Kingdom,2006,2708441582336.71,79.2487804878049,60846820.0,542060.8
United Kingdom,2007,3090510204081.63,79.4487804878049,61322463.0,530502.5
United Kingdom,2008,2929411764705.88,79.6,61806995.0,515335.6
United Kingdom,2009,2412840006231.5,80.0512195121951,62276270.0,466492.5
United Kingdom,2010,2485482596184.71,80.4024390243902,62766365.0,482646.2
United Kingdom,2011,2663805834828.07,80.9512195121951,63258810.0,445648.4
United Kingdom,2012,2707089726614.64,80.9048780487805,63700215.0,467831.0
United Kingdom,2013,2784853502534.29,81.0048780487805,64128273.0,453778.1
United Kingdom,2014,3064708247921.43,81.3048780487805,64602298.0,415609.0
United Kingdom,2015,2927911140916.73,80.9560975609756,65116219.0,401075.3
United Kingdom,2016,2689106566899.61,81.1560975609756,65611593.0,382154.9
United Kingdom,2017,2680148052335.3,81.2560975609756,66058859.0,366844.1
United Kingdom,2018,2871340347581.79,81.2560975609756,66460344.0,360555.9
United Kingdom,2019,2851407164907.81,81.4048780487805,66836327.0,345934.3
United Kingdom,2020,2697806592293.86,80.3512195121951,67081234.0,308650.3
United Kingdom,2021,3141506156618.7,80.7,67026292.0,
United Kingdom,2022,3089072722400.14,,66971395.0,
United Kingdom,2023,,,,
United States,1990,5963144000000.0,75.2146341463415,249623000.0,4844517.4
United States,1991,6158129000000.0,75.3658536585366,252981000.0,4807496.5
United States,1992,6520327000000.0,75.6170731707317,256514000.0,4879626.1
United States,1993,6858559000000.0,75.419512195122,259919000.0,4995209.5
United States,1994,7287236000000.0,75.619512195122,263126000.0,5066803.0
United States,1995,7639749000000.0,75.6219512195122,266278000.0,5117036.9
United States,1996,8073122000000.0,76.0268292682927,269394000.0,5273486.3
United States,1997,8577554457000.0,76.4292682926829,272657000.0,5543349.4
United States,1998,9062818202000.0,76.5804878048781,275854000.0,5590536.3
United States,1999,9631174489000.0,76.5829268292683,279040000.0,5609017.3
United States,2000,10250947997000.0,76.6365853658537,282162411.0,5775807.2
United States,2001,10581929774000.0,76.8365853658537,284968955.0,5748261.8
United States,2002,10929112955000.0,76.9365853658537,287625193.0,5593024.4
United States,2003,11456442041000.0,77.0365853658537,290107933.0,5658992.0
United States,2004,12217193198000.0,77.4878048780488,292805298.0,5738286.0
United States,2005,13039199193000.0,77.4878048780488,295516599.0,5753493.2
United States,2006,13815586948000.0,77.6878048780488,298379912.0,5653081.0
United States,2007,14474226905000.0,77.9878048780488,301231207.0,5736319.3
United States,2008,14769857911000.0,78.0390243902439,304093966.0,5558378.9
United States,2009,14478064934000.0,78.390243902439,306771529.0,5156424.9
United States,2010,15048964444000.0,78.5414634146342,309327143.0,5392109.4
United States,2011,15599728123000.0,78.6414634146341,311583481.0,5173591.2
United States,2012,16253972230000.0,78.7414634146342,313877662.0,4956053.0
United States,2013,16843190993000.0,78.7414634146342,316059947.0,5092097.2
United States,2014,17550680174000.0,78.8414634146341,318386329.0,5107208.6
United States,2015,18206020741000.0,78.690243902439,320738994.0,4990703.7
United States,2016,18695110842000.0,78.5390243902439,323071755.0,4894499.2
United States,2017,19477336549000.0,78.5390243902439,325122128.0,4819365.1
United States,2018,20533057312000.0,78.6390243902439,326838199.0,4975300.4
United States,2019,21380976119000.0,78.7878048780488,328329953.0,4817710.4
United States,2020,21060473613000.0,76.9804878048781,331511512.0,4320532.5
United States,2021,23315080560000.0,76.3292682926829,332031554.0,
United States,2022,25439700000000.0,,333287557.0,
United States,2023,,,,
Upper middle income,1990,2774503891839.94,67.5775008608839,2112908549.0,6529915.428354
Upper middle income,1991,2697545667058.34,67.765799261489,2143327776.0,6627839.492764
Upper middle income,1992,2853560660608.48,68.0710075872733,2171692391.0,6661908.665912
Upper middle income,1993,3274100387475.53,68.2964886784149,2199172412.0,6754577.752019
Upper middle income,1994,3371475768953.19,68.5571315986483,2226532163.0,6717809.995342
Upper middle income,1995,3764707901527.85,68.915748894304,2253019846.0,7053120.307407
Upper middle income,1996,4103660301262.65,69.2360473572524,2279220415.0,7103657.357776
Upper middle income,1997,4368593575977.29,69.6204862232532,2305065239.0,7170820.592845
Upper middle income,1998,4197253024803.81,70.0040119032838,2329845650.0,7279228.023862
Upper middle income,1999,4018486713613.68,70.1385762650472,2353107993.0,7190874.982755
Upper middle income,2000,4452467033101.52,70.4669356438592,2375280814.0,7522848.982393
Upper middle income,2001,4473535602250.16,70.9514995940289,2396527322.0,7773270.87822
Upper middle income,2002,4537592261803.34,71.2185603797413,2416905279.0,8090933.049476
Upper middle income,2003,5088581599981.57,71.4719272253575,2436604576.0,8885518.073348
Upper middle income,2004,6067168588926.78,71.6166137204266,2455899822.0,9714080.937687
Upper middle income,2005,7262800479007.17,72.0814889902589,2475204158.0,10509932.36
Upper middle income,2006,8647104081104.99,72.4659217654102,2493607365.0,11283422.97
Upper middle income,2007,10685408075326.4,72.7453410270678,2511010944.0,11979605.09
Upper middle income,2008,13004669108217.2,72.9373871953597,2529819216.0,12315104.16
Upper middle income,2009,12563513702323.4,73.3598792327444,2549122048.0,12603193.43
Upper middle income,2010,15404029761165.8,73.6064142619645,2567922649.0,13650211.56
Upper middle income,2011,18586822183033.1,73.9149013037611,2587915297.0,14683619.207
Upper middle income,2012,19883675355488.0,74.2232162345906,2610195637.0,15046424.835
Upper middle income,2013,21268492949592.6,74.5164776557828,2632878553.0,15496037.519
Upper middle income,2014,21874590740590.2,74.7774040123696,2654785044.0,15550983.462
Upper middle income,2015,20559996802665.8,74.994212974247,2675824754.0,15348154.712
Upper middle income,2016,20510053202252.5,75.1798618271173,2695996374.0,15332252.098
Upper middle income,2017,22686712042217.4,75.3525578663714,2716214857.0,15680729.342
Upper middle income,2018,24376030533340.2,75.7257552611899,2735017750.0,16265198.3175
Upper middle income,2019,24832086863829.0,75.9456236282711,2752025737.0,16546520.02
Upper middle income,2020,23959410661464.3,75.1390035165154,2765716827.0,16383995.507
Upper middle income,2021,28515803406297.6,74.6931575904076,2776124854.0,
Upper middle income,2022,30110929970107.6,,2784368143.0,
Upper middle income,2023,,,,
Uruguay,1990,9298807850.29979,73.162,3117012.0,3848.7
Uruguay,1991,11206176650.9075,73.305,3135374.0,4371.7
Uruguay,1992,12878148790.7348,73.441,3153732.0,4768.6
Uruguay,1993,15002136971.1745,73.579,3171747.0,4490.1
Uruguay,1994,17474588895.8918,73.728,3189945.0,4266.2
Uruguay,1995,19297663096.5506,73.896,3208300.0,4687.9
Uruguay,1996,20515458113.5857,74.088,3226633.0,5450.5
Uruguay,1997,23969739233.8966,74.298,3245069.0,5558.4
Uruguay,1998,25385886977.5228,74.527,3262683.0,5777.4
Uruguay,1999,23983945190.6202,74.769,3278963.0,6783.2
Uruguay,2000,22823270892.1094,75.025,3292224.0,5458.5
Uruguay,2001,20898761742.2386,75.285,3300939.0,4946.3
Uruguay,2002,13606515722.5864,75.54,3306441.0,4530.6
Uruguay,2003,12045638351.8507,75.785,3310202.0,4486.1
Uruguay,2004,13686329890.1191,76.007,3313801.0,5459.9
Uruguay,2005,17362857683.8545,76.194,3317665.0,5415.8
Uruguay,2006,19741420739.8901,76.362,3322282.0,6332.1
Uruguay,2007,23797773024.3992,76.498,3328651.0,5854.7
Uruguay,2008,31119602538.8322,76.623,3336126.0,7750.1
Uruguay,2009,32708319077.5179,76.738,3344156.0,7665.9
Uruguay,2010,41950361211.9581,76.858,3352651.0,6283.8
Uruguay,2011,50342406067.0777,76.983,3361637.0,7605.9
Uruguay,2012,54232266358.7811,77.111,3371133.0,8517.7
Uruguay,2013,61337621933.7857,77.24,3381180.0,7357.6
Uruguay,2014,61496186973.902,77.366,3391662.0,6500.4
Uruguay,2015,57680327998.6689,77.483,3402818.0,6657.2
Uruguay,2016,57480788380.312,77.571,3413766.0,6525.1
Uruguay,2017,65006047680.3225,77.625,3422200.0,6103.8
Uruguay,2018,65203071817.9812,77.611,3427042.0,6545.7
Uruguay,2019,62048585618.505,77.508,3428409.0,6806.7
Uruguay,2020,53666908053.7655,78.43,3429086.0,6514.3
Uruguay,2021,61412268248.9461,75.436,3426260.0,
Uruguay,2022,71177146197.4951,,3422794.0,
Uruguay,2023,,,,
Uzbekistan,1990,13360607990.6751,65.346,20510000.0,117767.7
Uzbekistan,1991,13677622222.2222,65.131,20952000.0,118584.8
Uzbekistan,1992,12941297376.0933,65.109,21449000.0,113076.8
Uzbekistan,1993,13099013835.5111,64.829,21942000.0,114592.9
Uzbekistan,1994,12899156990.6156,64.685,22377000.0,108876.6
Uzbekistan,1995,13350468917.4115,64.646,22785000.0,98154.6
Uzbekistan,1996,13948892215.5689,64.712,23225000.0,99600.3
Uzbekistan,1997,14744603773.5849,64.764,23667000.0,100732.3
Uzbekistan,1998,14988971210.8383,65.035,24051000.0,116263.5
Uzbekistan,1999,17078465982.0282,65.383,24311650.0,116488.1
Uzbekistan,2000,13760513969.314,65.724,24650400.0,123804.5
Uzbekistan,2001,11401421329.1974,66.087,24964450.0,125695.4
Uzbekistan,2002,9687788512.80184,66.604,25271850.0,129888.0
Uzbekistan,2003,10134453435.4603,67.04,25567650.0,121905.7
Uzbekistan,2004,12030023547.8807,67.401,25864350.0,124840.1
Uzbekistan,2005,14307509838.8053,67.49,26167000.0,119190.1
Uzbekistan,2006,17330833852.919,67.891,26488250.0,127356.9
Uzbekistan,2007,22311393927.8817,68.292,26868000.0,122580.6
Uzbekistan,2008,29549438883.8338,68.765,27302800.0,128884.1
Uzbekistan,2009,33689223673.2577,68.871,27767400.0,116532.5
Uzbekistan,2010,49765676402.4495,69.235,28562400.0,126240.5
Uzbekistan,2011,60178909297.208,69.649,29339400.0,128633.7
Uzbekistan,2012,67517349212.0609,69.874,29774500.0,113140.2
Uzbekistan,2013,73180037911.4173,69.99,30243200.0,111856.5
Uzbekistan,2014,80845385816.4497,70.234,30757700.0,104872.5
Uzbekistan,2015,86196264741.8842,70.475,31298900.0,99358.2
Uzbekistan,2016,86138288632.5513,70.755,31847900.0,105333.9
Uzbekistan,2017,62081322740.0162,71.01,32388600.0,109708.5
Uzbekistan,2018,52870108217.2949,71.149,32956100.0,112720.5
Uzbekistan,2019,60283503705.3907,71.344,33580350.0,117687.8
Uzbekistan,2020,60224701296.7885,70.331,34232050.0,115577.8
Uzbekistan,2021,69600614987.3509,70.862,34915100.0,
Uzbekistan,2022,80391853887.4049,,35648100.0,
Uzbekistan,2023,,,,
Vanuatu,1990,168879207.244148,66.675,150882.0,66.9
Vanuatu,1991,201334169.054441,67.203,154678.0,66.9
Vanuatu,1992,209088824.608438,67.353,158577.0,63.7
Vanuatu,1993,200491853.167847,67.528,162548.0,63.7
Vanuatu,1994,233701301.490486,67.739,166560.0,63.6
Vanuatu,1995,249333250.082507,67.885,170612.0,66.8
Vanuatu,1996,261370044.486614,68.63,174714.0,85.6
Vanuatu,1997,272771209.113662,68.708,178871.0,89.0
Vanuatu,1998,262293410.708334,68.763,183088.0,82.8
Vanuatu,1999,268006972.690296,68.237,187432.0,89.4
Vanuatu,2000,272014627.835262,68.966,192074.0,89.3
Vanuatu,2001,257926881.72043,69.037,197034.0,92.9
Vanuatu,2002,262596535.549028,69.196,202125.0,82.9
Vanuatu,2003,314471413.001776,69.276,207258.0,87.0
Vanuatu,2004,364996869.129618,69.313,212422.0,61.7
Vanuatu,2005,394962433.029368,69.39,217632.0,61.6
Vanuatu,2006,439358586.535588,69.462,222923.0,61.6
Vanuatu,2007,516392922.513728,69.544,228345.0,105.0
Vanuatu,2008,590748429.401902,69.602,233952.0,101.1
Vanuatu,2009,592622319.145664,69.653,239689.0,127.5
Vanuatu,2010,670712979.682038,69.617,245453.0,127.1
Vanuatu,2011,770153588.218833,69.551,251294.0,134.2
Vanuatu,2012,747839697.746593,69.497,257313.0,120.5
Vanuatu,2013,758304466.245339,69.534,263534.0,111.9
Vanuatu,2014,772315983.81843,69.465,269927.0,158.9
Vanuatu,2015,730870802.967051,69.513,276438.0,134.3
Vanuatu,2016,780889605.899977,69.65,283218.0,151.3
Vanuatu,2017,880061833.690341,69.71,290239.0,141.0
Vanuatu,2018,914736985.430944,69.795,297298.0,177.5
Vanuatu,2019,936526267.622513,69.877,304404.0,166.9
Vanuatu,2020,909421043.508407,70.299,311685.0,121.3
Vanuatu,2021,971636097.850666,70.449,319137.0,
Vanuatu,2022,1055811723.74753,,326740.0,
Vanuatu,2023,,,,
"Venezuela, RB",1990,48606952194.7752,71.532,19750579.0,101630.0
"Venezuela, RB",1991,53453444786.6256,71.832,20226214.0,100992.8
"Venezuela, RB",1992,60416519620.0849,71.806,20700461.0,103107.8
"Venezuela, RB",1993,60037460783.1941,71.925,21172100.0,107387.9
"Venezuela, RB",1994,58418666666.6667,71.853,21640833.0,106529.1
"Venezuela, RB",1995,77389487770.0883,72.143,22107286.0,114036.6
"Venezuela, RB",1996,70543211119.099,72.111,22572110.0,121835.4
"Venezuela, RB",1997,85837678559.8324,72.703,23037561.0,127590.1
"Venezuela, RB",1998,91336763255.0597,72.668,23503819.0,129300.3
"Venezuela, RB",1999,97972842461.5131,72.254,23966960.0,125458.8
"Venezuela, RB",2000,117146466002.661,72.478,24427729.0,131516.7
"Venezuela, RB",2001,122911036746.729,71.201,24880203.0,135800.4
"Venezuela, RB",2002,92893587733.6549,72.662,25330929.0,140747.6
"Venezuela, RB",2003,83620628582.1082,71.94,25782029.0,135770.2
"Venezuela, RB",2004,112451400424.964,72.514,26226927.0,139606.7
"Venezuela, RB",2005,145513489651.872,72.782,26668785.0,147374.4
"Venezuela, RB",2006,183477522123.894,72.742,27102081.0,147532.1
"Venezuela, RB",2007,230364012575.687,73.058,27525097.0,142388.6
"Venezuela, RB",2008,315953388510.678,72.436,27933833.0,151112.1
"Venezuela, RB",2009,329787628928.471,72.579,28327892.0,152586.3
"Venezuela, RB",2010,393192354510.653,72.89,28715022.0,164101.6
"Venezuela, RB",2011,316482190800.364,72.913,29096159.0,160039.6
"Venezuela, RB",2012,381286237847.667,73.036,29470426.0,181128.8
"Venezuela, RB",2013,371005379786.566,73.196,29838021.0,180422.6
"Venezuela, RB",2014,482359318767.703,72.853,30193258.0,179236.1
"Venezuela, RB",2015,,73.006,30529716.0,163126.9
"Venezuela, RB",2016,,72.058,30741464.0,150466.7
"Venezuela, RB",2017,,71.943,30563433.0,139787.4
"Venezuela, RB",2018,,71.979,29825653.0,130158.0
"Venezuela, RB",2019,,72.161,28971683.0,107502.3
"Venezuela, RB",2020,,71.095,28490453.0,72509.0
"Venezuela, RB",2021,,70.554,28199867.0,
"Venezuela, RB",2022,,,28301696.0,
"Venezuela, RB",2023,,,,
Viet Nam,1990,6471740805.56984,69.213,66912613.0,19327.9
Viet Nam,1991,9613369520.41885,69.849,68358820.0,19796.6
Viet Nam,1992,9866990236.43587,69.958,69788747.0,20812.9
Viet Nam,1993,13180953598.1716,70.621,71176405.0,24244.9
Viet Nam,1994,16286433533.3228,70.759,72501087.0,26682.3
Viet Nam,1995,20736164458.9505,71.384,73759110.0,31401.0
Viet Nam,1996,24657470574.7501,71.51,74946448.0,35033.5
Viet Nam,1997,26843700441.5482,71.802,76058603.0,40842.9
Viet Nam,1998,27209602050.0452,72.107,77128424.0,45473.9
Viet Nam,1999,28683659006.7752,72.317,78123713.0,46412.8
Viet Nam,2000,31172518403.3162,72.462,79001142.0,51207.7
Viet Nam,2001,32685198808.5549,72.647,79817777.0,56722.4
Viet Nam,2002,35064105500.8344,72.801,80642308.0,66495.8
Viet Nam,2003,39552513231.9169,72.98,81475825.0,70903.7
Viet Nam,2004,45427854693.2554,73.135,82311227.0,85051.8
Viet Nam,2005,57633255738.1992,73.271,83142095.0,92368.6
Viet Nam,2006,66371664817.0436,73.319,83951800.0,94869.7
Viet Nam,2007,77414425532.2452,73.436,84762269.0,105137.4
Viet Nam,2008,99130304099.1274,73.411,85597241.0,117585.1
Viet Nam,2009,106014659565.214,73.498,86482923.0,132290.0
Viet Nam,2010,147201173196.979,73.513,87411012.0,151413.5
Viet Nam,2011,172595049183.925,73.692,88349117.0,155973.3
Viet Nam,2012,195590661129.249,73.704,89301326.0,155522.8
Viet Nam,2013,213708811665.34,73.775,90267739.0,164297.4
Viet Nam,2014,233451469642.519,73.855,91235504.0,180698.8
Viet Nam,2015,239258328381.741,73.876,92191398.0,201513.3
Viet Nam,2016,257096001177.982,73.938,93126529.0,222028.5
Viet Nam,2017,281353605986.903,73.963,94033048.0,229877.4
Viet Nam,2018,310106478394.659,73.976,94914330.0,286139.3
Viet Nam,2019,334365270496.667,74.093,95776716.0,341716.8
Viet Nam,2020,346615738537.796,75.378,96648685.0,355323.1
Viet Nam,2021,366137569122.215,73.618,97468029.0,
Viet Nam,2022,408802378904.838,,98186856.0,
Viet Nam,2023,,,,
Vietnam,1990,,,,
Vietnam,1991,,,,
Vietnam,1992,,,,
Vietnam,1993,,,,
Vietnam,1994,,,,
Vietnam,1995,,,,
Vietnam,1996,,,,
Vietnam,1997,,,,
Vietnam,1998,,,,
Vietnam,1999,,,,
Vietnam,2000,,,,
Vietnam,2001,,,,
Vietnam,2002,,,,
Vietnam,2003,,,,
Vietnam,2004,,,,
Vietnam,2005,,,,
Vietnam,2006,,,,
Vietnam,2007,,,,
Vietnam,2008,,,,
Vietnam,2009,,,,
Vietnam,2010,,,,
Vietnam,2011,,,,
Vietnam,2012,,,,
Vietnam,2013,,,,
Vietnam,2014,,,,
Vietnam,2015,,,,
Vietnam,2016,,,,
Vietnam,2017,,,,
Vietnam,2018,,,,
Vietnam,2019,,,,
Vietnam,2020,,,,
Virgin Islands (U.S.),1990,,71.2504634146341,103963.0,
Virgin Islands (U.S.),1991,,71.4517804878049,104807.0,
Virgin Islands (U.S.),1992,,71.652243902439,105712.0,
Virgin Islands (U.S.),1993,,71.8177073170732,106578.0,
Virgin Islands (U.S.),1994,,71.9951219512195,107318.0,
Virgin Islands (U.S.),1995,,72.0099756097561,107818.0,
Virgin Islands (U.S.),1996,,72.3873170731707,108095.0,
Virgin Islands (U.S.),1997,,72.2032926829268,108357.0,
Virgin Islands (U.S.),1998,,72.3258292682927,108537.0,
Virgin Islands (U.S.),1999,,72.1968536585366,108599.0,
Virgin Islands (U.S.),2000,,76.619512195122,108642.0,
Virgin Islands (U.S.),2001,,77.6219512195122,108549.0,
Virgin Islands (U.S.),2002,3262000000.0,77.5219512195122,108509.0,
Virgin Islands (U.S.),2003,3443000000.0,77.5219512195122,108505.0,
Virgin Islands (U.S.),2004,3797000000.0,77.7731707317073,108466.0,
Virgin Islands (U.S.),2005,4428000000.0,77.4219512195122,108453.0,
Virgin Islands (U.S.),2006,4484000000.0,78.3243902439024,108369.0,
Virgin Islands (U.S.),2007,4784000000.0,76.8634146341463,108337.0,
Virgin Islands (U.S.),2008,4244000000.0,77.1634146341463,108397.0,
Virgin Islands (U.S.),2009,4201000000.0,77.5146341463415,108404.0,
Virgin Islands (U.S.),2010,4324000000.0,77.8658536585366,108357.0,
Virgin Islands (U.S.),2011,4223000000.0,78.3170731707317,108290.0,
Virgin Islands (U.S.),2012,4089000000.0,78.5170731707317,108188.0,
Virgin Islands (U.S.),2013,3738000000.0,78.7170731707317,108041.0,
Virgin Islands (U.S.),2014,3565000000.0,78.8682926829268,107882.0,
Virgin Islands (U.S.),2015,3663000000.0,79.0170731707317,107712.0,
Virgin Islands (U.S.),2016,3798000000.0,79.1682926829268,107516.0,
Virgin Islands (U.S.),2017,3794000000.0,79.3682926829268,107281.0,
Virgin Islands (U.S.),2018,3923000000.0,79.5195121951219,107001.0,
Virgin Islands (U.S.),2019,4121000000.0,79.6682926829268,106669.0,
Virgin Islands (U.S.),2020,4189000000.0,79.819512195122,106290.0,
Virgin Islands (U.S.),2021,4444000000.0,80.0682926829268,105870.0,
Virgin Islands (U.S.),2022,,,105413.0,
Virgin Islands (U.S.),2023,,,,
West Bank and Gaza,1990,,67.934,1978248.0,
West Bank and Gaza,1991,,68.306,2068845.0,
West Bank and Gaza,1992,,68.592,2163591.0,
West Bank and Gaza,1993,,68.853,2262676.0,
West Bank and Gaza,1994,2843300000.0,69.413,2366298.0,
West Bank and Gaza,1995,3282800000.0,69.662,2474666.0,
West Bank and Gaza,1996,3409600000.0,70.055,2587997.0,
West Bank and Gaza,1997,3759800000.0,70.396,2706518.0,
West Bank and Gaza,1998,4067800000.0,70.632,2776568.0,
West Bank and Gaza,1999,4271200000.0,70.855,2848431.0,
West Bank and Gaza,2000,4313600000.0,70.388,2922153.0,
West Bank and Gaza,2001,4003700000.0,69.887,2997784.0,
West Bank and Gaza,2002,3555800000.0,70.969,3075373.0,
West Bank and Gaza,2003,3968000000.0,71.053,3154969.0,
West Bank and Gaza,2004,4603100000.0,71.182,3236626.0,
West Bank and Gaza,2005,5125700000.0,72.067,3320396.0,
West Bank and Gaza,2006,5348300000.0,71.915,3406334.0,
West Bank and Gaza,2007,5815700000.0,72.153,3494496.0,
West Bank and Gaza,2008,7310400000.0,72.413,3591977.0,
West Bank and Gaza,2009,8085700000.0,72.608,3689099.0,
West Bank and Gaza,2010,9681500000.0,73.004,3786161.0,
West Bank and Gaza,2011,11186100000.0,73.243,3882986.0,
West Bank and Gaza,2012,12208400000.0,73.466,3979998.0,
West Bank and Gaza,2013,13515500000.0,74.029,4076708.0,
West Bank and Gaza,2014,13989700000.0,72.622,4173398.0,
West Bank and Gaza,2015,13972400000.0,74.406,4270092.0,
West Bank and Gaza,2016,15405400000.0,74.554,4367088.0,
West Bank and Gaza,2017,16128000000.0,74.833,4454805.0,
West Bank and Gaza,2018,16276600000.0,74.793,4569087.0,
West Bank and Gaza,2019,17133500000.0,75.241,4685306.0,
West Bank and Gaza,2020,15531700000.0,74.403,4803269.0,
West Bank and Gaza,2021,18109000000.0,73.473,4922749.0,
West Bank and Gaza,2022,19111900000.0,,5043612.0,
West Bank and Gaza,2023,,,,
World,1990,22935041260489.8,65.1884065143624,5293395467.0,21284042.79
World,1991,23932506768140.4,65.3351902543084,5382536929.0,21440490.2
World,1992,25623906924793.2,65.596375166879,5470164577.0,21390040.84
World,1993,26235071296754.5,65.7802512426198,5556623321.0,21531833.41
World,1994,27997506090383.2,66.0252341714949,5642046034.0,21676894.94
World,1995,31175460550856.0,66.2156579267185,5726736488.0,22299203.28
World,1996,31899770175146.8,66.4800342789931,5811580202.0,22778983.29
World,1997,31797633354814.9,66.8217403477246,5896055962.0,23202623.39
World,1998,31748589989088.3,67.0967795028335,5979726559.0,23365547.83
World,1999,32784571900951.0,67.3871952151346,6062288850.0,23530421.41
World,2000,33898969364124.9,67.7004016982228,6144321462.0,24280271.96
World,2001,33689211605170.5,68.0522403020675,6226348086.0,24644437.95
World,2002,34982494436235.9,68.3332219562297,6308140970.0,24989512.93
World,2003,39219228352258.7,68.6068363929736,6389462496.0,26133423.08
World,2004,44195418733394.3,68.8623052877871,6470924346.0,27331852.94
World,2005,47859243040872.5,69.1987413121306,6552700448.0,28371817.05
World,2006,51862621936457.3,69.5712290558729,6635110367.0,29308175.54
World,2007,58446784385014.8,69.8351145062848,6717567584.0,30418994.07
World,2008,64227645495829.6,70.0061005797189,6801440971.0,30632298.65
World,2009,60885970983715.1,70.4014998432096,6885663352.0,30238050.03
World,2010,66707071764655.3,70.6712007747109,6969985525.0,32095872.94
World,2011,73965141177386.5,71.0082974183007,7054044372.0,33079721.35
World,2012,75612548773168.6,71.2843775568622,7141386257.0,33460087.5
World,2013,77714723867935.6,71.577225864302,7229303088.0,34119894.39
World,2014,79837156825125.5,71.8808756745518,7317040295.0,34261369.66
World,2015,75283270551887.2,72.0943407098952,7403850164.0,34070176.85
World,2016,76518978973662.1,72.3443484475311,7490415449.0,34145652.3
World,2017,81484101071484.5,72.5416951661882,7576441961.0,34687837.09
World,2018,86542678179037.4,72.783210402702,7660371127.0,35560555.79
World,2019,87777403956338.7,72.9791434982166,7741774583.0,35477245.4
World,2020,85272676295874.0,72.2434659125782,7820205606.0,33566427.59
World,2021,97153181162291.0,71.3268654207617,7888305693.0,
World,2022,100879560825391.0,,7950946801.0,
World,2023,,,,
"Yemen, Rep.",1990,12643821568.9626,58.699,13375121.0,6642.3
"Yemen, Rep.",1991,14665445462.1149,59.049,13895851.0,8498.5
"Yemen, Rep.",1992,17959367194.005,59.428,14433771.0,9130.0
"Yemen, Rep.",1993,21736802664.4463,59.859,14988047.0,8552.3
"Yemen, Rep.",1994,28019483763.5304,59.714,15553171.0,9339.6
"Yemen, Rep.",1995,12796345679.0123,60.453,16103339.0,10531.7
"Yemen, Rep.",1996,6496163615.66086,60.568,16614326.0,10799.1
"Yemen, Rep.",1997,6838298530.54911,61.119,17108681.0,11640.7
"Yemen, Rep.",1998,6322175565.94651,61.375,17608133.0,12455.4
"Yemen, Rep.",1999,7639325295.88287,61.975,18114552.0,14059.0
"Yemen, Rep.",2000,9679316770.18633,62.588,18628700.0,15030.5
"Yemen, Rep.",2001,9852990692.98714,63.222,19143457.0,16065.3
"Yemen, Rep.",2002,10693430511.4664,63.906,19660653.0,16093.7
"Yemen, Rep.",2003,11777532662.0499,64.541,20188799.0,18699.7
"Yemen, Rep.",2004,13867634371.4773,65.006,20733406.0,19628.8
"Yemen, Rep.",2005,16731566717.1888,65.543,21320671.0,21105.6
"Yemen, Rep.",2006,19063143369.858,65.988,21966298.0,21918.5
"Yemen, Rep.",2007,21650528674.0933,66.565,22641538.0,23270.2
"Yemen, Rep.",2008,26910855807.288,66.963,23329004.0,24216.2
"Yemen, Rep.",2009,25130278212.5575,67.196,24029589.0,26568.7
"Yemen, Rep.",2010,30906749533.221,67.28,24743946.0,25431.9
"Yemen, Rep.",2011,32726417878.391,67.419,25475610.0,22950.1
"Yemen, Rep.",2012,35401331609.5916,67.343,26223391.0,21012.5
"Yemen, Rep.",2013,40415233436.1767,67.545,26984002.0,27825.0
"Yemen, Rep.",2014,43228585321.3272,67.384,27753304.0,27429.9
"Yemen, Rep.",2015,42444489522.2303,65.873,28516545.0,13552.2
"Yemen, Rep.",2016,31317824943.2073,66.064,29274002.0,10035.2
"Yemen, Rep.",2017,26842228828.5629,65.957,30034389.0,9682.2
"Yemen, Rep.",2018,21606160783.9845,64.575,30790513.0,11349.8
"Yemen, Rep.",2019,,65.092,31546691.0,11194.8
"Yemen, Rep.",2020,,64.65,32284046.0,9960.1
"Yemen, Rep.",2021,,63.753,32981641.0,
"Yemen, Rep.",2022,,,33696614.0,
"Yemen, Rep.",2023,,,,
Zambia,1990,3285217391.30435,47.926,7686401.0,2740.8
Zambia,1991,3376791460.39604,47.097,7880466.0,2876.2
Zambia,1992,3181921787.7095,46.512,8074337.0,2848.0
Zambia,1993,3273505343.85539,46.209,8270917.0,2514.4
Zambia,1994,3656806165.78848,45.854,8474216.0,2143.8
Zambia,1995,3806983413.16416,45.553,8684135.0,2129.5
Zambia,1996,3597220962.00017,45.233,8902019.0,1761.9
Zambia,1997,4303288479.7086,44.945,9133156.0,2285.5
Zambia,1998,3537741941.89367,44.701,9372430.0,2173.0
Zambia,1999,3404284890.5306,44.659,9621238.0,1764.0
Zambia,2000,3600632111.41414,45.231,9891136.0,1807.2
Zambia,2001,4094441301.21423,46.019,10191964.0,1835.28
Zambia,2002,4193850445.42632,46.979,10508294.0,1922.95
Zambia,2003,4901869764.05957,48.284,10837973.0,2084.2
Zambia,2004,6221110219.45542,49.487,11188040.0,2106.2
Zambia,2005,8331870169.14977,50.659,11564870.0,2293.1
Zambia,2006,12756858899.2812,51.795,11971567.0,2177.5
Zambia,2007,14056957976.2648,52.739,12402073.0,1981.6
Zambia,2008,17910858637.9048,53.945,12852966.0,2185.9
Zambia,2009,15328342303.9575,55.3,13318087.0,2485.2
Zambia,2010,20265559483.8548,56.799,13792086.0,2656.9
Zambia,2011,23459515275.5776,57.771,14265814.0,3050.7
Zambia,2012,25503060420.026,58.867,14744658.0,4030.3
Zambia,2013,28037239462.7142,59.878,15234976.0,4238.6
Zambia,2014,27141023558.0829,60.699,15737793.0,4686.0
Zambia,2015,21251216798.7762,61.208,16248230.0,4956.6
Zambia,2016,20958412538.3093,61.794,16767761.0,5315.3
Zambia,2017,25873601260.8353,62.12,17298054.0,6810.7
Zambia,2018,26311507273.6735,62.342,17835893.0,7857.2
Zambia,2019,23308667781.2258,62.793,18380477.0,7615.7
Zambia,2020,18110638269.2238,62.38,18927715.0,7607.1
Zambia,2021,22096416933.7902,61.223,19473125.0,
Zambia,2022,29163782138.3415,,20017675.0,
Zambia,2023,,,,
Zimbabwe,1990,8783816700.0,59.426,10113893.0,16535.5
Zimbabwe,1991,8641481700.0,58.091,10377815.0,18301.0
Zimbabwe,1992,6751472200.0,56.435,10641501.0,18469.6
Zimbabwe,1993,6563813300.0,54.426,10794918.0,17075.6
Zimbabwe,1994,6890675000.0,52.588,10858594.0,15960.5
Zimbabwe,1995,7111270700.0,50.531,10994041.0,15483.6
Zimbabwe,1996,8553146600.0,48.955,11178171.0,14862.0
Zimbabwe,1997,8529571600.0,47.993,11362401.0,13826.1
Zimbabwe,1998,6401968200.0,46.819,11548364.0,14073.1
Zimbabwe,1999,6858013100.0,45.206,11716454.0,15818.1
Zimbabwe,2000,6689957600.0,44.686,11834676.0,13578.9
Zimbabwe,2001,6777384700.0,41.957,11910978.0,13545.4
Zimbabwe,2002,6342116400.0,44.565,11984644.0,12293.4
Zimbabwe,2003,5727591800.0,43.393,12075828.0,10103.3
Zimbabwe,2004,5805598400.0,44.502,12160881.0,9672.3
Zimbabwe,2005,5755215200.0,44.768,12224753.0,10455.9
Zimbabwe,2006,5443896500.0,45.364,12330490.0,9791.8
Zimbabwe,2007,5291950100.0,45.61,12450568.0,9754.3
Zimbabwe,2008,4415702800.0,46.723,12550347.0,7711.6
Zimbabwe,2009,9665793300.0,48.063,12679810.0,7572.7
Zimbabwe,2010,12041655200.0,50.652,12839771.0,9518.0
Zimbabwe,2011,14101920300.0,53.347,13025785.0,11357.6
Zimbabwe,2012,17114849900.0,55.626,13265331.0,11954.9
Zimbabwe,2013,19091020000.0,57.458,13555422.0,12216.8
Zimbabwe,2014,19495519600.0,58.846,13855753.0,12010.7
Zimbabwe,2015,19963120600.0,59.591,14154937.0,11988.7
Zimbabwe,2016,20548678100.0,60.306,14452704.0,10450.2
Zimbabwe,2017,17584890936.6523,60.709,14751101.0,9781.0
Zimbabwe,2018,34156069918.0609,61.414,15052184.0,11069.9
Zimbabwe,2019,21832234921.1762,61.292,15354608.0,10185.3
Zimbabwe,2020,21509698406.6618,61.124,15669666.0,8312.5
Zimbabwe,2021,28371238665.8646,59.253,15993524.0,
Zimbabwe,2022,27366627153.0852,,16320537.0,
Zimbabwe,2023,,,,
